id,category,category_label,topic,difficulty,question,options,answer,solution,source_repo,source_file
quantitative-aptitude-basic-percentages-0001,quantitative-aptitude,Quantitative Aptitude (Numerical Ability),Percentages,basic,What is 25% of 400?,100 | 105 | 97 | 200,100,25% of 400 = (25/100) × 400 = 0.25 × 400 = 100.,rohanmistry231/CSE-Aptitude-Test-Practice-Hub,01 Quantitative Aptitude (Numerical Ability)/01 Basic/README.md
quantitative-aptitude-basic-percentages-0002,quantitative-aptitude,Quantitative Aptitude (Numerical Ability),Percentages,basic,Find 10% of 1500.,150 | 155 | 147 | 300,150,10% of 1500 = (10/100) × 1500 = 0.1 × 1500 = 150.,rohanmistry231/CSE-Aptitude-Test-Practice-Hub,01 Quantitative Aptitude (Numerical Ability)/01 Basic/README.md
quantitative-aptitude-basic-percentages-0003,quantitative-aptitude,Quantitative Aptitude (Numerical Ability),Percentages,basic,"If 20% of a number is 80, what is the number?",400 | 405 | 397 | 800,400,"Let the number be \( x \). Then, 20% of \( x = 80 \). \( 0.2x = 80 \), so \( x = 80 / 0.2 = 400 \).",rohanmistry231/CSE-Aptitude-Test-Practice-Hub,01 Quantitative Aptitude (Numerical Ability)/01 Basic/README.md
quantitative-aptitude-basic-percentages-0004,quantitative-aptitude,Quantitative Aptitude (Numerical Ability),Percentages,basic,What is 5% of 2000?,100 | 105 | 97 | 200,100,5% of 2000 = (5/100) × 2000 = 0.05 × 2000 = 100.,rohanmistry231/CSE-Aptitude-Test-Practice-Hub,01 Quantitative Aptitude (Numerical Ability)/01 Basic/README.md
quantitative-aptitude-basic-percentages-0005,quantitative-aptitude,Quantitative Aptitude (Numerical Ability),Percentages,basic,"If 15% of a number is 45, find the number.",300 | 305 | 297 | 600,300,"Let the number be \( x \). Then, \( 0.15x = 45 \). \( x = 45 / 0.15 = 300 \).",rohanmistry231/CSE-Aptitude-Test-Practice-Hub,01 Quantitative Aptitude (Numerical Ability)/01 Basic/README.md
quantitative-aptitude-basic-percentages-0006,quantitative-aptitude,Quantitative Aptitude (Numerical Ability),Percentages,basic,Calculate 40% of 250.,100 | 105 | 97 | 200,100,40% of 250 = (40/100) × 250 = 0.4 × 250 = 100.,rohanmistry231/CSE-Aptitude-Test-Practice-Hub,01 Quantitative Aptitude (Numerical Ability)/01 Basic/README.md
quantitative-aptitude-basic-percentages-0007,quantitative-aptitude,Quantitative Aptitude (Numerical Ability),Percentages,basic,"If a number increased by 20% gives 240, what is the original number?",200 | 205 | 197 | 400,200,"Let the original number be \( x \). Then, \( x + 0.2x = 240 \). \( 1.2x = 240 \), so \( x = 240 / 1.2 = 200 \).",rohanmistry231/CSE-Aptitude-Test-Practice-Hub,01 Quantitative Aptitude (Numerical Ability)/01 Basic/README.md
quantitative-aptitude-basic-percentages-0008,quantitative-aptitude,Quantitative Aptitude (Numerical Ability),Percentages,basic,What is 30% of 600?,180 | 185 | 177 | 360,180,30% of 600 = (30/100) × 600 = 0.3 × 600 = 180.,rohanmistry231/CSE-Aptitude-Test-Practice-Hub,01 Quantitative Aptitude (Numerical Ability)/01 Basic/README.md
quantitative-aptitude-basic-percentages-0009,quantitative-aptitude,Quantitative Aptitude (Numerical Ability),Percentages,basic,"If 50% of a number is 75, what is the number?",150 | 155 | 147 | 300,150,"Let the number be \( x \). Then, \( 0.5x = 75 \). \( x = 75 / 0.5 = 150 \).",rohanmistry231/CSE-Aptitude-Test-Practice-Hub,01 Quantitative Aptitude (Numerical Ability)/01 Basic/README.md
quantitative-aptitude-basic-percentages-0010,quantitative-aptitude,Quantitative Aptitude (Numerical Ability),Percentages,basic,Find 12.5% of 800.,100 | 105 | 97 | 200,100,12.5% of 800 = (12.5/100) × 800 = 0.125 × 800 = 100.,rohanmistry231/CSE-Aptitude-Test-Practice-Hub,01 Quantitative Aptitude (Numerical Ability)/01 Basic/README.md
quantitative-aptitude-basic-profit-and-loss-0011,quantitative-aptitude,Quantitative Aptitude (Numerical Ability),Profit and Loss,basic,A book is bought for $100 and sold for $120. Find the profit percentage.,20% | 25% | 17% | 40%,20%,Profit = Selling Price - Cost Price = 120 - 100 = 20. Profit % = (Profit / Cost Price) × 100 = (20 / 100) × 100 = 20%.,rohanmistry231/CSE-Aptitude-Test-Practice-Hub,01 Quantitative Aptitude (Numerical Ability)/01 Basic/README.md
quantitative-aptitude-basic-profit-and-loss-0012,quantitative-aptitude,Quantitative Aptitude (Numerical Ability),Profit and Loss,basic,An item is sold for $150 at a loss of $30. What is the cost price?,$180 | $185 | $177 | $360,$180,Cost Price = Selling Price + Loss = 150 + 30 = 180.,rohanmistry231/CSE-Aptitude-Test-Practice-Hub,01 Quantitative Aptitude (Numerical Ability)/01 Basic/README.md
quantitative-aptitude-basic-profit-and-loss-0013,quantitative-aptitude,Quantitative Aptitude (Numerical Ability),Profit and Loss,basic,"If the cost price of an item is $200 and profit is 25%, find the selling price.",$250 | $255 | $247 | $500,$250,Profit = 25% of 200 = 0.25 × 200 = 50. Selling Price = Cost Price + Profit = 200 + 50 = 250.,rohanmistry231/CSE-Aptitude-Test-Practice-Hub,01 Quantitative Aptitude (Numerical Ability)/01 Basic/README.md
quantitative-aptitude-basic-profit-and-loss-0014,quantitative-aptitude,Quantitative Aptitude (Numerical Ability),Profit and Loss,basic,A pen is sold for $8 at a loss of 20%. Find the cost price.,$10 | $15 | $7 | $20,$10,"Let Cost Price be \( x \). Then, Selling Price = 80% of \( x \). \( 0.8x = 8 \), so \( x = 8 / 0.8 = 10 \).",rohanmistry231/CSE-Aptitude-Test-Practice-Hub,01 Quantitative Aptitude (Numerical Ability)/01 Basic/README.md
quantitative-aptitude-basic-profit-and-loss-0015,quantitative-aptitude,Quantitative Aptitude (Numerical Ability),Profit and Loss,basic,"If an article is sold for $300 with a 50% profit, what is the cost price?",$200 | $205 | $197 | $400,$200,"Let Cost Price be \( x \). Then, Selling Price = \( x + 0.5x = 1.5x \). \( 1.5x = 300 \), so \( x = 300 / 1.5 = 200 \).",rohanmistry231/CSE-Aptitude-Test-Practice-Hub,01 Quantitative Aptitude (Numerical Ability)/01 Basic/README.md
quantitative-aptitude-basic-profit-and-loss-0016,quantitative-aptitude,Quantitative Aptitude (Numerical Ability),Profit and Loss,basic,A shirt is bought for $50 and sold for $60. What is the profit percentage?,20% | 25% | 17% | 40%,20%,Profit = 60 - 50 = 10. Profit % = (10 / 50) × 100 = 20%.,rohanmistry231/CSE-Aptitude-Test-Practice-Hub,01 Quantitative Aptitude (Numerical Ability)/01 Basic/README.md
quantitative-aptitude-basic-profit-and-loss-0017,quantitative-aptitude,Quantitative Aptitude (Numerical Ability),Profit and Loss,basic,"If the selling price is $90 and loss is 10%, find the cost price.",$100 | $105 | $97 | $200,$100,"Let Cost Price be \( x \). Then, \( 0.9x = 90 \). \( x = 90 / 0.9 = 100 \).",rohanmistry231/CSE-Aptitude-Test-Practice-Hub,01 Quantitative Aptitude (Numerical Ability)/01 Basic/README.md
quantitative-aptitude-basic-profit-and-loss-0018,quantitative-aptitude,Quantitative Aptitude (Numerical Ability),Profit and Loss,basic,An item is bought for $400 and sold at a 15% profit. Find the selling price.,$460 | $465 | $457 | $920,$460,Profit = 15% of 400 = 0.15 × 400 = 60. Selling Price = 400 + 60 = 460.,rohanmistry231/CSE-Aptitude-Test-Practice-Hub,01 Quantitative Aptitude (Numerical Ability)/01 Basic/README.md
quantitative-aptitude-basic-profit-and-loss-0019,quantitative-aptitude,Quantitative Aptitude (Numerical Ability),Profit and Loss,basic,A watch is sold for $200 at a 25% loss. What is the cost price?,$266.67 | $269.17 | $265.17 | $320,$266.67,"Let Cost Price be \( x \). Then, \( 0.75x = 200 \). \( x = 200 / 0.75 = 800 / 3 \approx 266.67 \).",rohanmistry231/CSE-Aptitude-Test-Practice-Hub,01 Quantitative Aptitude (Numerical Ability)/01 Basic/README.md
quantitative-aptitude-basic-profit-and-loss-0020,quantitative-aptitude,Quantitative Aptitude (Numerical Ability),Profit and Loss,basic,"If profit is $40 and cost price is $160, find the profit percentage.",25% | 30% | 22% | 50%,25%,Profit % = (40 / 160) × 100 = 25%.,rohanmistry231/CSE-Aptitude-Test-Practice-Hub,01 Quantitative Aptitude (Numerical Ability)/01 Basic/README.md
quantitative-aptitude-basic-time-and-work-0021,quantitative-aptitude,Quantitative Aptitude (Numerical Ability),Time and Work,basic,A can do a work in 10 days. How much work does A do in 1 day?,1/10 | 3/10 | 2/10 | 31/10,1/10,Work done by A in 1 day = 1/10.,rohanmistry231/CSE-Aptitude-Test-Practice-Hub,01 Quantitative Aptitude (Numerical Ability)/01 Basic/README.md
quantitative-aptitude-basic-time-and-work-0022,quantitative-aptitude,Quantitative Aptitude (Numerical Ability),Time and Work,basic,B completes a task in 15 days. What is B’s work rate per day?,1/15 | 3/15 | 2/15 | 31/15,1/15,Work rate = 1/15.,rohanmistry231/CSE-Aptitude-Test-Practice-Hub,01 Quantitative Aptitude (Numerical Ability)/01 Basic/README.md
quantitative-aptitude-basic-time-and-work-0023,quantitative-aptitude,Quantitative Aptitude (Numerical Ability),Time and Work,basic,"If C can finish a job in 20 days, how many days will C take to do 1/4 of the job?",5 days | 7 days | 2 days | 10 days,5 days,Work rate of C = 1/20 per day. For 1/4 of the job: Time = (1/4) / (1/20) = 1/4 × 20 = 5 days.,rohanmistry231/CSE-Aptitude-Test-Practice-Hub,01 Quantitative Aptitude (Numerical Ability)/01 Basic/README.md
quantitative-aptitude-basic-time-and-work-0024,quantitative-aptitude,Quantitative Aptitude (Numerical Ability),Time and Work,basic,A worker can paint a wall in 12 hours. How much of the wall is painted in 3 hours?,1/4 | 3/4 | 2/4 | 31/4,1/4,Work rate = 1/12 per hour. Work done in 3 hours = 3 × (1/12) = 3/12 = 1/4.,rohanmistry231/CSE-Aptitude-Test-Practice-Hub,01 Quantitative Aptitude (Numerical Ability)/01 Basic/README.md
quantitative-aptitude-basic-time-and-work-0025,quantitative-aptitude,Quantitative Aptitude (Numerical Ability),Time and Work,basic,"If a machine can produce 100 units in 5 hours, how many units does it produce in 1 hour?",20 units | 25 units | 17 units | 40 units,20 units,Production rate = 100 / 5 = 20 units per hour.,rohanmistry231/CSE-Aptitude-Test-Practice-Hub,01 Quantitative Aptitude (Numerical Ability)/01 Basic/README.md
quantitative-aptitude-basic-time-and-work-0026,quantitative-aptitude,Quantitative Aptitude (Numerical Ability),Time and Work,basic,A can do a work in 8 days. How many days will A take to complete half the work?,4 days | 6 days | 1 days | 8 days,4 days,Work rate = 1/8 per day. For half the work: Time = (1/2) / (1/8) = 1/2 × 8 = 4 days.,rohanmistry231/CSE-Aptitude-Test-Practice-Hub,01 Quantitative Aptitude (Numerical Ability)/01 Basic/README.md
quantitative-aptitude-basic-time-and-work-0027,quantitative-aptitude,Quantitative Aptitude (Numerical Ability),Time and Work,basic,"If 6 workers complete a task in 12 days, how many days will 1 worker take?",72 days | 77 days | 69 days | 144 days,72 days,Total work = 6 × 12 = 72 worker-days. 1 worker’s time = 72 / 1 = 72 days.,rohanmistry231/CSE-Aptitude-Test-Practice-Hub,01 Quantitative Aptitude (Numerical Ability)/01 Basic/README.md
quantitative-aptitude-basic-time-and-work-0028,quantitative-aptitude,Quantitative Aptitude (Numerical Ability),Time and Work,basic,A job is done by D in 30 days. What fraction of the job is done in 10 days?,1/3 | 3/3 | 2/3 | 31/3,1/3,Work rate = 1/30 per day. Work done in 10 days = 10 × (1/30) = 10/30 = 1/3.,rohanmistry231/CSE-Aptitude-Test-Practice-Hub,01 Quantitative Aptitude (Numerical Ability)/01 Basic/README.md
quantitative-aptitude-basic-time-and-work-0029,quantitative-aptitude,Quantitative Aptitude (Numerical Ability),Time and Work,basic,"If E can build a wall in 25 days, how long will it take to build 2/5 of the wall?",10 days | 15 days | 7 days | 20 days,10 days,Work rate = 1/25 per day. Time for 2/5 of the work = (2/5) / (1/25) = 2/5 × 25 = 10 days.,rohanmistry231/CSE-Aptitude-Test-Practice-Hub,01 Quantitative Aptitude (Numerical Ability)/01 Basic/README.md
quantitative-aptitude-basic-time-and-work-0030,quantitative-aptitude,Quantitative Aptitude (Numerical Ability),Time and Work,basic,A printer prints 200 pages in 4 hours. How many pages does it print in 1 hour?,50 pages | 55 pages | 47 pages | 100 pages,50 pages,Printing rate = 200 / 4 = 50 pages per hour.,rohanmistry231/CSE-Aptitude-Test-Practice-Hub,01 Quantitative Aptitude (Numerical Ability)/01 Basic/README.md
quantitative-aptitude-basic-time-and-distance-0031,quantitative-aptitude,Quantitative Aptitude (Numerical Ability),Time and Distance,basic,A car travels 300 km in 5 hours. What is its speed?,60 km/h | 65 km/h | 57 km/h | 120 km/h,60 km/h,Speed = Distance / Time = 300 / 5 = 60 km/h.,rohanmistry231/CSE-Aptitude-Test-Practice-Hub,01 Quantitative Aptitude (Numerical Ability)/01 Basic/README.md
quantitative-aptitude-basic-time-and-distance-0032,quantitative-aptitude,Quantitative Aptitude (Numerical Ability),Time and Distance,basic,A train covers 120 km at a speed of 40 km/h. How long does it take?,3 hours | 5 hours | 1 hours | 6 hours,3 hours,Time = Distance / Speed = 120 / 40 = 3 hours.,rohanmistry231/CSE-Aptitude-Test-Practice-Hub,01 Quantitative Aptitude (Numerical Ability)/01 Basic/README.md
quantitative-aptitude-basic-time-and-distance-0033,quantitative-aptitude,Quantitative Aptitude (Numerical Ability),Time and Distance,basic,A cyclist travels at 15 km/h. How far does she travel in 4 hours?,60 km | 65 km | 57 km | 120 km,60 km,Distance = Speed × Time = 15 × 4 = 60 km.,rohanmistry231/CSE-Aptitude-Test-Practice-Hub,01 Quantitative Aptitude (Numerical Ability)/01 Basic/README.md
quantitative-aptitude-basic-time-and-distance-0034,quantitative-aptitude,Quantitative Aptitude (Numerical Ability),Time and Distance,basic,A bus travels 200 km in 4 hours. What is its speed in km/h?,50 km/h | 55 km/h | 47 km/h | 100 km/h,50 km/h,Speed = 200 / 4 = 50 km/h.,rohanmistry231/CSE-Aptitude-Test-Practice-Hub,01 Quantitative Aptitude (Numerical Ability)/01 Basic/README.md
quantitative-aptitude-basic-time-and-distance-0035,quantitative-aptitude,Quantitative Aptitude (Numerical Ability),Time and Distance,basic,"If a person walks 24 km in 6 hours, what is the speed?",4 km/h | 6 km/h | 1 km/h | 8 km/h,4 km/h,Speed = 24 / 6 = 4 km/h.,rohanmistry231/CSE-Aptitude-Test-Practice-Hub,01 Quantitative Aptitude (Numerical Ability)/01 Basic/README.md
quantitative-aptitude-basic-time-and-distance-0036,quantitative-aptitude,Quantitative Aptitude (Numerical Ability),Time and Distance,basic,A car travels at 60 km/h. How long does it take to cover 180 km?,3 hours | 5 hours | 1 hours | 6 hours,3 hours,Time = 180 / 60 = 3 hours.,rohanmistry231/CSE-Aptitude-Test-Practice-Hub,01 Quantitative Aptitude (Numerical Ability)/01 Basic/README.md
quantitative-aptitude-basic-time-and-distance-0037,quantitative-aptitude,Quantitative Aptitude (Numerical Ability),Time and Distance,basic,A bike travels 50 km at 25 km/h. Find the time taken.,2 hours | 4 hours | 1 hours | 32 hours,2 hours,Time = 50 / 25 = 2 hours.,rohanmistry231/CSE-Aptitude-Test-Practice-Hub,01 Quantitative Aptitude (Numerical Ability)/01 Basic/README.md
quantitative-aptitude-basic-time-and-distance-0038,quantitative-aptitude,Quantitative Aptitude (Numerical Ability),Time and Distance,basic,A runner covers 12 km in 2 hours. What is the speed?,6 km/h | 11 km/h | 3 km/h | 12 km/h,6 km/h,Speed = 12 / 2 = 6 km/h.,rohanmistry231/CSE-Aptitude-Test-Practice-Hub,01 Quantitative Aptitude (Numerical Ability)/01 Basic/README.md
quantitative-aptitude-basic-time-and-distance-0039,quantitative-aptitude,Quantitative Aptitude (Numerical Ability),Time and Distance,basic,A vehicle travels 400 km in 8 hours. What is its speed?,50 km/h | 55 km/h | 47 km/h | 100 km/h,50 km/h,Speed = 400 / 8 = 50 km/h.,rohanmistry231/CSE-Aptitude-Test-Practice-Hub,01 Quantitative Aptitude (Numerical Ability)/01 Basic/README.md
quantitative-aptitude-basic-time-and-distance-0040,quantitative-aptitude,Quantitative Aptitude (Numerical Ability),Time and Distance,basic,"If a train travels at 80 km/h, how far does it go in 3 hours?",240 km | 245 km | 237 km | 480 km,240 km,Distance = 80 × 3 = 240 km.,rohanmistry231/CSE-Aptitude-Test-Practice-Hub,01 Quantitative Aptitude (Numerical Ability)/01 Basic/README.md
quantitative-aptitude-basic-ratios-and-proportions-0041,quantitative-aptitude,Quantitative Aptitude (Numerical Ability),Ratios and Proportions,basic,"If the ratio of two numbers is 2:3 and their sum is 50, find the numbers.",20 and 30 | 25 and 30 | 17 and 30 | 40 and 30,20 and 30,"Let the numbers be \( 2x \) and \( 3x \). \( 2x + 3x = 50 \), so \( 5x = 50 \), \( x = 10 \). Numbers are \( 2x = 20 \), \( 3x = 30 \).",rohanmistry231/CSE-Aptitude-Test-Practice-Hub,01 Quantitative Aptitude (Numerical Ability)/01 Basic/README.md
quantitative-aptitude-basic-ratios-and-proportions-0042,quantitative-aptitude,Quantitative Aptitude (Numerical Ability),Ratios and Proportions,basic,Divide $120 in the ratio 3:5.,$45 and $75 | $50 and $75 | $42 and $75 | $90 and $75,$45 and $75,Total parts = 3 + 5 = 8. First part = (3/8) × 120 = 45. Second part = (5/8) × 120 = 75.,rohanmistry231/CSE-Aptitude-Test-Practice-Hub,01 Quantitative Aptitude (Numerical Ability)/01 Basic/README.md
quantitative-aptitude-basic-ratios-and-proportions-0043,quantitative-aptitude,Quantitative Aptitude (Numerical Ability),Ratios and Proportions,basic,"If A:B = 4:7 and B = 14, find A.",8 | 13 | 5 | 16,8,"Let A = \( 4x \), B = \( 7x \). Given \( 7x = 14 \), so \( x = 2 \). A = \( 4x = 4 \times 2 = 8 \).",rohanmistry231/CSE-Aptitude-Test-Practice-Hub,01 Quantitative Aptitude (Numerical Ability)/01 Basic/README.md
quantitative-aptitude-basic-ratios-and-proportions-0044,quantitative-aptitude,Quantitative Aptitude (Numerical Ability),Ratios and Proportions,basic,"The ratio of ages of two people is 5:6. If the sum of their ages is 44, find their ages.",20 and 24 years | 25 and 24 years | 17 and 24 years | 40 and 24 years,20 and 24 years,"Let ages be \( 5x \) and \( 6x \). \( 5x + 6x = 44 \), so \( 11x = 44 \), \( x = 4 \). Ages are \( 5x = 20 \), \( 6x = 24 \).",rohanmistry231/CSE-Aptitude-Test-Practice-Hub,01 Quantitative Aptitude (Numerical Ability)/01 Basic/README.md
quantitative-aptitude-basic-ratios-and-proportions-0045,quantitative-aptitude,Quantitative Aptitude (Numerical Ability),Ratios and Proportions,basic,"If 2:5 :: x:20, find x.",8 | 13 | 5 | 16,8,"For proportions, \( 2/5 = x/20 \). \( x = (2 \times 20) / 5 = 40 / 5 = 8 \).",rohanmistry231/CSE-Aptitude-Test-Practice-Hub,01 Quantitative Aptitude (Numerical Ability)/01 Basic/README.md
quantitative-aptitude-basic-ratios-and-proportions-0046,quantitative-aptitude,Quantitative Aptitude (Numerical Ability),Ratios and Proportions,basic,Divide 180 in the ratio 1:2:3.,"30, 60, 90 | 35, 60, 90 | 27, 60, 90 | 60, 60, 90","30, 60, 90",Total parts = 1 + 2 + 3 = 6. First part = (1/6) × 180 = 30. Second part = (2/6) × 180 = 60. Third part = (3/6) × 180 = 90.,rohanmistry231/CSE-Aptitude-Test-Practice-Hub,01 Quantitative Aptitude (Numerical Ability)/01 Basic/README.md
quantitative-aptitude-basic-ratios-and-proportions-0047,quantitative-aptitude,Quantitative Aptitude (Numerical Ability),Ratios and Proportions,basic,"If the ratio of two quantities is 3:4 and the smaller quantity is 12, find the larger quantity.",16 | 21 | 13 | 32,16,"Let smaller quantity = \( 3x \), larger = \( 4x \). Given \( 3x = 12 \), so \( x = 4 \). Larger quantity = \( 4x = 4 \times 4 = 16 \).",rohanmistry231/CSE-Aptitude-Test-Practice-Hub,01 Quantitative Aptitude (Numerical Ability)/01 Basic/README.md
quantitative-aptitude-basic-ratios-and-proportions-0048,quantitative-aptitude,Quantitative Aptitude (Numerical Ability),Ratios and Proportions,basic,"If A:B = 2:3 and B:C = 4:5, find A:C.",8:15 | 13:15 | 5:15 | 16:15,8:15,"Make B common. B = 3 in A:B, B = 4 in B:C. LCM of 3 and 4 = 12. A:B = 2:3 = 8:12 (multiply by 4). B:C = 4:5 = 12:15 (multiply by 3). A:B:C = 8:12:15, so A:C = 8:15.",rohanmistry231/CSE-Aptitude-Test-Practice-Hub,01 Quantitative Aptitude (Numerical Ability)/01 Basic/README.md
quantitative-aptitude-basic-ratios-and-proportions-0049,quantitative-aptitude,Quantitative Aptitude (Numerical Ability),Ratios and Proportions,basic,"If 3:8 :: 12:x, find x.",32 | 37 | 29 | 64,32,"\( 3/8 = 12/x \), so \( x = (8 \times 12) / 3 = 96 / 3 = 32 \).",rohanmistry231/CSE-Aptitude-Test-Practice-Hub,01 Quantitative Aptitude (Numerical Ability)/01 Basic/README.md
quantitative-aptitude-basic-ratios-and-proportions-0050,quantitative-aptitude,Quantitative Aptitude (Numerical Ability),Ratios and Proportions,basic,The ratio of two numbers is 7:9 and their difference is 14. Find the numbers.,49 | 54 | 46 | 98,49,"Let numbers be \( 7x \) and \( 9x \). \( 9x - 7x = 14 \), so \( 2x = 14 \), \( x = 7 \). Numbers are \( 7x = 49 \times 7 = 63 \), \( 9x = 63 \). Smaller number = 49.",rohanmistry231/CSE-Aptitude-Test-Practice-Hub,01 Quantitative Aptitude (Numerical Ability)/01 Basic/README.md
quantitative-aptitude-basic-averages-0051,quantitative-aptitude,Quantitative Aptitude (Numerical Ability),Averages,basic,"Find the average of 10, 20, 30, 40.",25 | 30 | 22 | 50,25,Average = (10 + 20 + 30 + 40) / 4 = 100 / 4 = 25.,rohanmistry231/CSE-Aptitude-Test-Practice-Hub,01 Quantitative Aptitude (Numerical Ability)/01 Basic/README.md
quantitative-aptitude-basic-averages-0052,quantitative-aptitude,Quantitative Aptitude (Numerical Ability),Averages,basic,The average of 5 numbers is 50. Find their sum.,250 | 255 | 247 | 500,250,Sum = 5 × 50 = 250.,rohanmistry231/CSE-Aptitude-Test-Practice-Hub,01 Quantitative Aptitude (Numerical Ability)/01 Basic/README.md
quantitative-aptitude-basic-averages-0053,quantitative-aptitude,Quantitative Aptitude (Numerical Ability),Averages,basic,The average of 3 numbers is 15. What is their sum?,45 | 50 | 42 | 90,45,Sum = 3 \times 15 = 45.,rohanmistry231/CSE-Aptitude-Test-Practice-Hub,01 Quantitative Aptitude (Numerical Ability)/01 Basic/README.md
quantitative-aptitude-basic-averages-0054,quantitative-aptitude,Quantitative Aptitude (Numerical Ability),Averages,basic,"Find the average of 12, 18, 24.",18 | 23 | 15 | 36,18,Average = (12 + 18 + 24) / 3 = 54. / 3 = 18.,rohanmistry231/CSE-Aptitude-Test-Practice-Hub,01 Quantitative Aptitude (Numerical Ability)/01 Basic/README.md
quantitative-aptitude-basic-averages-0055,quantitative-aptitude,Quantitative Aptitude (Numerical Ability),Averages,basic,"If the average of 4 numbers is 25, what is the sum of the numbers?",100 | 105 | 97 | 200,100,Sum = 4 × 25 = 100.,rohanmistry231/CSE-Aptitude-Test-Practice-Hub,01 Quantitative Aptitude (Numerical Ability)/01 Basic/README.md
quantitative-aptitude-basic-averages-0056,quantitative-aptitude,Quantitative Aptitude (Numerical Ability),Averages,basic,"The average of 7, 14, and 21 is what?",14 | 19 | 11 | 28,14,Average = (7 + 14 + 21) / 3 = 42 / 3 = 14.,rohanmistry231/CSE-Aptitude-Test-Practice-Hub,01 Quantitative Aptitude (Numerical Ability)/01 Basic/README.md
quantitative-aptitude-basic-averages-0057,quantitative-aptitude,Quantitative Aptitude (Numerical Ability),Averages,basic,"The average of 5 scores is 20. If one score is 30, what is the sum of the other 4 scores?",70 | 75 | 67 | 140,70,Total sum = 5 × 20 = 100. Sum of other 4 scores = 100 − 30 = 70.,rohanmistry231/CSE-Aptitude-Test-Practice-Hub,01 Quantitative Aptitude (Numerical Ability)/01 Basic/README.md
quantitative-aptitude-basic-averages-0058,quantitative-aptitude,Quantitative Aptitude (Numerical Ability),Averages,basic,"Find the average of 5, 10, 15, 20, 25.",15 | 20 | 12 | 30,15,Average = (5 + 10 + 15 + 20 + 25) / 5 = 75 / 5 = 15.,rohanmistry231/CSE-Aptitude-Test-Practice-Hub,01 Quantitative Aptitude (Numerical Ability)/01 Basic/README.md
quantitative-aptitude-basic-averages-0059,quantitative-aptitude,Quantitative Aptitude (Numerical Ability),Averages,basic,"The average of 6 numbers is 12. If one number is 18, what is the average of the remaining 5 numbers?",10.8 | 13.3 | 9.3 | 12.96,10.8,Total sum = 6 \times 12 = 72. Sum of 5 numbers = 72 − 18 = 54. Average = 54 / 5 = 10.8.,rohanmistry231/CSE-Aptitude-Test-Practice-Hub,01 Quantitative Aptitude (Numerical Ability)/01 Basic/README.md
quantitative-aptitude-basic-averages-0060,quantitative-aptitude,Quantitative Aptitude (Numerical Ability),Averages,basic,The average of 4 weights is 50 kg. What is their total weight?,200 kg | 205 kg | 197 kg | 400 kg,200 kg,Total weight = 4 × 50 = 200 kg.,rohanmistry231/CSE-Aptitude-Test-Practice-Hub,01 Quantitative Aptitude (Numerical Ability)/01 Basic/README.md
quantitative-aptitude-basic-simple-interest-0061,quantitative-aptitude,Quantitative Aptitude (Numerical Ability),Simple Interest,basic,Find the simple interest on $1000 at 5% per annum for 2 years.,$100 | $105 | $97 | $200,$100,Simple Interest = (Principal × Rate × Time) / 100 = (1000 × \5 \times 100) = 100.,rohanmistry231/CSE-Aptitude-Test-Practice-Hub,01 Quantitative Aptitude (Numerical Ability)/01 Basic/README.md
quantitative-aptitude-basic-simple-interest-0062,quantitative-aptitude,Quantitative Aptitude (Numerical Ability),Simple Interest,basic,Calculate the simple interest on $500 at 4% for 3 years.,$60 | $65 | $57 | $120,$60,SI = (500 \times 4 \times 3) / 100 = 60.,rohanmistry231/CSE-Aptitude-Test-Practice-Hub,01 Quantitative Aptitude (Numerical Ability)/01 Basic/README.md
quantitative-aptitude-basic-simple-interest-0063,quantitative-aptitude,Quantitative Aptitude (Numerical Ability),Simple Interest,basic,"If the simple interest on a sum is $120 at 6% for 2 years, find the principal.",$1000 | $1005 | $997 | $2000,$1000,"SI = (Principal × Rate × Time) / 100. \( 120 = (P \times 6 \times 2) / 100 \), so \( 120 = P \times 12 / 100 \). \( P = (120 \times 100) / 12 = 1000 \).",rohanmistry231/CSE-Aptitude-Test-Practice-Hub,01 Quantitative Aptitude (Numerical Ability)/01 Basic/README.md
quantitative-aptitude-basic-simple-interest-0064,quantitative-aptitude,Quantitative Aptitude (Numerical Ability),Simple Interest,basic,Find the simple interest on $2000 at 3% per annum for 5 years.,$300 | $305 | $297 | $600,$300,SI = (2000 \times 3 \times 5) / 100 = 300 \).,rohanmistry231/CSE-Aptitude-Test-Practice-Hub,01 Quantitative Aptitude (Numerical Ability)/01 Basic/README.md
quantitative-aptitude-basic-simple-interest-0065,quantitative-aptitude,Quantitative Aptitude (Numerical Ability),Simple Interest,basic,What is the rate if simple interest on $400 is $80 for 4 years?,5% | 7% | 2% | 10%,5%,"\( 80 = (400 \times R \times 4) / 100 \), so \( 80 = (400 \times R \times 4 / 100 \). \( R = (80 \times 100) / (400 \times 4) = 8000 / 1600 = 5 \).",rohanmistry231/CSE-Aptitude-Test-Practice-Hub,01 Quantitative Aptitude (Numerical Ability)/01 Basic/README.md
quantitative-aptitude-basic-simple-interest-0066,quantitative-aptitude,Quantitative Aptitude (Numerical Ability),Simple Interest,basic,Find the time if simple interest on $600 is $90 at 5% per annum.,3 years | 5 years | 1 years | 6 years,3 years,"\( 90 = (600 \times 5 \times T) / 100 \), so \( T90 = 600 \times 5 \times T / 100 \). \( T = (90 \times 100) / (600 \times 5) = 9000 / 3000 = 3 \).",rohanmistry231/CSE-Aptitude-Test-Practice-Hub,01 Quantitative Aptitude (Numerical Ability)/01 Basic/README.md
quantitative-aptitude-basic-simple-interest-0067,quantitative-aptitude,Quantitative Aptitude (Numerical Ability),Simple Interest,basic,Calculate simple interest on $1500 at 7% for 2 years.,$210 | $215 | $207 | $420,$210,SI = (1500 \times 7 \times 2) / 100 = 210 \).,rohanmistry231/CSE-Aptitude-Test-Practice-Hub,01 Quantitative Aptitude (Numerical Ability)/01 Basic/README.md
quantitative-aptitude-basic-simple-interest-0068,quantitative-aptitude,Quantitative Aptitude (Numerical Ability),Simple Interest,basic,"If simple interest is $200 on a sum at 8% for 5 years, find the principal.",$500 | $505 | $497 | $1000,$500,"\( 200 = (P \times 8 \times 5) / 100 \), so \( P200 = P \times 40 / 100 \). \( P = (200 \times 100) / 40 = 500 \).",rohanmistry231/CSE-Aptitude-Test-Practice-Hub,01 Quantitative Aptitude (Numerical Ability)/01 Basic/README.md
quantitative-aptitude-basic-simple-interest-0069,quantitative-aptitude,Quantitative Aptitude (Numerical Ability),Simple Interest,basic,Find the simple interest on $800 at 2.5% for 4 years.,$80 | $85 | $77 | $160,$80,SI = (800 \times 2.5 \times 4) / 100 = 80 \).,rohanmistry231/CSE-Aptitude-Test-Practice-Hub,01 Quantitative Aptitude (Numerical Ability)/01 Basic/README.md
quantitative-aptitude-basic-simple-interest-0070,quantitative-aptitude,Quantitative Aptitude (Numerical Ability),Simple Interest,basic,What is the principal if simple interest is $75 at 3% for 5 years?,$500 | $505 | $497 | $1000,$500,"\( 75 = (P \times 3 \times 5) / 100 \), so \( P75 = P \times 15 / 100 \). \( P = (75 \times 100) / 15 = 500 \).",rohanmistry231/CSE-Aptitude-Test-Practice-Hub,01 Quantitative Aptitude (Numerical Ability)/01 Basic/README.md
quantitative-aptitude-basic-number-systems-0071,quantitative-aptitude,Quantitative Aptitude (Numerical Ability),Number Systems,basic,What is the sum of the first 5 odd numbers?,25 | 30 | 22 | 50,25,"First 5 odd numbers: 1, 3, 5, 7, 9. Sum = 1 + 3 + 5 + 7 + 9 = 25.",rohanmistry231/CSE-Aptitude-Test-Practice-Hub,01 Quantitative Aptitude (Numerical Ability)/01 Basic/README.md
quantitative-aptitude-basic-number-systems-0072,quantitative-aptitude,Quantitative Aptitude (Numerical Ability),Number Systems,basic,Find the product of 12 and 5.,60 | 65 | 57 | 120,60,12 × 5 = 60.,rohanmistry231/CSE-Aptitude-Test-Practice-Hub,01 Quantitative Aptitude (Numerical Ability)/01 Basic/README.md
quantitative-aptitude-basic-number-systems-0073,quantitative-aptitude,Quantitative Aptitude (Numerical Ability),Number Systems,basic,What is the square of 7?,49 | 54 | 46 | 98,49,\( 7^2 = 7 \times 7 = 49 \).,rohanmistry231/CSE-Aptitude-Test-Practice-Hub,01 Quantitative Aptitude (Numerical Ability)/01 Basic/README.md
quantitative-aptitude-basic-number-systems-0074,quantitative-aptitude,Quantitative Aptitude (Numerical Ability),Number Systems,basic,Find the cube of 4.,64 | 69 | 61 | 128,64,\( 4^3 = 4 \times 4 \times 4 = 64 \).,rohanmistry231/CSE-Aptitude-Test-Practice-Hub,01 Quantitative Aptitude (Numerical Ability)/01 Basic/README.md
quantitative-aptitude-basic-number-systems-0075,quantitative-aptitude,Quantitative Aptitude (Numerical Ability),Number Systems,basic,What is the sum of the first 4 even numbers?,20 | 25 | 17 | 40,20,"First 4 even numbers: 2, 4, 6, 8. Sum = 2 + 4 + 6 + 8 = 20.",rohanmistry231/CSE-Aptitude-Test-Practice-Hub,01 Quantitative Aptitude (Numerical Ability)/01 Basic/README.md
quantitative-aptitude-basic-number-systems-0076,quantitative-aptitude,Quantitative Aptitude (Numerical Ability),Number Systems,basic,"If a number is divisible by both 2 and 3, is it divisible by 6?",Yes | None of the above | Both Yes... and alternative | Insufficient data,Yes,"A number divisible by 2 and 3 is divisible by their LCM, which is 6.",rohanmistry231/CSE-Aptitude-Test-Practice-Hub,01 Quantitative Aptitude (Numerical Ability)/01 Basic/README.md
quantitative-aptitude-basic-number-systems-0077,quantitative-aptitude,Quantitative Aptitude (Numerical Ability),Number Systems,basic,Find the square root of 16.,4 | 6 | 1 | 8,4,\( \sqrt{16} = 4 \).,rohanmistry231/CSE-Aptitude-Test-Practice-Hub,01 Quantitative Aptitude (Numerical Ability)/01 Basic/README.md
quantitative-aptitude-basic-number-systems-0078,quantitative-aptitude,Quantitative Aptitude (Numerical Ability),Number Systems,basic,What is 15 divided by 3?,5 | 7 | 2 | 10,5,15 / 3 = 5.,rohanmistry231/CSE-Aptitude-Test-Practice-Hub,01 Quantitative Aptitude (Numerical Ability)/01 Basic/README.md
quantitative-aptitude-basic-number-systems-0079,quantitative-aptitude,Quantitative Aptitude (Numerical Ability),Number Systems,basic,"Find the sum of 7, 14, and 21.",42 | 47 | 39 | 84,42,7 + 14 + 21 = 42.,rohanmistry231/CSE-Aptitude-Test-Practice-Hub,01 Quantitative Aptitude (Numerical Ability)/01 Basic/README.md
quantitative-aptitude-basic-number-systems-0080,quantitative-aptitude,Quantitative Aptitude (Numerical Ability),Number Systems,basic,What is the product of 8 and 6?,48 | 53 | 45 | 96,48,8 × 6 = 48.,rohanmistry231/CSE-Aptitude-Test-Practice-Hub,01 Quantitative Aptitude (Numerical Ability)/01 Basic/README.md
quantitative-aptitude-basic-miscellaneous-0081,quantitative-aptitude,Quantitative Aptitude (Numerical Ability),Miscellaneous,basic,"If a rectangle has length 10 cm and width 5 cm, find its area.",50 cm² | 55 cm² | 47 cm² | 100 cm²,50 cm²,Area = Length × Width = 10 × 5 = 50 cm².,rohanmistry231/CSE-Aptitude-Test-Practice-Hub,01 Quantitative Aptitude (Numerical Ability)/01 Basic/README.md
quantitative-aptitude-basic-miscellaneous-0082,quantitative-aptitude,Quantitative Aptitude (Numerical Ability),Miscellaneous,basic,"A tank holds 100 liters. If 20 liters are used, how much is left?",80 liters | 85 liters | 77 liters | 160 liters,80 liters,Remaining = 100 - 20 = 80 liters.,rohanmistry231/CSE-Aptitude-Test-Practice-Hub,01 Quantitative Aptitude (Numerical Ability)/01 Basic/README.md
quantitative-aptitude-basic-miscellaneous-0083,quantitative-aptitude,Quantitative Aptitude (Numerical Ability),Miscellaneous,basic,"If 1 kg of apples costs $50, what is the cost of 3 kg?",$150 | $155 | $147 | $300,$150,Cost = 3 × 50 = $150.,rohanmistry231/CSE-Aptitude-Test-Practice-Hub,01 Quantitative Aptitude (Numerical Ability)/01 Basic/README.md
quantitative-aptitude-basic-miscellaneous-0084,quantitative-aptitude,Quantitative Aptitude (Numerical Ability),Miscellaneous,basic,A clock shows 3:00. What time is it after 2 hours?,5:00 | 7:00 | 2:00 | 10:00,5:00,3:00 + 2 hours = 5:00.,rohanmistry231/CSE-Aptitude-Test-Practice-Hub,01 Quantitative Aptitude (Numerical Ability)/01 Basic/README.md
quantitative-aptitude-basic-miscellaneous-0085,quantitative-aptitude,Quantitative Aptitude (Numerical Ability),Miscellaneous,basic,"If a circle has radius 7 cm, find its circumference (use π = 3.14).",43.96 cm | 46.46 cm | 42.46 cm | 52.75 cm,43.96 cm,Circumference = \( 2 \pi r = 2 \times 3.14 \times 7 = 43.96 \) cm.,rohanmistry231/CSE-Aptitude-Test-Practice-Hub,01 Quantitative Aptitude (Numerical Ability)/01 Basic/README.md
quantitative-aptitude-basic-miscellaneous-0086,quantitative-aptitude,Quantitative Aptitude (Numerical Ability),Miscellaneous,basic,"If 5 pens cost $25, what is the cost of 1 pen?",$5 | $7 | $2 | $10,$5,Cost per pen = 25 / 5 = 5.,rohanmistry231/CSE-Aptitude-Test-Practice-Hub,01 Quantitative Aptitude (Numerical Ability)/01 Basic/README.md
quantitative-aptitude-basic-miscellaneous-0087,quantitative-aptitude,Quantitative Aptitude (Numerical Ability),Miscellaneous,basic,"A bag contains 60 candies. If 15 are eaten, how many remain?",45 candies | 50 candies | 42 candies | 90 candies,45 candies,Remaining = 60 − 15 = 45.,rohanmistry231/CSE-Aptitude-Test-Practice-Hub,01 Quantitative Aptitude (Numerical Ability)/01 Basic/README.md
quantitative-aptitude-basic-miscellaneous-0088,quantitative-aptitude,Quantitative Aptitude (Numerical Ability),Miscellaneous,basic,"If a square has side 6 cm, find its perimeter.",24 cm | 29 cm | 21 cm | 48 cm,24 cm,Perimeter = 4 × Side = 4 × 6 = 24 cm.,rohanmistry231/CSE-Aptitude-Test-Practice-Hub,01 Quantitative Aptitude (Numerical Ability)/01 Basic/README.md
quantitative-aptitude-basic-miscellaneous-0089,quantitative-aptitude,Quantitative Aptitude (Numerical Ability),Miscellaneous,basic,"If 1 meter of cloth costs $30, how much does 4 meters cost?",$120 | $125 | $117 | $240,$120,Cost = 4 × 30 = $120.,rohanmistry231/CSE-Aptitude-Test-Practice-Hub,01 Quantitative Aptitude (Numerical Ability)/01 Basic/README.md
quantitative-aptitude-basic-miscellaneous-0090,quantitative-aptitude,Quantitative Aptitude (Numerical Ability),Miscellaneous,basic,"If a bottle contains 500 mL and 200 mL is poured out, how much is left?",300 mL | 305 mL | 297 mL | 600 mL,300 mL,Left = 500 − 200 = 300 mL.,rohanmistry231/CSE-Aptitude-Test-Practice-Hub,01 Quantitative Aptitude (Numerical Ability)/01 Basic/README.md
quantitative-aptitude-basic-miscellaneous-0091,quantitative-aptitude,Quantitative Aptitude (Numerical Ability),Miscellaneous,basic,A man can walk 20 km in 4 hours. How far does he walk in 1 hour?,5 km | 7 km | 2 km | 10 km,5 km,Speed = 20 / 4 = 5 km/h. Distance in 1 hour = 5 km.,rohanmistry231/CSE-Aptitude-Test-Practice-Hub,01 Quantitative Aptitude (Numerical Ability)/01 Basic/README.md
quantitative-aptitude-basic-miscellaneous-0092,quantitative-aptitude,Quantitative Aptitude (Numerical Ability),Miscellaneous,basic,"If 2 liters of milk cost $4, what is the cost of 1 liter?",$2 | $4 | $1 | $32,$2,Cost per liter = 4 / 2 = $2.,rohanmistry231/CSE-Aptitude-Test-Practice-Hub,01 Quantitative Aptitude (Numerical Ability)/01 Basic/README.md
quantitative-aptitude-basic-miscellaneous-0093,quantitative-aptitude,Quantitative Aptitude (Numerical Ability),Miscellaneous,basic,A box contains 24 chocolates equally shared among 6 children. How many does each get?,4 chocolates | 6 chocolates | 1 chocolates | 8 chocolates,4 chocolates,Each gets = 24 / 6 = 4.,rohanmistry231/CSE-Aptitude-Test-Practice-Hub,01 Quantitative Aptitude (Numerical Ability)/01 Basic/README.md
quantitative-aptitude-basic-miscellaneous-0094,quantitative-aptitude,Quantitative Aptitude (Numerical Ability),Miscellaneous,basic,"If a number increased by 10 is 110. equals, what is the original number?",100 | 105 | 97 | 200,100,"Let the number be \( x \). Then, \( x + 10 = 110 \). \( x = 110 − 110 - 10 =110 \). 10 = 100.",rohanmistry231/CSE-Aptitude-Test-Practice-Hub,01 Quantitative Aptitude (Numerical Ability)/01 Basic/README.md
quantitative-aptitude-basic-miscellaneous-0095,quantitative-aptitude,Quantitative Aptitude (Numerical Ability),Miscellaneous,basic,"A shelf holds 50 books. If 20 are removed, how many remain left?",30 books | 35 books | 27 books | 60 books,30 books,Remaining = 50 − 20 −= 50. 30,rohanmistry231/CSE-Aptitude-Test-Practice-Hub,01 Quantitative Aptitude (Numerical Ability)/01 Basic/README.md
quantitative-aptitude-basic-miscellaneous-0096,quantitative-aptitude,Quantitative Aptitude (Numerical Ability),Miscellaneous,basic,"If a train travels 150 km in 3 hours. hours, what is its speed?",50 km/h | 55 km/h | 47 km/h | 100 km/h,50 km/h,Speed = 150 / 3 = 50 km/h.,rohanmistry231/CSE-Aptitude-Test-Practice-Hub,01 Quantitative Aptitude (Numerical Ability)/01 Basic/README.md
quantitative-aptitude-basic-miscellaneous-0097,quantitative-aptitude,Quantitative Aptitude (Numerical Ability),Miscellaneous,basic,"If a worker earns $120 in 3 days. days, how much does he earn in 1 day?",$40 | $45 | $37 | $80,$40,Earning per day = 120 / 3 = $40.,rohanmistry231/CSE-Aptitude-Test-Practice-Hub,01 Quantitative Aptitude (Numerical Ability)/01 Basic/README.md
quantitative-aptitude-basic-miscellaneous-0098,quantitative-aptitude,Quantitative Aptitude (Numerical Ability),Miscellaneous,basic,"If 3 notebooks cost $15, what is the cost of 1 notebook?",$5 | $7 | $2 | $10,$5,Cost per notebook = 15 / 3 = $5.,rohanmistry231/CSE-Aptitude-Test-Practice-Hub,01 Quantitative Aptitude (Numerical Ability)/01 Basic/README.md
quantitative-aptitude-basic-miscellaneous-0099,quantitative-aptitude,Quantitative Aptitude (Numerical Ability),Miscellaneous,basic,A car travels at a 30 km/h. How far. does it go in 2 hours?,60 km | 65 km | 57 km | 120 km,60 km,Distance = 30 × 2 = 60 km. km,rohanmistry231/CSE-Aptitude-Test-Practice-Hub,01 Quantitative Aptitude (Numerical Ability)/01 Basic/README.md
quantitative-aptitude-intermediate-percentages-0001,quantitative-aptitude,Quantitative Aptitude (Numerical Ability),Percentages,intermediate,"A number is increased by 20% and then decreased by 10%. If the final number is 264, find the original number.",244.44 | 246.94 | 242.94 | 293.33,244.44,Let the original number be \( x \). After 20% increase: \( 1.2x \). After 10% decrease: \( 1.2x \times 0.9 = 1.08x \). Given \( 1.08x = 264 \). \( x = 264 / 1.08 = 244.44 \).,rohanmistry231/CSE-Aptitude-Test-Practice-Hub,01 Quantitative Aptitude (Numerical Ability)/02 Intermediate/README.md
quantitative-aptitude-intermediate-percentages-0002,quantitative-aptitude,Quantitative Aptitude (Numerical Ability),Percentages,intermediate,"If 30% of a number is 45, what is 40% of that number?",60 | 65 | 57 | 120,60,"Let the number be \( x \). Given \( 0.3x = 45 \), so \( x = 45 / 0.3 = 150 \). 40% of 150 = \( 0.4 \times 150 = 60 \).",rohanmistry231/CSE-Aptitude-Test-Practice-Hub,01 Quantitative Aptitude (Numerical Ability)/02 Intermediate/README.md
quantitative-aptitude-intermediate-percentages-0003,quantitative-aptitude,Quantitative Aptitude (Numerical Ability),Percentages,intermediate,A salary of $5000 is increased by 15%. What is the new salary?,$5750 | $5755 | $5747 | $11500,$5750,Increase = \( 15\% \times 5000 = 0.15 \times 5000 = 750 \). New salary = \( 5000 + 750 = 5750 \).,rohanmistry231/CSE-Aptitude-Test-Practice-Hub,01 Quantitative Aptitude (Numerical Ability)/02 Intermediate/README.md
quantitative-aptitude-intermediate-percentages-0004,quantitative-aptitude,Quantitative Aptitude (Numerical Ability),Percentages,intermediate,"If a price is reduced by 25% and the new price is $150, what was the original price?",$200 | $205 | $197 | $400,$200,Let original price be \( x \). New price = \( 0.75x = 150 \). \( x = 150 / 0.75 = 200 \).,rohanmistry231/CSE-Aptitude-Test-Practice-Hub,01 Quantitative Aptitude (Numerical Ability)/02 Intermediate/README.md
quantitative-aptitude-intermediate-percentages-0005,quantitative-aptitude,Quantitative Aptitude (Numerical Ability),Percentages,intermediate,"A number is decreased by 10% and then increased by 20%. If the final result is 264, find the original number.",244.44 | 246.94 | 242.94 | 293.33,244.44,Let original number be \( x \). After 10% decrease: \( 0.9x \). After 20% increase: \( 0.9x \times 1.2 = 1.08x \). Given \( 1.08x = 264 \). \( x = 264 / 1.08 = 244.44 \).,rohanmistry231/CSE-Aptitude-Test-Practice-Hub,01 Quantitative Aptitude (Numerical Ability)/02 Intermediate/README.md
quantitative-aptitude-intermediate-percentages-0006,quantitative-aptitude,Quantitative Aptitude (Numerical Ability),Percentages,intermediate,"If 40% of a number exceeds 25% of it by 30, find the number.",200 | 205 | 197 | 400,200,"Let the number be \( x \). Then, \( 0.4x - 0.25x = 30 \). \( 0.15x = 30 \), so \( x = 30 / 0.15 = 200 \).",rohanmistry231/CSE-Aptitude-Test-Practice-Hub,01 Quantitative Aptitude (Numerical Ability)/02 Intermediate/README.md
quantitative-aptitude-intermediate-percentages-0007,quantitative-aptitude,Quantitative Aptitude (Numerical Ability),Percentages,intermediate,"A shop offers a 20% discount on an item and still makes a 20% profit. If the cost price is $100, find the marked price.",$150 | $155 | $147 | $300,$150,"Selling price with 20% profit = \( 100 \times 1.2 = 120 \). Let marked price be \( m \). After 20% discount, \( 0.8m = 120 \). \( m = 120 / 0.8 = 150 \).",rohanmistry231/CSE-Aptitude-Test-Practice-Hub,01 Quantitative Aptitude (Numerical Ability)/02 Intermediate/README.md
quantitative-aptitude-intermediate-percentages-0008,quantitative-aptitude,Quantitative Aptitude (Numerical Ability),Percentages,intermediate,"If a population increases by 10% annually, what is the population after 2 years if it is 1000 now?",1210 | 1215 | 1207 | 2420,1210,Population after 1 year = \( 1000 \times 1.1 = 1100 \). After 2 years = \( 1100 \times 1.1 = 1210 \).,rohanmistry231/CSE-Aptitude-Test-Practice-Hub,01 Quantitative Aptitude (Numerical Ability)/02 Intermediate/README.md
quantitative-aptitude-intermediate-percentages-0009,quantitative-aptitude,Quantitative Aptitude (Numerical Ability),Percentages,intermediate,"A number is increased by 25% and then decreased by 20%. If the result is 300, find the original number.",300 | 305 | 297 | 600,300,Let original number be \( x \). After 25% increase: \( 1.25x \). After 20% decrease: \( 1.25x \times 0.8 = x \). Given \( x = 300 \).,rohanmistry231/CSE-Aptitude-Test-Practice-Hub,01 Quantitative Aptitude (Numerical Ability)/02 Intermediate/README.md
quantitative-aptitude-intermediate-percentages-0010,quantitative-aptitude,Quantitative Aptitude (Numerical Ability),Percentages,intermediate,"If 15% of a number is 60, what is 75% of that number?",300 | 305 | 297 | 600,300,"Let the number be \( x \). Given \( 0.15x = 60 \), so \( x = 60 / 0.15 = 400 \). 75% of 400 = \( 0.75 \times 400 = 300 \).",rohanmistry231/CSE-Aptitude-Test-Practice-Hub,01 Quantitative Aptitude (Numerical Ability)/02 Intermediate/README.md
quantitative-aptitude-intermediate-profit-and-loss-0011,quantitative-aptitude,Quantitative Aptitude (Numerical Ability),Profit and Loss,intermediate,"A shopkeeper sells an item at a 10% profit. If the cost price is $200, what is the selling price?",$220 | $225 | $217 | $440,$220,Profit = \( 10\% \times 200 = 20 \). Selling price = \( 200 + 20 = 220 \).,rohanmistry231/CSE-Aptitude-Test-Practice-Hub,01 Quantitative Aptitude (Numerical Ability)/02 Intermediate/README.md
quantitative-aptitude-intermediate-profit-and-loss-0012,quantitative-aptitude,Quantitative Aptitude (Numerical Ability),Profit and Loss,intermediate,"An article is sold at a 15% loss. If the selling price is $170, find the cost price.",$200 | $205 | $197 | $400,$200,Let cost price be \( x \). Selling price = \( 0.85x = 170 \). \( x = 170 / 0.85 = 200 \).,rohanmistry231/CSE-Aptitude-Test-Practice-Hub,01 Quantitative Aptitude (Numerical Ability)/02 Intermediate/README.md
quantitative-aptitude-intermediate-profit-and-loss-0013,quantitative-aptitude,Quantitative Aptitude (Numerical Ability),Profit and Loss,intermediate,A man buys an item for $150 and sells it for $180. Find the profit percentage.,20% | 25% | 17% | 40%,20%,Profit = \( 180 - 150 = 30 \). Profit % = \( (30 / 150) \times 100 = 20\% \).,rohanmistry231/CSE-Aptitude-Test-Practice-Hub,01 Quantitative Aptitude (Numerical Ability)/02 Intermediate/README.md
quantitative-aptitude-intermediate-profit-and-loss-0014,quantitative-aptitude,Quantitative Aptitude (Numerical Ability),Profit and Loss,intermediate,"If a book is sold for $120 at a 20% loss, what is the cost price?",$150 | $155 | $147 | $300,$150,Let cost price be \( x \). Selling price = \( 0.8x = 120 \). \( x = 120 / 0.8 = 150 \).,rohanmistry231/CSE-Aptitude-Test-Practice-Hub,01 Quantitative Aptitude (Numerical Ability)/02 Intermediate/README.md
quantitative-aptitude-intermediate-profit-and-loss-0015,quantitative-aptitude,Quantitative Aptitude (Numerical Ability),Profit and Loss,intermediate,"A trader marks an item 25% above cost price and gives a 10% discount. If the cost price is $200, find the selling price.",$225 | $230 | $222 | $450,$225,Marked price = \( 200 \times 1.25 = 250 \). Selling price after 10% discount = \( 250 \times 0.9 = 225 \).,rohanmistry231/CSE-Aptitude-Test-Practice-Hub,01 Quantitative Aptitude (Numerical Ability)/02 Intermediate/README.md
quantitative-aptitude-intermediate-profit-and-loss-0016,quantitative-aptitude,Quantitative Aptitude (Numerical Ability),Profit and Loss,intermediate,"An item is sold at a 5% profit. If the cost price is $400, what is the selling price?",$420 | $425 | $417 | $840,$420,Profit = \( 5\% \times 400 = 20 \). Selling price = \( 400 + 20 = 420 \).,rohanmistry231/CSE-Aptitude-Test-Practice-Hub,01 Quantitative Aptitude (Numerical Ability)/02 Intermediate/README.md
quantitative-aptitude-intermediate-profit-and-loss-0017,quantitative-aptitude,Quantitative Aptitude (Numerical Ability),Profit and Loss,intermediate,"A shopkeeper sells a product at a 12% loss. If the cost price is $250, find the selling price.",$220 | $225 | $217 | $440,$220,Selling price = \( 250 \times 0.88 = 220 \).,rohanmistry231/CSE-Aptitude-Test-Practice-Hub,01 Quantitative Aptitude (Numerical Ability)/02 Intermediate/README.md
quantitative-aptitude-intermediate-profit-and-loss-0018,quantitative-aptitude,Quantitative Aptitude (Numerical Ability),Profit and Loss,intermediate,"If an article is bought for $300 and sold for $360, what is the profit percentage?",20% | 25% | 17% | 40%,20%,Profit = \( 360 - 300 = 60 \). Profit % = \( (60 / 300) \times 100 = 20\% \).,rohanmistry231/CSE-Aptitude-Test-Practice-Hub,01 Quantitative Aptitude (Numerical Ability)/02 Intermediate/README.md
quantitative-aptitude-intermediate-profit-and-loss-0019,quantitative-aptitude,Quantitative Aptitude (Numerical Ability),Profit and Loss,intermediate,"A vendor marks up an item by 40% and offers a 15% discount. If the cost price is $500, find the selling price.",$595 | $600 | $592 | $1190,$595,Marked price = \( 500 \times 1.4 = 700 \). Selling price after 15% discount = \( 700 \times 0.85 = 595 \).,rohanmistry231/CSE-Aptitude-Test-Practice-Hub,01 Quantitative Aptitude (Numerical Ability)/02 Intermediate/README.md
quantitative-aptitude-intermediate-profit-and-loss-0020,quantitative-aptitude,Quantitative Aptitude (Numerical Ability),Profit and Loss,intermediate,"If the selling price of an item is $180 and the loss is 10%, find the cost price.",$200 | $205 | $197 | $400,$200,"Let cost price be \( x \). Then, \( 0.9x = 180 \). \( x = 180 / 0.9 = 200 \).",rohanmistry231/CSE-Aptitude-Test-Practice-Hub,01 Quantitative Aptitude (Numerical Ability)/02 Intermediate/README.md
quantitative-aptitude-intermediate-time-and-work-0021,quantitative-aptitude,Quantitative Aptitude (Numerical Ability),Time and Work,intermediate,"A can do a work in 12 days, and B can do it in 18 days. How long will they take together?",7.2 days | 9.7 days | 5.7 days | 8.64 days,7.2 days,"A’s work rate = \( 1/12 \), B’s work rate = \( 1/18 \). Combined rate = \( 1/12 + 1/18 = (3 + 2)/36 = 5/36 \). Time together = \( 36/5 = 7.2 \) days.",rohanmistry231/CSE-Aptitude-Test-Practice-Hub,01 Quantitative Aptitude (Numerical Ability)/02 Intermediate/README.md
quantitative-aptitude-intermediate-time-and-work-0022,quantitative-aptitude,Quantitative Aptitude (Numerical Ability),Time and Work,intermediate,"If 6 workers complete a job in 8 days, how long will 4 workers take?",12 days | 17 days | 9 days | 24 days,12 days,Total work = \( 6 \times 8 = 48 \) worker-days. Time for 4 workers = \( 48 / 4 = 12 \) days.,rohanmistry231/CSE-Aptitude-Test-Practice-Hub,01 Quantitative Aptitude (Numerical Ability)/02 Intermediate/README.md
quantitative-aptitude-intermediate-time-and-work-0023,quantitative-aptitude,Quantitative Aptitude (Numerical Ability),Time and Work,intermediate,"A can do a work in 15 days, and B in 20 days. If they work together for 5 days, what fraction of the work is left?",5/12 | 7/12 | 2/12 | 10/12,5/12,"A’s rate = \( 1/15 \), B’s rate = \( 1/20 \). Combined rate = \( 1/15 + 1/20 = (4 + 3)/60 = 7/60 \). Work done in 5 days = \( 5 \times 7/60 = 7/12 \). Work left = \( 1 - 7/12 = 5/12 \).",rohanmistry231/CSE-Aptitude-Test-Practice-Hub,01 Quantitative Aptitude (Numerical Ability)/02 Intermediate/README.md
quantitative-aptitude-intermediate-time-and-work-0024,quantitative-aptitude,Quantitative Aptitude (Numerical Ability),Time and Work,intermediate,"If 3 men can complete a task in 10 days, how many men are needed to complete it in 6 days?",5 men | 7 men | 2 men | 10 men,5 men,Total work = \( 3 \times 10 = 30 \) man-days. Men needed for 6 days = \( 30 / 6 = 5 \).,rohanmistry231/CSE-Aptitude-Test-Practice-Hub,01 Quantitative Aptitude (Numerical Ability)/02 Intermediate/README.md
quantitative-aptitude-intermediate-time-and-work-0025,quantitative-aptitude,Quantitative Aptitude (Numerical Ability),Time and Work,intermediate,"A can do a job in 10 days. After working for 4 days, B joins and they finish in 3 more days. How long does B take alone?",10 days | 15 days | 7 days | 20 days,10 days,"A’s rate = \( 1/10 \). Work done by A in 4 days = \( 4/10 = 2/5 \). Work left = \( 3/5 \). In 3 days, A does \( 3/10 \), so B does \( 3/5 - 3/10 = 3/10 \). B’s rate = \( (3/10) / 3 = 1/10 \). B alone takes \( 10 \) days.",rohanmistry231/CSE-Aptitude-Test-Practice-Hub,01 Quantitative Aptitude (Numerical Ability)/02 Intermediate/README.md
quantitative-aptitude-intermediate-time-and-work-0026,quantitative-aptitude,Quantitative Aptitude (Numerical Ability),Time and Work,intermediate,"If 8 machines produce 160 units in 5 hours, how many units will 6 machines produce in 4 hours?",96 units | 101 units | 93 units | 192 units,96 units,Rate per machine = \( 160 / (8 \times 5) = 4 \) units/hour. Units by 6 machines in 4 hours = \( 6 \times 4 \times 4 = 96 \).,rohanmistry231/CSE-Aptitude-Test-Practice-Hub,01 Quantitative Aptitude (Numerical Ability)/02 Intermediate/README.md
quantitative-aptitude-intermediate-time-and-work-0027,quantitative-aptitude,Quantitative Aptitude (Numerical Ability),Time and Work,intermediate,"A and B together can do a work in 6 days. If A alone takes 10 days, how long does B take?",15 days | 20 days | 12 days | 30 days,15 days,"Combined rate = \( 1/6 \), A’s rate = \( 1/10 \). B’s rate = \( 1/6 - 1/10 = (5 - 3)/30 = 2/30 = 1/15 \). B takes \( 15 \) days.",rohanmistry231/CSE-Aptitude-Test-Practice-Hub,01 Quantitative Aptitude (Numerical Ability)/02 Intermediate/README.md
quantitative-aptitude-intermediate-time-and-work-0028,quantitative-aptitude,Quantitative Aptitude (Numerical Ability),Time and Work,intermediate,"If 5 workers build a wall in 12 days, how long will 3 workers take?",20 days | 25 days | 17 days | 40 days,20 days,Total work = \( 5 \times 12 = 60 \) worker-days. Time for 3 workers = \( 60 / 3 = 20 \) days.,rohanmistry231/CSE-Aptitude-Test-Practice-Hub,01 Quantitative Aptitude (Numerical Ability)/02 Intermediate/README.md
quantitative-aptitude-intermediate-time-and-work-0029,quantitative-aptitude,Quantitative Aptitude (Numerical Ability),Time and Work,intermediate,"A can do a work in 8 days, and B in 12 days. How much work is done in 3 days together?",5/8 | 7/8 | 2/8 | 10/8,5/8,"A’s rate = \( 1/8 \), B’s rate = \( 1/12 \). Combined rate = \( 1/8 + 1/12 = (3 + 2)/24 = 5/24 \). Work in 3 days = \( 3 \times 5/24 = 5/8 \).",rohanmistry231/CSE-Aptitude-Test-Practice-Hub,01 Quantitative Aptitude (Numerical Ability)/02 Intermediate/README.md
quantitative-aptitude-intermediate-time-and-work-0030,quantitative-aptitude,Quantitative Aptitude (Numerical Ability),Time and Work,intermediate,"If 4 men can paint a house in 15 days, how many men are needed to paint it in 10 days?",6 men | 11 men | 3 men | 12 men,6 men,Total work = \( 4 \times 15 = 60 \) man-days. Men for 10 days = \( 60 / 10 = 6 \).,rohanmistry231/CSE-Aptitude-Test-Practice-Hub,01 Quantitative Aptitude (Numerical Ability)/02 Intermediate/README.md
quantitative-aptitude-intermediate-time-and-distance-0031,quantitative-aptitude,Quantitative Aptitude (Numerical Ability),Time and Distance,intermediate,A car travels 240 km in 4 hours. What is its speed in km/h?,60 km/h | 65 km/h | 57 km/h | 120 km/h,60 km/h,Speed = \( 240 / 4 = 60 \) km/h.,rohanmistry231/CSE-Aptitude-Test-Practice-Hub,01 Quantitative Aptitude (Numerical Ability)/02 Intermediate/README.md
quantitative-aptitude-intermediate-time-and-distance-0032,quantitative-aptitude,Quantitative Aptitude (Numerical Ability),Time and Distance,intermediate,A train covers 300 km at 50 km/h. How long does it take?,6 hours | 11 hours | 3 hours | 12 hours,6 hours,Time = \( 300 / 50 = 6 \) hours.,rohanmistry231/CSE-Aptitude-Test-Practice-Hub,01 Quantitative Aptitude (Numerical Ability)/02 Intermediate/README.md
quantitative-aptitude-intermediate-time-and-distance-0033,quantitative-aptitude,Quantitative Aptitude (Numerical Ability),Time and Distance,intermediate,A cyclist travels at 20 km/h for 3 hours and then at 15 km/h for 2 hours. What is the total distance?,90 km | 95 km | 87 km | 180 km,90 km,Distance (first part) = \( 20 \times 3 = 60 \) km. Distance (second part) = \( 15 \times 2 = 30 \) km. Total distance = \( 60 + 30 = 90 \) km.,rohanmistry231/CSE-Aptitude-Test-Practice-Hub,01 Quantitative Aptitude (Numerical Ability)/02 Intermediate/README.md
quantitative-aptitude-intermediate-time-and-distance-0034,quantitative-aptitude,Quantitative Aptitude (Numerical Ability),Time and Distance,intermediate,Two cars start from the same point. One travels at 60 km/h and the other at 40 km/h in the same direction. What is their distance apart after 3 hours?,60 km | 65 km | 57 km | 120 km,60 km,Relative speed = \( 60 - 40 = 20 \) km/h. Distance = \( 20 \times 3 = 60 \) km.,rohanmistry231/CSE-Aptitude-Test-Practice-Hub,01 Quantitative Aptitude (Numerical Ability)/02 Intermediate/README.md
quantitative-aptitude-intermediate-time-and-distance-0035,quantitative-aptitude,Quantitative Aptitude (Numerical Ability),Time and Distance,intermediate,A man walks at 5 km/h for 2 hours and then cycles at 15 km/h for 1 hour. What is his average speed?,8.33 km/h | 10.83 km/h | 6.83 km/h | 10 km/h,8.33 km/h,Total distance = \( (5 \times 2) + (15 \times 1) = 10 + 15 = 25 \) km. Total time = \( 2 + 1 = 3 \) hours. Average speed = \( 25 / 3 \approx 8.33 \) km/h.,rohanmistry231/CSE-Aptitude-Test-Practice-Hub,01 Quantitative Aptitude (Numerical Ability)/02 Intermediate/README.md
quantitative-aptitude-intermediate-time-and-distance-0036,quantitative-aptitude,Quantitative Aptitude (Numerical Ability),Time and Distance,intermediate,A train travels 180 km at 45 km/h. How long does it take?,4 hours | 6 hours | 1 hours | 8 hours,4 hours,Time = \( 180 / 45 = 4 \) hours.,rohanmistry231/CSE-Aptitude-Test-Practice-Hub,01 Quantitative Aptitude (Numerical Ability)/02 Intermediate/README.md
quantitative-aptitude-intermediate-time-and-distance-0037,quantitative-aptitude,Quantitative Aptitude (Numerical Ability),Time and Distance,intermediate,"A car covers a distance at 60 km/h and returns at 40 km/h. If the total time is 5 hours, find the distance.",120 km | 125 km | 117 km | 240 km,120 km,Let distance one way be \( d \). Time taken = \( d/60 + d/40 = 5 \). \( (2d/120 + 3d/120) = 5d/120 = 5 \). \( d = 5 \times 120 / 5 = 120 \) km.,rohanmistry231/CSE-Aptitude-Test-Practice-Hub,01 Quantitative Aptitude (Numerical Ability)/02 Intermediate/README.md
quantitative-aptitude-intermediate-time-and-distance-0038,quantitative-aptitude,Quantitative Aptitude (Numerical Ability),Time and Distance,intermediate,A person travels 100 km at 25 km/h and another 100 km at 50 km/h. What is the average speed?,33.33 km/h | 35.83 km/h | 31.83 km/h | 40 km/h,33.33 km/h,"Time for first 100 km = \( 100 / 25 = 4 \) hours. Time for second 100 km = \( 100 / 50 = 2 \) hours. Total distance = \( 200 \) km, total time = \( 4 + 2 = 6 \) hours. Average speed = \( 200 / 6 \approx 33.33 \) km/h.",rohanmistry231/CSE-Aptitude-Test-Practice-Hub,01 Quantitative Aptitude (Numerical Ability)/02 Intermediate/README.md
quantitative-aptitude-intermediate-time-and-distance-0039,quantitative-aptitude,Quantitative Aptitude (Numerical Ability),Time and Distance,intermediate,A bus travels at 50 km/h for 2 hours and then at 60 km/h for 3 hours. What is the total distance?,280 km | 285 km | 277 km | 560 km,280 km,Distance = \( (50 \times 2) + (60 \times 3) = 100 + 180 = 280 \) km.,rohanmistry231/CSE-Aptitude-Test-Practice-Hub,01 Quantitative Aptitude (Numerical Ability)/02 Intermediate/README.md
quantitative-aptitude-intermediate-time-and-distance-0040,quantitative-aptitude,Quantitative Aptitude (Numerical Ability),Time and Distance,intermediate,"Two trains approach each other at 60 km/h and 40 km/h. If they are 200 km apart, when will they meet?",2 hours | 4 hours | 1 hours | 32 hours,2 hours,Relative speed = \( 60 + 40 = 100 \) km/h. Time = \( 200 / 100 = 2 \) hours.,rohanmistry231/CSE-Aptitude-Test-Practice-Hub,01 Quantitative Aptitude (Numerical Ability)/02 Intermediate/README.md
quantitative-aptitude-intermediate-ratios-and-proportions-0041,quantitative-aptitude,Quantitative Aptitude (Numerical Ability),Ratios and Proportions,intermediate,"If the ratio of two numbers is 3:5 and their sum is 80, find the numbers.",30 and 50 | 35 and 50 | 27 and 50 | 60 and 50,30 and 50,"Let numbers be \( 3x \) and \( 5x \). \( 3x + 5x = 80 \), so \( 8x = 80 \), \( x = 10 \). Numbers = \( 3 \times 10 = 30 \), \( 5 \times 10 = 50 \).",rohanmistry231/CSE-Aptitude-Test-Practice-Hub,01 Quantitative Aptitude (Numerical Ability)/02 Intermediate/README.md
quantitative-aptitude-intermediate-ratios-and-proportions-0042,quantitative-aptitude,Quantitative Aptitude (Numerical Ability),Ratios and Proportions,intermediate,Divide $180 in the ratio 2:3:5.,"$36, $54, $90 | $41, $54, $90 | $33, $54, $90 | $72, $54, $90","$36, $54, $90","Total parts = \( 2 + 3 + 5 = 10 \). Shares = \( (2/10) \times 180 = 36 \), \( (3/10) \times 180 = 54 \), \( (5/10) \times 180 = 90 \).",rohanmistry231/CSE-Aptitude-Test-Practice-Hub,01 Quantitative Aptitude (Numerical Ability)/02 Intermediate/README.md
quantitative-aptitude-intermediate-ratios-and-proportions-0043,quantitative-aptitude,Quantitative Aptitude (Numerical Ability),Ratios and Proportions,intermediate,"If A:B = 4:5 and B:C = 3:2, find A:C.",6:5 | 11:5 | 3:5 | 12:5,6:5,"Make B common. LCM of 5 and 3 = 15. A:B = 4:5 = 12:15 (multiply by 3). B:C = 3:2 = 15:10 (multiply by 5). A:B:C = 12:15:10, so A:C = 12:10 = 6:5.",rohanmistry231/CSE-Aptitude-Test-Practice-Hub,01 Quantitative Aptitude (Numerical Ability)/02 Intermediate/README.md
quantitative-aptitude-intermediate-ratios-and-proportions-0044,quantitative-aptitude,Quantitative Aptitude (Numerical Ability),Ratios and Proportions,intermediate,"If 2:3 :: x:18, find x.",12 | 17 | 9 | 24,12,"\( 2/3 = x/18 \), so \( x = (2 \times 18) / 3 = 12 \).",rohanmistry231/CSE-Aptitude-Test-Practice-Hub,01 Quantitative Aptitude (Numerical Ability)/02 Intermediate/README.md
quantitative-aptitude-intermediate-ratios-and-proportions-0045,quantitative-aptitude,Quantitative Aptitude (Numerical Ability),Ratios and Proportions,intermediate,"The ratio of two quantities is 5:7. If the larger quantity is 28, find the smaller.",20 | 25 | 17 | 40,20,"Let smaller = \( 5x \), larger = \( 7x \). Given \( 7x = 28 \), so \( x = 4 \). Smaller = \( 5x = 20 \).",rohanmistry231/CSE-Aptitude-Test-Practice-Hub,01 Quantitative Aptitude (Numerical Ability)/02 Intermediate/README.md
quantitative-aptitude-intermediate-ratios-and-proportions-0046,quantitative-aptitude,Quantitative Aptitude (Numerical Ability),Ratios and Proportions,intermediate,Divide 240 in the ratio 3:4:5.,"60, 80, 100 | 65, 80, 100 | 57, 80, 100 | 120, 80, 100","60, 80, 100","Total parts = \( 3 + 4 + 5 = 12 \). Shares = \( (3/12) \times 240 = 60 \), \( (4/12) \times 240 = 80 \), \( (5/12) \times 240 = 100 \).",rohanmistry231/CSE-Aptitude-Test-Practice-Hub,01 Quantitative Aptitude (Numerical Ability)/02 Intermediate/README.md
quantitative-aptitude-intermediate-ratios-and-proportions-0047,quantitative-aptitude,Quantitative Aptitude (Numerical Ability),Ratios and Proportions,intermediate,"If A:B = 2:3 and B:C = 5:4, find A:B:C.",10:15:12 | 15:15:12 | 7:15:12 | 20:15:12,10:15:12,Make B common. LCM of 3 and 5 = 15. A:B = 2:3 = 10:15 (multiply by 5). B:C = 5:4 = 15:12 (multiply by 3). A:B:C = 10:15:12.,rohanmistry231/CSE-Aptitude-Test-Practice-Hub,01 Quantitative Aptitude (Numerical Ability)/02 Intermediate/README.md
quantitative-aptitude-intermediate-ratios-and-proportions-0048,quantitative-aptitude,Quantitative Aptitude (Numerical Ability),Ratios and Proportions,intermediate,"If the ratio of two numbers is 7:9 and their difference is 8, find the numbers.",28 and 36 | 33 and 36 | 25 and 36 | 56 and 36,28 and 36,"Let numbers be \( 7x \) and \( 9x \). \( 9x - 7x = 8 \), so \( 2x = 8 \), \( x = 4 \). Numbers = \( 7 \times 4 = 28 \), \( 9 \times 4 = 36 \).",rohanmistry231/CSE-Aptitude-Test-Practice-Hub,01 Quantitative Aptitude (Numerical Ability)/02 Intermediate/README.md
quantitative-aptitude-intermediate-ratios-and-proportions-0049,quantitative-aptitude,Quantitative Aptitude (Numerical Ability),Ratios and Proportions,intermediate,"If 5:8 :: 20:x, find x.",32 | 37 | 29 | 64,32,"\( 5/8 = 20/x \), so \( x = (8 \times 20) / 5 = 32 \).",rohanmistry231/CSE-Aptitude-Test-Practice-Hub,01 Quantitative Aptitude (Numerical Ability)/02 Intermediate/README.md
quantitative-aptitude-intermediate-ratios-and-proportions-0050,quantitative-aptitude,Quantitative Aptitude (Numerical Ability),Ratios and Proportions,intermediate,"The ratio of incomes of A and B is 3:4, and their expenditures are in the ratio 4:5. If A saves $100 and B saves $200, find their incomes.","$900, $1200 | $905, $1200 | $897, $1200 | $1800, $1200","$900, $1200","Let incomes be \( 3x \) and \( 4x \), expenditures be \( 4y \) and \( 5y \). Savings: \( 3x - 4y = 100 \), \( 4x - 5y = 200 \). Multiply first by 5, second by 4: \( 15x - 20y = 500 \), \( 16x - 20y = 800 \). Subtract: \( 16x - 15x = 800 - 500 \), so \( x = 300 \). Incomes = \( 3 \times 300 = 900 \), \( 4 \times 300 = 1200 \).",rohanmistry231/CSE-Aptitude-Test-Practice-Hub,01 Quantitative Aptitude (Numerical Ability)/02 Intermediate/README.md
quantitative-aptitude-intermediate-averages-0051,quantitative-aptitude,Quantitative Aptitude (Numerical Ability),Averages,intermediate,"The average of 5 numbers is 40. If one number is 50, what is the average of the remaining 4?",37.5 | 40 | 36 | 45,37.5,Total sum = \( 5 \times 40 = 200 \). Sum of remaining 4 = \( 200 - 50 = 150 \). Average = \( 150 / 4 = 37.5 \).,rohanmistry231/CSE-Aptitude-Test-Practice-Hub,01 Quantitative Aptitude (Numerical Ability)/02 Intermediate/README.md
quantitative-aptitude-intermediate-averages-0052,quantitative-aptitude,Quantitative Aptitude (Numerical Ability),Averages,intermediate,"The average weight of 6 people is 60 kg. If one person weighing 70 kg leaves, what is the new average?",58 kg | 63 kg | 55 kg | 116 kg,58 kg,Total weight = \( 6 \times 60 = 360 \) kg. New total = \( 360 - 70 = 290 \) kg. New average = \( 290 / 5 = 58 \) kg.,rohanmistry231/CSE-Aptitude-Test-Practice-Hub,01 Quantitative Aptitude (Numerical Ability)/02 Intermediate/README.md
quantitative-aptitude-intermediate-averages-0053,quantitative-aptitude,Quantitative Aptitude (Numerical Ability),Averages,intermediate,"The average of 7 numbers is 35. If two numbers are 40 and 45, find the average of the remaining 5.",32 | 37 | 29 | 64,32,Total sum = \( 7 \times 35 = 245 \). Sum of remaining 5 = \( 245 - (40 + 45) = 245 - 85 = 160 \). Average = \( 160 / 5 = 32 \).,rohanmistry231/CSE-Aptitude-Test-Practice-Hub,01 Quantitative Aptitude (Numerical Ability)/02 Intermediate/README.md
quantitative-aptitude-intermediate-averages-0054,quantitative-aptitude,Quantitative Aptitude (Numerical Ability),Averages,intermediate,"The average of 4 numbers is 25. If three numbers are 20, 30, and 25, find the fourth number.",25 | 30 | 22 | 50,25,Total sum = \( 4 \times 25 = 100 \). Sum of three numbers = \( 20 + 30 + 25 = 75 \). Fourth number = \( 100 - 75 = 25 \).,rohanmistry231/CSE-Aptitude-Test-Practice-Hub,01 Quantitative Aptitude (Numerical Ability)/02 Intermediate/README.md
quantitative-aptitude-intermediate-averages-0055,quantitative-aptitude,Quantitative Aptitude (Numerical Ability),Averages,intermediate,"The average score of a class of 10 students is 80. If one student scores 90, what is the average of the others?",78.89 | 81.39 | 77.39 | 94.67,78.89,Total score = \( 10 \times 80 = 800 \). Sum of others = \( 800 - 90 = 710 \). Average = \( 710 / 9 \approx 78.89 \).,rohanmistry231/CSE-Aptitude-Test-Practice-Hub,01 Quantitative Aptitude (Numerical Ability)/02 Intermediate/README.md
quantitative-aptitude-intermediate-averages-0056,quantitative-aptitude,Quantitative Aptitude (Numerical Ability),Averages,intermediate,"The average of 8 numbers is 50. If one number is removed, the average becomes 48. Find the removed number.",64 | 69 | 61 | 128,64,Total sum = \( 8 \times 50 = 400 \). Sum of 7 numbers = \( 7 \times 48 = 336 \). Removed number = \( 400 - 336 = 64 \).,rohanmistry231/CSE-Aptitude-Test-Practice-Hub,01 Quantitative Aptitude (Numerical Ability)/02 Intermediate/README.md
quantitative-aptitude-intermediate-averages-0057,quantitative-aptitude,Quantitative Aptitude (Numerical Ability),Averages,intermediate,"The average of 5 numbers is 30. If a new number is added and the average becomes 32, find the new number.",42 | 47 | 39 | 84,42,Original sum = \( 5 \times 30 = 150 \). New sum = \( 6 \times 32 = 192 \). New number = \( 192 - 150 = 42 \).,rohanmistry231/CSE-Aptitude-Test-Practice-Hub,01 Quantitative Aptitude (Numerical Ability)/02 Intermediate/README.md
quantitative-aptitude-intermediate-averages-0058,quantitative-aptitude,Quantitative Aptitude (Numerical Ability),Averages,intermediate,"The average of 6 numbers is 45. If two numbers are 50 and 60, find the average of the remaining 4.",40 | 45 | 37 | 80,40,Total sum = \( 6 \times 45 = 270 \). Sum of remaining 4 = \( 270 - (50 + 60) = 270 - 110 = 160 \). Average = \( 160 / 4 = 40 \).,rohanmistry231/CSE-Aptitude-Test-Practice-Hub,01 Quantitative Aptitude (Numerical Ability)/02 Intermediate/README.md
quantitative-aptitude-intermediate-averages-0059,quantitative-aptitude,Quantitative Aptitude (Numerical Ability),Averages,intermediate,"The average of 9 numbers is 36. If one number is 54, what is the average of the remaining 8?",33.75 | 36.25 | 32.25 | 40.5,33.75,Total sum = \( 9 \times 36 = 324 \). Sum of remaining 8 = \( 324 - 54 = 270 \). Average = \( 270 / 8 = 33.75 \).,rohanmistry231/CSE-Aptitude-Test-Practice-Hub,01 Quantitative Aptitude (Numerical Ability)/02 Intermediate/README.md
quantitative-aptitude-intermediate-averages-0060,quantitative-aptitude,Quantitative Aptitude (Numerical Ability),Averages,intermediate,"The average of 3 numbers is 20. If a fourth number is added and the average becomes 22, find the fourth number.",28 | 33 | 25 | 56,28,Original sum = \( 3 \times 20 = 60 \). New sum = \( 4 \times 22 = 88 \). Fourth number = \( 88 - 60 = 28 \).,rohanmistry231/CSE-Aptitude-Test-Practice-Hub,01 Quantitative Aptitude (Numerical Ability)/02 Intermediate/README.md
quantitative-aptitude-intermediate-simple-and-compound-interest-0061,quantitative-aptitude,Quantitative Aptitude (Numerical Ability),Simple and Compound Interest,intermediate,Find the simple interest on $2000 at 6% per annum for 3 years.,$360 | $365 | $357 | $720,$360,SI = \( (2000 \times 6 \times 3) / 100 = 360 \).,rohanmistry231/CSE-Aptitude-Test-Practice-Hub,01 Quantitative Aptitude (Numerical Ability)/02 Intermediate/README.md
quantitative-aptitude-intermediate-simple-and-compound-interest-0062,quantitative-aptitude,Quantitative Aptitude (Numerical Ability),Simple and Compound Interest,intermediate,"If the simple interest on a sum is $450 at 5% for 3 years, find the principal.",$3000 | $3005 | $2997 | $6000,$3000,"\( 450 = (P \times 5 \times 3) / 100 \), so \( P = (450 \times 100) / (5 \times 3) = 3000 \).",rohanmistry231/CSE-Aptitude-Test-Practice-Hub,01 Quantitative Aptitude (Numerical Ability)/02 Intermediate/README.md
quantitative-aptitude-intermediate-simple-and-compound-interest-0063,quantitative-aptitude,Quantitative Aptitude (Numerical Ability),Simple and Compound Interest,intermediate,"Find the compound interest on $1000 at 10% per annum for 2 years, compounded annually.",$210 | $215 | $207 | $420,$210,Amount = \( 1000 \times (1 + 0.1)^2 = 1000 \times 1.21 = 1210 \). CI = \( 1210 - 1000 = 210 \).,rohanmistry231/CSE-Aptitude-Test-Practice-Hub,01 Quantitative Aptitude (Numerical Ability)/02 Intermediate/README.md
quantitative-aptitude-intermediate-simple-and-compound-interest-0064,quantitative-aptitude,Quantitative Aptitude (Numerical Ability),Simple and Compound Interest,intermediate,"If the simple interest on $500 is $75 for 3 years, find the rate.",5% | 7% | 2% | 10%,5%,"\( 75 = (500 \times R \times 3) / 100 \), so \( R = (75 \times 100) / (500 \times 3) = 5 \).",rohanmistry231/CSE-Aptitude-Test-Practice-Hub,01 Quantitative Aptitude (Numerical Ability)/02 Intermediate/README.md
quantitative-aptitude-intermediate-simple-and-compound-interest-0065,quantitative-aptitude,Quantitative Aptitude (Numerical Ability),Simple and Compound Interest,intermediate,Find the simple interest on $3000 at 4% for 5 years.,$600 | $605 | $597 | $1200,$600,SI = \( (3000 \times 4 \times 5) / 100 = 600 \).,rohanmistry231/CSE-Aptitude-Test-Practice-Hub,01 Quantitative Aptitude (Numerical Ability)/02 Intermediate/README.md
quantitative-aptitude-intermediate-simple-and-compound-interest-0066,quantitative-aptitude,Quantitative Aptitude (Numerical Ability),Simple and Compound Interest,intermediate,"If the compound interest on $2000 is $410 for 2 years, find the rate.",9.8% | 12.3% | 8.3% | 11.76%,9.8%,"Amount = \( 2000 + 410 = 2410 \). \( 2410 = 2000 \times (1 + R/100)^2 \), so \( (1 + R/100)^2 = 2410 / 2000 = 1.205 \). \( 1 + R/100 = \sqrt{1.205} \approx 1.098 \), so \( R/100 \approx 0.098 \), \( R \approx 9.8\% \).",rohanmistry231/CSE-Aptitude-Test-Practice-Hub,01 Quantitative Aptitude (Numerical Ability)/02 Intermediate/README.md
quantitative-aptitude-intermediate-simple-and-compound-interest-0067,quantitative-aptitude,Quantitative Aptitude (Numerical Ability),Simple and Compound Interest,intermediate,Find the simple interest on $1500 at 8% for 2 years.,$240 | $245 | $237 | $480,$240,SI = \( (1500 \times 8 \times 2) / 100 = 240 \).,rohanmistry231/CSE-Aptitude-Test-Practice-Hub,01 Quantitative Aptitude (Numerical Ability)/02 Intermediate/README.md
quantitative-aptitude-intermediate-simple-and-compound-interest-0068,quantitative-aptitude,Quantitative Aptitude (Numerical Ability),Simple and Compound Interest,intermediate,"If the simple interest is $200 for 4 years at 5%, find the principal.",$1000 | $1005 | $997 | $2000,$1000,"\( 200 = (P \times 5 \times 4) / 100 \), so \( P = (200 \times 100) / (5 \times 4) = 1000 \).",rohanmistry231/CSE-Aptitude-Test-Practice-Hub,01 Quantitative Aptitude (Numerical Ability)/02 Intermediate/README.md
quantitative-aptitude-intermediate-simple-and-compound-interest-0069,quantitative-aptitude,Quantitative Aptitude (Numerical Ability),Simple and Compound Interest,intermediate,"Find the compound interest on $5000 at 5% for 2 years, compounded annually.",$512.5 | $515 | $511 | $615,$512.5,Amount = \( 5000 \times (1 + 0.05)^2 = 5000 \times 1.1025 = 5512.5 \). CI = \( 5512.5 - 5000 = 512.5 \).,rohanmistry231/CSE-Aptitude-Test-Practice-Hub,01 Quantitative Aptitude (Numerical Ability)/02 Intermediate/README.md
quantitative-aptitude-intermediate-simple-and-compound-interest-0070,quantitative-aptitude,Quantitative Aptitude (Numerical Ability),Simple and Compound Interest,intermediate,"If the simple interest on a sum is $360 at 6% for 5 years, find the principal.",$1200 | $1205 | $1197 | $2400,$1200,"\( 360 = (P \times 6 \times 5) / 100 \), so \( P = (360 \times 100) / (6 \times 5) = 1200 \).",rohanmistry231/CSE-Aptitude-Test-Practice-Hub,01 Quantitative Aptitude (Numerical Ability)/02 Intermediate/README.md
quantitative-aptitude-intermediate-number-systems-0071,quantitative-aptitude,Quantitative Aptitude (Numerical Ability),Number Systems,intermediate,Find the LCM of 12 and 18.,36 | 41 | 33 | 72,36,"Prime factors: \( 12 = 2^2 \times 3 \), \( 18 = 2 \times 3^2 \). LCM = \( 2^2 \times 3^2 = 4 \times 9 = 36 \).",rohanmistry231/CSE-Aptitude-Test-Practice-Hub,01 Quantitative Aptitude (Numerical Ability)/02 Intermediate/README.md
quantitative-aptitude-intermediate-number-systems-0072,quantitative-aptitude,Quantitative Aptitude (Numerical Ability),Number Systems,intermediate,Find the HCF of 24 and 36.,12 | 17 | 9 | 24,12,"Prime factors: \( 24 = 2^3 \times 3 \), \( 36 = 2^2 \times 3^2 \). HCF = \( 2^2 \times 3 = 12 \).",rohanmistry231/CSE-Aptitude-Test-Practice-Hub,01 Quantitative Aptitude (Numerical Ability)/02 Intermediate/README.md
quantitative-aptitude-intermediate-number-systems-0073,quantitative-aptitude,Quantitative Aptitude (Numerical Ability),Number Systems,intermediate,What is the sum of the first 10 odd numbers?,100 | 105 | 97 | 200,100,Sum = \( n^2 = 10^2 = 100 \).,rohanmistry231/CSE-Aptitude-Test-Practice-Hub,01 Quantitative Aptitude (Numerical Ability)/02 Intermediate/README.md
quantitative-aptitude-intermediate-number-systems-0074,quantitative-aptitude,Quantitative Aptitude (Numerical Ability),Number Systems,intermediate,"If a number is divisible by 4 and 6, is it divisible by 24?",No | None of the above | Both No... and alternative | Insufficient data,No,"LCM of 4 and 6 = 12. Since 24 is not a factor of 12, it’s not necessarily divisible by 24.",rohanmistry231/CSE-Aptitude-Test-Practice-Hub,01 Quantitative Aptitude (Numerical Ability)/02 Intermediate/README.md
quantitative-aptitude-intermediate-number-systems-0075,quantitative-aptitude,Quantitative Aptitude (Numerical Ability),Number Systems,intermediate,Find the square root of 625.,25 | 30 | 22 | 50,25,\( \sqrt{625} = 25 \).,rohanmistry231/CSE-Aptitude-Test-Practice-Hub,01 Quantitative Aptitude (Numerical Ability)/02 Intermediate/README.md
quantitative-aptitude-intermediate-number-systems-0076,quantitative-aptitude,Quantitative Aptitude (Numerical Ability),Number Systems,intermediate,What is the product of the first 5 even numbers?,3840 | 3845 | 3837 | 7680,3840,"Numbers: 2, 4, 6, 8, 10. Product = \( 2 \times 4 \times 6 \times 8 \times 10 = 3840 \).",rohanmistry231/CSE-Aptitude-Test-Practice-Hub,01 Quantitative Aptitude (Numerical Ability)/02 Intermediate/README.md
quantitative-aptitude-intermediate-number-systems-0077,quantitative-aptitude,Quantitative Aptitude (Numerical Ability),Number Systems,intermediate,Find the cube root of 216.,6 | 11 | 3 | 12,6,\( \sqrt[3]{216} = 6 \) (since \( 6^3 = 216 \)).,rohanmistry231/CSE-Aptitude-Test-Practice-Hub,01 Quantitative Aptitude (Numerical Ability)/02 Intermediate/README.md
quantitative-aptitude-intermediate-number-systems-0078,quantitative-aptitude,Quantitative Aptitude (Numerical Ability),Number Systems,intermediate,"If a number is divided by 15, the quotient is 7 and remainder is 3. Find the number.",108 | 113 | 105 | 216,108,Number = \( (15 \times 7) + 3 = 105 + 3 = 108 \).,rohanmistry231/CSE-Aptitude-Test-Practice-Hub,01 Quantitative Aptitude (Numerical Ability)/02 Intermediate/README.md
quantitative-aptitude-intermediate-number-systems-0079,quantitative-aptitude,Quantitative Aptitude (Numerical Ability),Number Systems,intermediate,Find the LCM of 15 and 20.,60 | 65 | 57 | 120,60,"Prime factors: \( 15 = 3 \times 5 \), \( 20 = 2^2 \times 5 \). LCM = \( 2^2 \times 3 \times 5 = 60 \).",rohanmistry231/CSE-Aptitude-Test-Practice-Hub,01 Quantitative Aptitude (Numerical Ability)/02 Intermediate/README.md
quantitative-aptitude-intermediate-number-systems-0080,quantitative-aptitude,Quantitative Aptitude (Numerical Ability),Number Systems,intermediate,What is the HCF of 18 and 27?,9 | 14 | 6 | 18,9,"Prime factors: \( 18 = 2 \times 3^2 \), \( 27 = 3^3 \). HCF = \( 3^2 = 9 \).",rohanmistry231/CSE-Aptitude-Test-Practice-Hub,01 Quantitative Aptitude (Numerical Ability)/02 Intermediate/README.md
quantitative-aptitude-intermediate-permutations-and-combinations-0081,quantitative-aptitude,Quantitative Aptitude (Numerical Ability),Permutations and Combinations,intermediate,In how many ways can 4 books be arranged on a shelf?,24 | 29 | 21 | 48,24,Number of ways = \( 4! = 24 \).,rohanmistry231/CSE-Aptitude-Test-Practice-Hub,01 Quantitative Aptitude (Numerical Ability)/02 Intermediate/README.md
quantitative-aptitude-intermediate-permutations-and-combinations-0082,quantitative-aptitude,Quantitative Aptitude (Numerical Ability),Permutations and Combinations,intermediate,"How many 3-digit numbers can be formed using 1, 2, 3 without repetition?",6 | 11 | 3 | 12,6,Number of ways = \( 3! = 6 \).,rohanmistry231/CSE-Aptitude-Test-Practice-Hub,01 Quantitative Aptitude (Numerical Ability)/02 Intermediate/README.md
quantitative-aptitude-intermediate-permutations-and-combinations-0083,quantitative-aptitude,Quantitative Aptitude (Numerical Ability),Permutations and Combinations,intermediate,In how many ways can 3 people be seated in 5 chairs?,60 | 65 | 57 | 120,60,"Number of ways = \( P(5,3) = 5 \times 4 \times 3 = 60 \).",rohanmistry231/CSE-Aptitude-Test-Practice-Hub,01 Quantitative Aptitude (Numerical Ability)/02 Intermediate/README.md
quantitative-aptitude-intermediate-permutations-and-combinations-0084,quantitative-aptitude,Quantitative Aptitude (Numerical Ability),Permutations and Combinations,intermediate,How many ways can 2 items be chosen from 5?,10 | 15 | 7 | 20,10,"Number of ways = \( C(5,2) = 10 \).",rohanmistry231/CSE-Aptitude-Test-Practice-Hub,01 Quantitative Aptitude (Numerical Ability)/02 Intermediate/README.md
quantitative-aptitude-intermediate-permutations-and-combinations-0085,quantitative-aptitude,Quantitative Aptitude (Numerical Ability),Permutations and Combinations,intermediate,"In how many ways can 3 letters be selected from A, B, C, D?",4 | 6 | 1 | 8,4,"Number of ways = \( C(4,3) = 4 \).",rohanmistry231/CSE-Aptitude-Test-Practice-Hub,01 Quantitative Aptitude (Numerical Ability)/02 Intermediate/README.md
quantitative-aptitude-intermediate-permutations-and-combinations-0086,quantitative-aptitude,Quantitative Aptitude (Numerical Ability),Permutations and Combinations,intermediate,How many ways can 5 people be arranged in a circle?,24 | 29 | 21 | 48,24,Number of ways = \( (5-1)! = 24 \).,rohanmistry231/CSE-Aptitude-Test-Practice-Hub,01 Quantitative Aptitude (Numerical Ability)/02 Intermediate/README.md
quantitative-aptitude-intermediate-permutations-and-combinations-0087,quantitative-aptitude,Quantitative Aptitude (Numerical Ability),Permutations and Combinations,intermediate,In how many ways can 2 books be selected from 6 different books?,15 | 20 | 12 | 30,15,"Number of ways = \( C(6,2) = 15 \).",rohanmistry231/CSE-Aptitude-Test-Practice-Hub,01 Quantitative Aptitude (Numerical Ability)/02 Intermediate/README.md
quantitative-aptitude-intermediate-permutations-and-combinations-0088,quantitative-aptitude,Quantitative Aptitude (Numerical Ability),Permutations and Combinations,intermediate,"How many 4-digit numbers can be formed using 1, 2, 3, 4 without repetition?",24 | 29 | 21 | 48,24,Number of ways = \( 4! = 24 \).,rohanmistry231/CSE-Aptitude-Test-Practice-Hub,01 Quantitative Aptitude (Numerical Ability)/02 Intermediate/README.md
quantitative-aptitude-intermediate-permutations-and-combinations-0089,quantitative-aptitude,Quantitative Aptitude (Numerical Ability),Permutations and Combinations,intermediate,In how many ways can 3 students be chosen from 7 for a team?,35 | 40 | 32 | 70,35,"Number of ways = \( C(7,3) = 35 \).",rohanmistry231/CSE-Aptitude-Test-Practice-Hub,01 Quantitative Aptitude (Numerical Ability)/02 Intermediate/README.md
quantitative-aptitude-intermediate-permutations-and-combinations-0090,quantitative-aptitude,Quantitative Aptitude (Numerical Ability),Permutations and Combinations,intermediate,How many ways can 4 people be seated in 6 chairs?,360 | 365 | 357 | 720,360,"Number of ways = \( P(6,4) = 6 \times 5 \times 4 \times 3 = 360 \).",rohanmistry231/CSE-Aptitude-Test-Practice-Hub,01 Quantitative Aptitude (Numerical Ability)/02 Intermediate/README.md
quantitative-aptitude-intermediate-probability-0091,quantitative-aptitude,Quantitative Aptitude (Numerical Ability),Probability,intermediate,A die is rolled. What is the probability of getting an even number?,1/2 | 3/2 | 2/2 | 31/2,1/2,"Favorable outcomes = {2, 4, 6} = 3. Total outcomes = 6. Probability = \( 3/6 = 1/2 \).",rohanmistry231/CSE-Aptitude-Test-Practice-Hub,01 Quantitative Aptitude (Numerical Ability)/02 Intermediate/README.md
quantitative-aptitude-intermediate-probability-0092,quantitative-aptitude,Quantitative Aptitude (Numerical Ability),Probability,intermediate,A card is drawn from a deck of 52. What is the probability of getting a heart?,1/4 | 3/4 | 2/4 | 31/4,1/4,Favorable outcomes = 13 (hearts). Probability = \( 13/52 = 1/4 \).,rohanmistry231/CSE-Aptitude-Test-Practice-Hub,01 Quantitative Aptitude (Numerical Ability)/02 Intermediate/README.md
quantitative-aptitude-intermediate-probability-0093,quantitative-aptitude,Quantitative Aptitude (Numerical Ability),Probability,intermediate,Two coins are tossed. What is the probability of getting at least one head?,3/4 | 5/4 | 1/4 | 6/4,3/4,"Total outcomes = {HH, HT, TH, TT} = 4. Favorable outcomes = {HH, HT, TH} = 3. Probability = \( 3/4 \).",rohanmistry231/CSE-Aptitude-Test-Practice-Hub,01 Quantitative Aptitude (Numerical Ability)/02 Intermediate/README.md
quantitative-aptitude-intermediate-probability-0094,quantitative-aptitude,Quantitative Aptitude (Numerical Ability),Probability,intermediate,A bag contains 4 red and 6 blue balls. What is the probability of drawing a red ball?,2/5 | 4/5 | 1/5 | 32/5,2/5,Total balls = \( 4 + 6 = 10 \). Probability = \( 4/10 = 2/5 \).,rohanmistry231/CSE-Aptitude-Test-Practice-Hub,01 Quantitative Aptitude (Numerical Ability)/02 Intermediate/README.md
quantitative-aptitude-intermediate-probability-0095,quantitative-aptitude,Quantitative Aptitude (Numerical Ability),Probability,intermediate,A die is rolled twice. What is the probability of getting a sum of 7?,1/6 | 3/6 | 2/6 | 31/6,1/6,"Total outcomes = \( 6 \times 6 = 36 \). Favorable outcomes = {(1,6), (2,5), (3,4), (4,3), (5,2), (6,1)} = 6. Probability = \( 6/36 = 1/6 \).",rohanmistry231/CSE-Aptitude-Test-Practice-Hub,01 Quantitative Aptitude (Numerical Ability)/02 Intermediate/README.md
quantitative-aptitude-intermediate-probability-0096,quantitative-aptitude,Quantitative Aptitude (Numerical Ability),Probability,intermediate,A card is drawn from a deck. What is the probability of getting a king or queen?,2/13 | 4/13 | 1/13 | 32/13,2/13,Favorable outcomes = 4 (kings) + 4 (queens) = 8. Probability = \( 8/52 = 2/13 \).,rohanmistry231/CSE-Aptitude-Test-Practice-Hub,01 Quantitative Aptitude (Numerical Ability)/02 Intermediate/README.md
quantitative-aptitude-intermediate-probability-0097,quantitative-aptitude,Quantitative Aptitude (Numerical Ability),Probability,intermediate,A bag has 3 white and 5 black balls. What is the probability of drawing a white ball?,3/8 | 5/8 | 1/8 | 6/8,3/8,Total balls = \( 3 + 5 = 8 \). Probability = \( 3/8 \).,rohanmistry231/CSE-Aptitude-Test-Practice-Hub,01 Quantitative Aptitude (Numerical Ability)/02 Intermediate/README.md
quantitative-aptitude-intermediate-probability-0098,quantitative-aptitude,Quantitative Aptitude (Numerical Ability),Probability,intermediate,Two dice are rolled. What is the probability of getting a double?,1/6 | 3/6 | 2/6 | 31/6,1/6,"Favorable outcomes = {(1,1), (2,2), (3,3), (4,4), (5,5), (6,6)} = 6. Total outcomes = 36. Probability = \( 6/36 = 1/6 \).",rohanmistry231/CSE-Aptitude-Test-Practice-Hub,01 Quantitative Aptitude (Numerical Ability)/02 Intermediate/README.md
quantitative-aptitude-intermediate-probability-0099,quantitative-aptitude,Quantitative Aptitude (Numerical Ability),Probability,intermediate,A coin is tossed 3 times. What is the probability of getting exactly 2 heads?,3/8 | 5/8 | 1/8 | 6/8,3/8,"Total outcomes = \( 2^3 = 8 \). Favorable outcomes = {HHT, HTH, THH} = 3. Probability = \( 3/8 \).",rohanmistry231/CSE-Aptitude-Test-Practice-Hub,01 Quantitative Aptitude (Numerical Ability)/02 Intermediate/README.md
quantitative-aptitude-intermediate-probability-0100,quantitative-aptitude,Quantitative Aptitude (Numerical Ability),Probability,intermediate,A box contains 5 green and 3 yellow balls. What is the probability of drawing a yellow ball?,3/8 | 5/8 | 1/8 | 6/8,3/8,Total balls = \( 5 + 3 = 8 \). Probability = \( 3/8 \).,rohanmistry231/CSE-Aptitude-Test-Practice-Hub,01 Quantitative Aptitude (Numerical Ability)/02 Intermediate/README.md
quantitative-aptitude-advanced-percentages-0001,quantitative-aptitude,Quantitative Aptitude (Numerical Ability),Percentages,advanced,"A number is increased by 25%, then decreased by 20%, and again increased by 10%. If the final result is 330, find the original number.",300 | 305 | 297 | 600,300,Let the original number be \( x \). After 25% increase: \( 1.25x \). After 20% decrease: \( 1.25x \times 0.8 = x \). After 10% increase: \( x \times 1.1 = 1.1x \). Given \( 1.1x = 330 \). \( x = 330 / 1.1 = 300 \).,rohanmistry231/CSE-Aptitude-Test-Practice-Hub,01 Quantitative Aptitude (Numerical Ability)/03 Advance/README.md
quantitative-aptitude-advanced-percentages-0002,quantitative-aptitude,Quantitative Aptitude (Numerical Ability),Percentages,advanced,"If 40% of a number exceeds 25% of it by 45, and 60% of the same number is 180, find the number.",300 | 305 | 297 | 600,300,"Let the number be \( x \). From first condition: \( 0.4x - 0.25x = 45 \), so \( 0.15x = 45 \), \( x = 45 / 0.15 = 300 \). From second condition: \( 0.6x = 180 \), so \( x = 180 / 0.6 = 300 \). Both confirm \( x = 300 \).",rohanmistry231/CSE-Aptitude-Test-Practice-Hub,01 Quantitative Aptitude (Numerical Ability)/03 Advance/README.md
quantitative-aptitude-advanced-percentages-0003,quantitative-aptitude,Quantitative Aptitude (Numerical Ability),Percentages,advanced,"A shop offers successive discounts of 20% and 15%. If the marked price is $500, find the final selling price.",$340 | $345 | $337 | $680,$340,After 20% discount: \( 500 \times 0.8 = 400 \). After 15% discount: \( 400 \times 0.85 = 340 \).,rohanmistry231/CSE-Aptitude-Test-Practice-Hub,01 Quantitative Aptitude (Numerical Ability)/03 Advance/README.md
quantitative-aptitude-advanced-percentages-0004,quantitative-aptitude,Quantitative Aptitude (Numerical Ability),Percentages,advanced,"A population increases by 10% in the first year and 20% in the second year. If the final population is 2640, find the initial population.",2000 | 2005 | 1997 | 4000,2000,Let initial population be \( x \). After first year: \( 1.1x \). After second year: \( 1.1x \times 1.2 = 1.32x \). Given \( 1.32x = 2640 \). \( x = 2640 / 1.32 = 2000 \).,rohanmistry231/CSE-Aptitude-Test-Practice-Hub,01 Quantitative Aptitude (Numerical Ability)/03 Advance/README.md
quantitative-aptitude-advanced-percentages-0005,quantitative-aptitude,Quantitative Aptitude (Numerical Ability),Percentages,advanced,"If a number is reduced by 30% and then increased by 40%, the result is 280. Find the original number.",285.71 | 288.21 | 284.21 | 342.85,285.71,Let the number be \( x \). After 30% reduction: \( 0.7x \). After 40% increase: \( 0.7x \times 1.4 = 0.98x \). Given \( 0.98x = 280 \). \( x = 280 / 0.98 \approx 285.71 \).,rohanmistry231/CSE-Aptitude-Test-Practice-Hub,01 Quantitative Aptitude (Numerical Ability)/03 Advance/README.md
quantitative-aptitude-advanced-percentages-0006,quantitative-aptitude,Quantitative Aptitude (Numerical Ability),Percentages,advanced,"A salary is increased by 10%, then by 20%, and then decreased by 25%. If the final salary is $3300, find the original salary.",3333.33 | 3335.83 | 3331.83 | 4000,3333.33,Let original salary be \( x \). After 10% increase: \( 1.1x \). After 20% increase: \( 1.1x \times 1.2 = 1.32x \). After 25% decrease: \( 1.32x \times 0.75 = 0.99x \). Given \( 0.99x = 3300 \). \( x = 3300 / 0.99 \approx 3333.33 \).,rohanmistry231/CSE-Aptitude-Test-Practice-Hub,01 Quantitative Aptitude (Numerical Ability)/03 Advance/README.md
quantitative-aptitude-advanced-percentages-0007,quantitative-aptitude,Quantitative Aptitude (Numerical Ability),Percentages,advanced,"If 15% of a number is equal to 20% of another number, and their sum is 350, find the numbers.",200 and 150 | 205 and 150 | 197 and 150 | 400 and 150,200 and 150,"Let numbers be \( x \) and \( y \). Given \( 0.15x = 0.2y \), so \( 3x = 4y \), or \( y = 3x/4 \). Also, \( x + y = 350 \). Substitute: \( x + 3x/4 = 350 \), so \( 7x/4 = 350 \), \( x = 200 \). Then \( y = 350 - 200 = 150 \).",rohanmistry231/CSE-Aptitude-Test-Practice-Hub,01 Quantitative Aptitude (Numerical Ability)/03 Advance/README.md
quantitative-aptitude-advanced-percentages-0008,quantitative-aptitude,Quantitative Aptitude (Numerical Ability),Percentages,advanced,"A product’s price is increased by 20%, then decreased by 10%, and again increased by 5%. If the final price is $462, find the original price.",407.41 | 409.91 | 405.91 | 488.89,407.41,Let original price be \( x \). After 20% increase: \( 1.2x \). After 10% decrease: \( 1.2x \times 0.9 = 1.08x \). After 5% increase: \( 1.08x \times 1.05 = 1.134x \). Given \( 1.134x = 462 \). \( x = 462 / 1.134 \approx 407.41 \).,rohanmistry231/CSE-Aptitude-Test-Practice-Hub,01 Quantitative Aptitude (Numerical Ability)/03 Advance/README.md
quantitative-aptitude-advanced-percentages-0009,quantitative-aptitude,Quantitative Aptitude (Numerical Ability),Percentages,advanced,"If 25% of a number is 75, and 10% of the same number is increased by 20, what is the result?",50 | 55 | 47 | 100,50,"Let number be \( x \). Given \( 0.25x = 75 \), so \( x = 75 / 0.25 = 300 \). 10% of 300 = \( 0.1 \times 300 = 30 \). Increase by 20: \( 30 + 20 = 50 \).",rohanmistry231/CSE-Aptitude-Test-Practice-Hub,01 Quantitative Aptitude (Numerical Ability)/03 Advance/README.md
quantitative-aptitude-advanced-percentages-0010,quantitative-aptitude,Quantitative Aptitude (Numerical Ability),Percentages,advanced,"A shop gives a 30% discount on an item, and the discounted price is $350. If the shop still makes a 25% profit, find the cost price.",$280 | $285 | $277 | $560,$280,"Let marked price be \( m \). After 30% discount: \( 0.7m = 350 \), so \( m = 350 / 0.7 = 500 \). Let cost price be \( c \). Selling price = \( 350 \), with 25% profit: \( 1.25c = 350 \). \( c = 350 / 1.25 = 280 \).",rohanmistry231/CSE-Aptitude-Test-Practice-Hub,01 Quantitative Aptitude (Numerical Ability)/03 Advance/README.md
quantitative-aptitude-advanced-profit-and-loss-0011,quantitative-aptitude,Quantitative Aptitude (Numerical Ability),Profit and Loss,advanced,"A trader sells an item at a 15% profit. If the cost price increases by 10% and selling price remains the same, what is the new profit percentage?",4.55% | 7.05% | 3.05% | 5.46%,4.55%,"Let original cost price = $100, selling price = \( 100 \times 1.15 = 115 \). New cost price = \( 100 \times 1.1 = 110 \). New profit = \( 115 - 110 = 5 \). New profit % = \( (5 / 110) \times 100 \approx 4.55\% \).",rohanmistry231/CSE-Aptitude-Test-Practice-Hub,01 Quantitative Aptitude (Numerical Ability)/03 Advance/README.md
quantitative-aptitude-advanced-profit-and-loss-0012,quantitative-aptitude,Quantitative Aptitude (Numerical Ability),Profit and Loss,advanced,"An article is sold at a 20% loss. If the selling price is increased by $50, the loss becomes 5%. Find the cost price.",$333.33 | $335.83 | $331.83 | $400,$333.33,"Let cost price = \( x \). Selling price = \( 0.8x \). New selling price = \( 0.8x + 50 \), with 5% loss: \( 0.95x = 0.8x + 50 \). \( 0.15x = 50 \), so \( x = 50 / 0.15 \approx 333.33 \).",rohanmistry231/CSE-Aptitude-Test-Practice-Hub,01 Quantitative Aptitude (Numerical Ability)/03 Advance/README.md
quantitative-aptitude-advanced-profit-and-loss-0013,quantitative-aptitude,Quantitative Aptitude (Numerical Ability),Profit and Loss,advanced,"A shopkeeper marks an item 40% above cost price and offers a 10% discount. If the selling price is $360, find the profit percentage.",26% | 31% | 23% | 52%,26%,Let cost price = \( c \). Marked price = \( 1.4c \). Selling price after 10% discount: \( 1.4c \times 0.9 = 1.26c = 360 \). \( c = 360 / 1.26 \approx 285.71 \). Profit = \( 360 - 285.71 = 74.29 \). Profit % = \( (74.29 / 285.71) \times 100 \approx 26\% \).,rohanmistry231/CSE-Aptitude-Test-Practice-Hub,01 Quantitative Aptitude (Numerical Ability)/03 Advance/README.md
quantitative-aptitude-advanced-profit-and-loss-0014,quantitative-aptitude,Quantitative Aptitude (Numerical Ability),Profit and Loss,advanced,"An item is sold at a 25% profit. If the cost price and selling price both increase by $100, the profit percentage becomes 20%. Find the original cost price.",$400 | $405 | $397 | $800,$400,"Let original cost price = \( c \), selling price = \( 1.25c \). New cost price = \( c + 100 \), new selling price = \( 1.25c + 100 \). Given: \( ((1.25c + 100) - (c + 100)) / (c + 100) = 0.2 \). \( 0.25c / (c + 100) = 0.2 \). Cross-multiply: \( 0.25c = 0.2c + 20 \), so \( 0.05c = 20 \), \( c = 400 \).",rohanmistry231/CSE-Aptitude-Test-Practice-Hub,01 Quantitative Aptitude (Numerical Ability)/03 Advance/README.md
quantitative-aptitude-advanced-profit-and-loss-0015,quantitative-aptitude,Quantitative Aptitude (Numerical Ability),Profit and Loss,advanced,"A trader buys goods at $500 and sells at a 30% profit. If he had bought at a 10% discount, what would be the profit percentage?",44.44% | 46.94% | 42.94% | 53.33%,44.44%,Selling price = \( 500 \times 1.3 = 650 \). New cost price with 10% discount = \( 500 \times 0.9 = 450 \). Profit = \( 650 - 450 = 200 \). Profit % = \( (200 / 450) \times 100 \approx 44.44\% \).,rohanmistry231/CSE-Aptitude-Test-Practice-Hub,01 Quantitative Aptitude (Numerical Ability)/03 Advance/README.md
quantitative-aptitude-advanced-profit-and-loss-0016,quantitative-aptitude,Quantitative Aptitude (Numerical Ability),Profit and Loss,advanced,"A shop sells an item at a 10% loss. If the selling price is $270, and the cost price increases by 20%, what is the new loss percentage?",25% | 30% | 22% | 50%,25%,"Let cost price = \( c \). Selling price = \( 0.9c = 270 \), so \( c = 270 / 0.9 = 300 \). New cost price = \( 300 \times 1.2 = 360 \). Loss = \( 360 - 270 = 90 \). Loss % = \( (90 / 360) \times 100 = 25\% \).",rohanmistry231/CSE-Aptitude-Test-Practice-Hub,01 Quantitative Aptitude (Numerical Ability)/03 Advance/README.md
quantitative-aptitude-advanced-profit-and-loss-0017,quantitative-aptitude,Quantitative Aptitude (Numerical Ability),Profit and Loss,advanced,"An item is marked 50% above cost price and sold after two successive discounts of 10% and 20%. If the cost price is $200, find the profit percentage.",8% | 13% | 5% | 16%,8%,Marked price = \( 200 \times 1.5 = 300 \). After 10% discount: \( 300 \times 0.9 = 270 \). After 20% discount: \( 270 \times 0.8 = 216 \). Profit = \( 216 - 200 = 16 \). Profit % = \( (16 / 200) \times 100 = 8\% \).,rohanmistry231/CSE-Aptitude-Test-Practice-Hub,01 Quantitative Aptitude (Numerical Ability)/03 Advance/README.md
quantitative-aptitude-advanced-profit-and-loss-0018,quantitative-aptitude,Quantitative Aptitude (Numerical Ability),Profit and Loss,advanced,"A trader sells an item at a 5% profit. If the cost price decreases by 10% and selling price increases by 5%, the profit percentage becomes 20%. Find the original cost price.",Requires problem clarification; assume $100 for consistency | Requires problem clarification; assume $105 for consistency | Requires problem clarification; assume $97 for consistency | Requires problem clarification; assume $200 for consistency,Requires problem clarification; assume $100 for consistency,"Let original cost price = \( c \), selling price = \( 1.05c \). New cost price = \( 0.9c \), new selling price = \( 1.05c \times 1.05 = 1.1025c \). Profit % = \( ((1.1025c - 0.9c) / 0.9c) \times 100 = 20 \). \( (0.2025c / 0.9c) \times 100 = 22.5 \), which doesn’t match. Recalculate correctly: Let’s solve: \( (1.1025c - 0.9c) / 0.9c = 0.2 \), so \( 0.2025c = 0.18c \), which is inconsistent. Assume typo in problem; typically, such problems yield consistent equations. Let’s try numerical: Assume \( c = 100 \), check later if needed.",rohanmistry231/CSE-Aptitude-Test-Practice-Hub,01 Quantitative Aptitude (Numerical Ability)/03 Advance/README.md
quantitative-aptitude-advanced-profit-and-loss-0019,quantitative-aptitude,Quantitative Aptitude (Numerical Ability),Profit and Loss,advanced,"A shopkeeper sells an item at a 12% profit. If he sells it for $50 more, the profit becomes 20%. Find the cost price.",$625 | $630 | $622 | $1250,$625,"Let cost price = \( c \). Selling price = \( 1.12c \). New selling price = \( 1.12c + 50 \), with 20% profit: \( 1.2c = 1.12c + 50 \). \( 0.08c = 50 \), so \( c = 50 / 0.08 = 625 \).",rohanmistry231/CSE-Aptitude-Test-Practice-Hub,01 Quantitative Aptitude (Numerical Ability)/03 Advance/README.md
quantitative-aptitude-advanced-profit-and-loss-0020,quantitative-aptitude,Quantitative Aptitude (Numerical Ability),Profit and Loss,advanced,"An item is sold at a 15% loss. If the cost price and selling price both decrease by $100, the loss percentage becomes 10%. Find the original cost price.",$200 | $205 | $197 | $400,$200,"Let cost price = \( c \), selling price = \( 0.85c \). New cost price = \( c - 100 \), new selling price = \( 0.85c - 100 \). Loss % = \( ((c - 100 - (0.85c - 100)) / (c - 100)) \times 100 = 10 \). \( (0.15c) / (c - 100) = 0.1 \). Cross-multiply: \( 0.15c = 0.1c + 10 \), so \( 0.05c = 10 \), \( c = 200 \).",rohanmistry231/CSE-Aptitude-Test-Practice-Hub,01 Quantitative Aptitude (Numerical Ability)/03 Advance/README.md
quantitative-aptitude-advanced-time-and-work-0021,quantitative-aptitude,Quantitative Aptitude (Numerical Ability),Time and Work,advanced,"A can do a work in 10 days, B in 15 days, and C in 20 days. How long will they take together?",4.62 days | 7.12 days | 3.12 days | 5.54 days,4.62 days,"Rates: A = \( 1/10 \), B = \( 1/15 \), C = \( 1/20 \). Combined rate = \( 1/10 + 1/15 + 1/20 = (6 + 4 + 3)/60 = 13/60 \). Time = \( 60/13 \approx 4.62 \) days.",rohanmistry231/CSE-Aptitude-Test-Practice-Hub,01 Quantitative Aptitude (Numerical Ability)/03 Advance/README.md
quantitative-aptitude-advanced-time-and-work-0022,quantitative-aptitude,Quantitative Aptitude (Numerical Ability),Time and Work,advanced,"A and B can do a work in 12 days, B and C in 15 days, and A and C in 20 days. How long will A take alone?",30 days | 35 days | 27 days | 60 days,30 days,"Let A’s rate = \( 1/a \), B’s = \( 1/b \), C’s = \( 1/c \). \( 1/a + 1/b = 1/12 \), \( 1/b + 1/c = 1/15 \), \( 1/a + 1/c = 1/20 \). Add equations: \( 2(1/a + 1/b + 1/c) = 1/12 + 1/15 + 1/20 = (5 + 4 + 3)/60 = 12/60 = 1/5 \). So, \( 1/a + 1/b + 1/c = 1/10 \). Subtract \( 1/b + 1/c = 1/15 \): \( 1/a = 1/10 - 1/15 = (3 - 2)/30 = 1/30 \). A takes 30 days.",rohanmistry231/CSE-Aptitude-Test-Practice-Hub,01 Quantitative Aptitude (Numerical Ability)/03 Advance/README.md
quantitative-aptitude-advanced-time-and-work-0023,quantitative-aptitude,Quantitative Aptitude (Numerical Ability),Time and Work,advanced,"If 6 men and 8 women can do a work in 10 days, and 4 men and 6 women in 12 days, how long will 2 men and 4 women take?",Requires re-solving; assume 15 days after checking | Requires re-solving; assume 20 days after checking | Requires re-solving; assume 12 days after checking | Requires re-solving; assume 30 days after checking,Requires re-solving; assume 15 days after checking,"Let man’s rate = \( m \), woman’s = \( w \). \( 6m + 8w = 1/10 \), \( 4m + 6w = 1/12 \). Multiply first by 3, second by 4: \( 18m + 24w = 3/10 \), \( 16m + 24w = 4/12 = 1/3 \). Subtract: \( 2m = 3/10 - 1/3 = (9 - 10)/30 = -1/30 \), incorrect. Solve correctly: Solve: \( 6m + 8w = 0.1 \), \( 4m + 6w = 1/12 \approx 0.0833 \). Multiply first by 2, second by 3: \( 12m + 16w = 0.2 \), \( 12m + 18w = 0.25 \). Subtract: \( -2w = 0.2 - 0.25 = -0.05 \), so \( w = 0.025 \). Substitute: \( 6m + 8 \times 0.025 = 0.1 \), \( 6m + 0.2 = 0.1 \), incorrect. Recalculate: Use LCM method later; for 2m + 4w, assume numerical check after solving.",rohanmistry231/CSE-Aptitude-Test-Practice-Hub,01 Quantitative Aptitude (Numerical Ability)/03 Advance/README.md
quantitative-aptitude-advanced-time-and-work-0024,quantitative-aptitude,Quantitative Aptitude (Numerical Ability),Time and Work,advanced,"A can do a work in 8 days. After 3 days, B joins, and they finish in 3 more days. How long does B take alone?",12 days | 17 days | 9 days | 24 days,12 days,"A’s rate = \( 1/8 \). Work done by A in 3 days = \( 3/8 \). Work left = \( 5/8 \). In 3 days, A does \( 3/8 \), so B does \( 5/8 - 3/8 = 2/8 = 1/4 \). B’s rate = \( (1/4) / 3 = 1/12 \). B takes 12 days.",rohanmistry231/CSE-Aptitude-Test-Practice-Hub,01 Quantitative Aptitude (Numerical Ability)/03 Advance/README.md
quantitative-aptitude-advanced-time-and-work-0025,quantitative-aptitude,Quantitative Aptitude (Numerical Ability),Time and Work,advanced,"A, B, and C can do a work in 10, 15, and 20 days. A and B work for 4 days, then C joins. How long to finish?",5.54 days | 8.04 days | 4.04 days | 6.65 days,5.54 days,"Rates: A = \( 1/10 \), B = \( 1/15 \), C = \( 1/20 \). Work by A and B in 4 days = \( 4 \times (1/10 + 1/15) = 4 \times (3 + 2)/30 = 4 \times 5/30 = 2/3 \). Work left = \( 1 - 2/3 = 1/3 \). Combined rate with C = \( 1/10 + 1/15 + 1/20 = (6 + 4 + 3)/60 = 13/60 \). Time for \( 1/3 \) work = \( (1/3) / (13/60) = 20/13 \approx 1.54 \) days. Total time = \( 4 + 1.54 = 5.54 \) days.",rohanmistry231/CSE-Aptitude-Test-Practice-Hub,01 Quantitative Aptitude (Numerical Ability)/03 Advance/README.md
quantitative-aptitude-advanced-time-and-work-0026,quantitative-aptitude,Quantitative Aptitude (Numerical Ability),Time and Work,advanced,"If 12 workers can build a wall in 8 days, how many additional workers are needed to complete it in 6 days?",4 workers | 6 workers | 1 workers | 8 workers,4 workers,Total work = \( 12 \times 8 = 96 \) worker-days. Workers for 6 days = \( 96 / 6 = 16 \). Additional workers = \( 16 - 12 = 4 \).,rohanmistry231/CSE-Aptitude-Test-Practice-Hub,01 Quantitative Aptitude (Numerical Ability)/03 Advance/README.md
quantitative-aptitude-advanced-time-and-work-0027,quantitative-aptitude,Quantitative Aptitude (Numerical Ability),Time and Work,advanced,"A and B can do a work in 6 days. If A works alone for 2 days, and then B joins, they finish in 3 more days. How long does B take alone?",Requires solving; assume 12 days after checking | Requires solving; assume 17 days after checking | Requires solving; assume 9 days after checking | Requires solving; assume 24 days after checking,Requires solving; assume 12 days after checking,"Combined rate = \( 1/6 \). Work by A in 2 days = \( 2 \times 1/a \). Let B’s time = \( b \), rate = \( 1/b \). Work left = \( 1 - 2/a \). In 3 days, \( 3 \times (1/a + 1/b) = 1 - 2/a \). From combined: \( 1/a + 1/b = 1/6 \). Solve later numerically if needed.",rohanmistry231/CSE-Aptitude-Test-Practice-Hub,01 Quantitative Aptitude (Numerical Ability)/03 Advance/README.md
quantitative-aptitude-advanced-time-and-work-0028,quantitative-aptitude,Quantitative Aptitude (Numerical Ability),Time and Work,advanced,"If 5 machines produce 200 units in 4 days, how many machines are needed to produce 300 units in 3 days?",10 machines | 15 machines | 7 machines | 20 machines,10 machines,Rate per machine = \( 200 / (5 \times 4) = 10 \) units/day. Total work = \( 300 \) units in 3 days = \( 300 / 3 = 100 \) units/day. Machines needed = \( 100 / 10 = 10 \).,rohanmistry231/CSE-Aptitude-Test-Practice-Hub,01 Quantitative Aptitude (Numerical Ability)/03 Advance/README.md
quantitative-aptitude-advanced-time-and-work-0029,quantitative-aptitude,Quantitative Aptitude (Numerical Ability),Time and Work,advanced,"A, B, and C can do a work in 12, 18, and 24 days. If A works for 3 days, B for 4 days, and C for 5 days, what fraction of work is done?",49/72 | 54/72 | 46/72 | 98/72,49/72,"Rates: A = \( 1/12 \), B = \( 1/18 \), C = \( 1/24 \). Work done = \( (3 \times 1/12) + (4 \times 1/18) + (5 \times 1/24) = 3/12 + 4/18 + 5/24 = 1/4 + 2/9 + 5/24 \). LCM = 72: \( (18 + 16 + 15)/72 = 49/72 \).",rohanmistry231/CSE-Aptitude-Test-Practice-Hub,01 Quantitative Aptitude (Numerical Ability)/03 Advance/README.md
quantitative-aptitude-advanced-time-and-work-0030,quantitative-aptitude,Quantitative Aptitude (Numerical Ability),Time and Work,advanced,"A and B together can do a work in 8 days, B and C in 12 days. If A and C take 9.6 days, how long will they take together?",6.4 days | 8.9 days | 4.9 days | 7.68 days,6.4 days,"Rates: \( 1/a + 1/b = 1/8 \), \( 1/b + 1/c = 1/12 \), \( 1/a + 1/c = 1/9.6 = 5/48 \). Add: \( 2(1/a + 1/b + 1/c) = 1/8 + 1/12 + 5/48 = (6 + 4 + 5)/48 = 15/48 = 5/16 \). Combined rate = \( 5/32 \). Time = \( 32/5 = 6.4 \) days.",rohanmistry231/CSE-Aptitude-Test-Practice-Hub,01 Quantitative Aptitude (Numerical Ability)/03 Advance/README.md
quantitative-aptitude-advanced-time-and-distance-0031,quantitative-aptitude,Quantitative Aptitude (Numerical Ability),Time and Distance,advanced,A boat travels 60 km downstream in 3 hours and upstream in 5 hours. Find the speed of the boat and stream.,"Boat: 16 km/h, Stream: 4 km/h | Boat: 21 km/h, Stream: 4 km/h | Boat: 13 km/h, Stream: 4 km/h | Boat: 32 km/h, Stream: 4 km/h","Boat: 16 km/h, Stream: 4 km/h",Downstream speed = \( 60/3 = 20 \) km/h. Upstream speed = \( 60/5 = 12 \) km/h. Boat speed = \( (20 + 12)/2 = 16 \) km/h. Stream speed = \( (20 - 12)/2 = 4 \) km/h.,rohanmistry231/CSE-Aptitude-Test-Practice-Hub,01 Quantitative Aptitude (Numerical Ability)/03 Advance/README.md
quantitative-aptitude-advanced-time-and-distance-0032,quantitative-aptitude,Quantitative Aptitude (Numerical Ability),Time and Distance,advanced,"Two cars start from A and B, 200 km apart, at 40 km/h and 60 km/h towards each other. When will they meet?",2 hours | 4 hours | 1 hours | 32 hours,2 hours,Relative speed = \( 40 + 60 = 100 \) km/h. Time = \( 200 / 100 = 2 \) hours.,rohanmistry231/CSE-Aptitude-Test-Practice-Hub,01 Quantitative Aptitude (Numerical Ability)/03 Advance/README.md
quantitative-aptitude-advanced-time-and-distance-0033,quantitative-aptitude,Quantitative Aptitude (Numerical Ability),Time and Distance,advanced,A man travels 300 km at 50 km/h and returns at 60 km/h. What is his average speed?,54.55 km/h | 57.05 km/h | 53.05 km/h | 65.46 km/h,54.55 km/h,"Time to go = \( 300 / 50 = 6 \) hours. Time to return = \( 300 / 60 = 5 \) hours. Total distance = \( 600 \) km, total time = \( 6 + 5 = 11 \) hours. Average speed = \( 600 / 11 \approx 54.55 \) km/h.",rohanmistry231/CSE-Aptitude-Test-Practice-Hub,01 Quantitative Aptitude (Numerical Ability)/03 Advance/README.md
quantitative-aptitude-advanced-time-and-distance-0034,quantitative-aptitude,Quantitative Aptitude (Numerical Ability),Time and Distance,advanced,A train passes a pole in 10 seconds and a platform 200 m long in 20 seconds. Find the train’s speed and length.,"Length: 200 m, Speed: 72 km/h | Length: 205 m, Speed: 72 km/h | Length: 197 m, Speed: 72 km/h | Length: 400 m, Speed: 72 km/h","Length: 200 m, Speed: 72 km/h","Let length = \( l \), speed = \( s \). Passing pole: \( s = l/10 \). Passing platform: \( s = (l + 200)/20 \). \( l/10 = (l + 200)/20 \), so \( 2l = l + 200 \), \( l = 200 \) m. Speed = \( 200 / 10 = 20 \) m/s = \( 20 \times 18/5 = 72 \) km/h.",rohanmistry231/CSE-Aptitude-Test-Practice-Hub,01 Quantitative Aptitude (Numerical Ability)/03 Advance/README.md
quantitative-aptitude-advanced-time-and-distance-0035,quantitative-aptitude,Quantitative Aptitude (Numerical Ability),Time and Distance,advanced,"Two trains, 150 m and 200 m long, travel in opposite directions at 50 km/h and 40 km/h. How long do they take to pass each other?",14 seconds | 19 seconds | 11 seconds | 28 seconds,14 seconds,Relative speed = \( 50 + 40 = 90 \) km/h = \( 90 \times 5/18 = 25 \) m/s. Total distance = \( 150 + 200 = 350 \) m. Time = \( 350 / 25 = 14 \) seconds.,rohanmistry231/CSE-Aptitude-Test-Practice-Hub,01 Quantitative Aptitude (Numerical Ability)/03 Advance/README.md
quantitative-aptitude-advanced-time-and-distance-0036,quantitative-aptitude,Quantitative Aptitude (Numerical Ability),Time and Distance,advanced,"A car covers a distance at 60 km/h and returns at 80 km/h. If the total time is 7 hours, find the distance one way.",240 km | 245 km | 237 km | 480 km,240 km,"Let distance = \( d \). Time = \( d/60 + d/80 = 7 \). \( (4d + 3d)/240 = 7 \), so \( 7d = 1680 \), \( d = 240 \) km.",rohanmistry231/CSE-Aptitude-Test-Practice-Hub,01 Quantitative Aptitude (Numerical Ability)/03 Advance/README.md
quantitative-aptitude-advanced-time-and-distance-0037,quantitative-aptitude,Quantitative Aptitude (Numerical Ability),Time and Distance,advanced,"A cyclist covers 120 km at a certain speed. If he increases speed by 5 km/h, he takes 1 hour less. Find the original speed.",22.12 km/h | 24.62 km/h | 20.62 km/h | 26.54 km/h,22.12 km/h,"Let original speed = \( s \). Time taken = \( 120/s \). New time = \( 120/(s+5) \). \( 120/s - 120/(s+5) = 1 \). Simplify: \( 120(s+5 - s) = s(s+5) \), so \( 600 = s^2 + 5s \). \( s^2 + 5s - 600 = 0 \). Solve: \( s = (-5 \pm \sqrt{25 + 2400})/2 = (-5 \pm 49.24)/2 \). \( s \approx 22.12 \) (discard negative).",rohanmistry231/CSE-Aptitude-Test-Practice-Hub,01 Quantitative Aptitude (Numerical Ability)/03 Advance/README.md
quantitative-aptitude-advanced-time-and-distance-0038,quantitative-aptitude,Quantitative Aptitude (Numerical Ability),Time and Distance,advanced,"Two trains leave stations 300 km apart at the same time, one at 60 km/h, the other at 80 km/h, towards each other. After how long will they meet?",2.14 hours | 4.64 hours | 0.64 hours | 2.57 hours,2.14 hours,Relative speed = \( 60 + 80 = 140 \) km/h. Time = \( 300 / 140 \approx 2.14 \) hours.,rohanmistry231/CSE-Aptitude-Test-Practice-Hub,01 Quantitative Aptitude (Numerical Ability)/03 Advance/README.md
quantitative-aptitude-advanced-time-and-distance-0039,quantitative-aptitude,Quantitative Aptitude (Numerical Ability),Time and Distance,advanced,"A boat’s speed in still water is 15 km/h, and the stream’s speed is 5 km/h. How long does it take to travel 60 km downstream and return?",9 hours | 14 hours | 6 hours | 18 hours,9 hours,Downstream speed = \( 15 + 5 = 20 \) km/h. Upstream speed = \( 15 - 5 = 10 \) km/h. Time downstream = \( 60 / 20 = 3 \) hours. Time upstream = \( 60 / 10 = 6 \) hours. Total time = \( 3 + 6 = 9 \) hours.,rohanmistry231/CSE-Aptitude-Test-Practice-Hub,01 Quantitative Aptitude (Numerical Ability)/03 Advance/README.md
quantitative-aptitude-advanced-time-and-distance-0040,quantitative-aptitude,Quantitative Aptitude (Numerical Ability),Time and Distance,advanced,"A man walks to a station at 4 km/h, misses a train by 5 minutes, and takes a bus at 20 km/h to catch it. If the distance is 10 km, find the train’s waiting time at the next station.",Requires clarification | None of the above | Both Requires clarif... and alternative | Insufficient data,Requires clarification,"Walking time = \( 10 / 4 = 2.5 \) hours. Misses by 5 minutes = \( 5/60 = 1/12 \) hour. Bus time = \( 10 / 20 = 0.5 \) hours. Total time = \( 2.5 + 0.5 = 3 \) hours. Train’s waiting time = time difference, but problem needs clarification. Assume recheck.",rohanmistry231/CSE-Aptitude-Test-Practice-Hub,01 Quantitative Aptitude (Numerical Ability)/03 Advance/README.md
quantitative-aptitude-advanced-ratios-and-proportions-0041,quantitative-aptitude,Quantitative Aptitude (Numerical Ability),Ratios and Proportions,advanced,"If \( a:b = 3:4 \), \( b:c = 5:6 \), and \( c:d = 7:8 \), find \( a:d \).",Requires re-solving | None of the above | Both Requires re-sol... and alternative | Insufficient data,Requires re-solving,"Make \( b \) and \( c \) common. LCM for \( b \): 4 and 5 = 20. \( a:b = 3:4 = 15:20 \), \( b:c = 5:6 = 20:24 \). LCM for \( c \): 24 and 7 = 168. \( b:c = 20:24 = 140:168 \), \( c:d = 7:8 = 168:192 \). \( a:b:c:d = 15:20:24:192/7 \). Adjust: \( a:d = 15:(192/7) \). Recalculate correctly later.",rohanmistry231/CSE-Aptitude-Test-Practice-Hub,01 Quantitative Aptitude (Numerical Ability)/03 Advance/README.md
quantitative-aptitude-advanced-ratios-and-proportions-0042,quantitative-aptitude,Quantitative Aptitude (Numerical Ability),Ratios and Proportions,advanced,"Divide $500 in the ratio 2:3:5. If the largest share is increased by $50, what is the new ratio?",2:3:6 | 4:3:6 | 1:3:6 | 32:3:6,2:3:6,"Total parts = \( 2 + 3 + 5 = 10 \). Shares = \( (2/10) \times 500 = 100 \), \( (3/10) \times 500 = 150 \), \( (5/10) \times 500 = 250 \). Largest share + 50 = \( 250 + 50 = 300 \). New ratio = \( 100:150:300 = 2:3:6 \).",rohanmistry231/CSE-Aptitude-Test-Practice-Hub,01 Quantitative Aptitude (Numerical Ability)/03 Advance/README.md
quantitative-aptitude-advanced-ratios-and-proportions-0043,quantitative-aptitude,Quantitative Aptitude (Numerical Ability),Ratios and Proportions,advanced,"The ratio of incomes of A and B is 4:5, and their expenditures are 3:4. If each saves $200, find their incomes.","$800, $1000 | $805, $1000 | $797, $1000 | $1600, $1000","$800, $1000","Let incomes be \( 4x \) and \( 5x \), expenditures \( 3y \) and \( 4y \). \( 4x - 3y = 200 \), \( 5x - 4y = 200 \). Multiply first by 4, second by 3: \( 16x - 12y = 800 \), \( 15x - 12y = 600 \). Subtract: \( x = 200 \). Incomes = \( 4 \times 200 = 800 \), \( 5 \times 200 = 1000 \).",rohanmistry231/CSE-Aptitude-Test-Practice-Hub,01 Quantitative Aptitude (Numerical Ability)/03 Advance/README.md
quantitative-aptitude-advanced-ratios-and-proportions-0044,quantitative-aptitude,Quantitative Aptitude (Numerical Ability),Ratios and Proportions,advanced,"If \( a:b = 2:3 \) and \( b:c = 4:5 \), and the difference between \( a \) and \( c \) is 15, find \( a \).",17.14 | 19.64 | 15.64 | 20.57,17.14,"Make \( b \) common. LCM of 3 and 4 = 12. \( a:b = 2:3 = 8:12 \), \( b:c = 4:5 = 12:15 \). \( a:b:c = 8:12:15 \). Let \( a = 8k \), \( c = 15k \). \( 15k - 8k = 15 \), so \( 7k = 15 \), \( k = 15/7 \). \( a = 8 \times 15/7 = 120/7 \approx 17.14 \).",rohanmistry231/CSE-Aptitude-Test-Practice-Hub,01 Quantitative Aptitude (Numerical Ability)/03 Advance/README.md
quantitative-aptitude-advanced-ratios-and-proportions-0045,quantitative-aptitude,Quantitative Aptitude (Numerical Ability),Ratios and Proportions,advanced,"A sum is divided in the ratio 3:5:7. If the smallest share is $120, find the total sum.",$600 | $605 | $597 | $1200,$600,"Total parts = \( 3 + 5 + 7 = 15 \). Smallest share = \( (3/15) \times x = 120 \). \( x/5 = 120 \), so \( x = 600 \).",rohanmistry231/CSE-Aptitude-Test-Practice-Hub,01 Quantitative Aptitude (Numerical Ability)/03 Advance/README.md
quantitative-aptitude-advanced-ratios-and-proportions-0046,quantitative-aptitude,Quantitative Aptitude (Numerical Ability),Ratios and Proportions,advanced,"If \( x:y = 5:6 \), \( y:z = 3:4 \), and \( z:w = 2:3 \), and \( w = 36 \), find \( x \).",15 | 20 | 12 | 30,15,"\( z:w = 2:3 \), so \( z = (2/3) \times 36 = 24 \). \( y:z = 3:4 \), so \( y = (3/4) \times 24 = 18 \). \( x:y = 5:6 \), so \( x = (5/6) \times 18 = 15 \).",rohanmistry231/CSE-Aptitude-Test-Practice-Hub,01 Quantitative Aptitude (Numerical Ability)/03 Advance/README.md
quantitative-aptitude-advanced-ratios-and-proportions-0047,quantitative-aptitude,Quantitative Aptitude (Numerical Ability),Ratios and Proportions,advanced,"The ratio of two numbers is 7:9, and their sum is 320. Find the numbers.",140 and 180 | 145 and 180 | 137 and 180 | 280 and 180,140 and 180,"Let numbers be \( 7x \) and \( 9x \). \( 7x + 9x = 320 \), so \( 16x = 320 \), \( x = 20 \). Numbers = \( 7 \times 20 = 140 \), \( 9 \times 20 = 180 \).",rohanmistry231/CSE-Aptitude-Test-Practice-Hub,01 Quantitative Aptitude (Numerical Ability)/03 Advance/README.md
quantitative-aptitude-advanced-ratios-and-proportions-0048,quantitative-aptitude,Quantitative Aptitude (Numerical Ability),Ratios and Proportions,advanced,"If \( a:b = 3:4 \) and \( b:c = 5:6 \), and \( a + c = 90 \), find \( b \).",46.15 | 48.65 | 44.65 | 55.38,46.15,"Make \( b \) common. LCM of 4 and 5 = 20. \( a:b = 3:4 = 15:20 \), \( b:c = 5:6 = 20:24 \). \( a:b:c = 15:20:24 \). Let \( a = 15k \), \( b = 20k \), \( c = 24k \). \( 15k + 24k = 90 \), so \( 39k = 90 \), \( k = 90/39 = 30/13 \). \( b = 20 \times 30/13 = 600/13 \approx 46.15 \).",rohanmistry231/CSE-Aptitude-Test-Practice-Hub,01 Quantitative Aptitude (Numerical Ability)/03 Advance/README.md
quantitative-aptitude-advanced-ratios-and-proportions-0049,quantitative-aptitude,Quantitative Aptitude (Numerical Ability),Ratios and Proportions,advanced,Divide $720 in the ratio 2:3:4:6. Find the largest share.,$288 | $293 | $285 | $576,$288,Total parts = \( 2 + 3 + 4 + 6 = 15 \). Largest share = \( (6/15) \times 720 = 288 \).,rohanmistry231/CSE-Aptitude-Test-Practice-Hub,01 Quantitative Aptitude (Numerical Ability)/03 Advance/README.md
quantitative-aptitude-advanced-ratios-and-proportions-0050,quantitative-aptitude,Quantitative Aptitude (Numerical Ability),Ratios and Proportions,advanced,"If the ratio of incomes of A, B, and C is 3:4:5, and their savings are in the ratio 2:3:4, and total savings are $900, find A’s income.",Requires re-solving | None of the above | Both Requires re-sol... and alternative | Insufficient data,Requires re-solving,"Let incomes be \( 3x, 4x, 5x \), savings \( 2y, 3y, 4y \). Total savings = \( 2y + 3y + 4y = 9y = 900 \), so \( y = 100 \). Savings = 200, 300, 400. Assume savings = income - expenditure, but need expenditures. Recalculate correctly later.",rohanmistry231/CSE-Aptitude-Test-Practice-Hub,01 Quantitative Aptitude (Numerical Ability)/03 Advance/README.md
quantitative-aptitude-advanced-averages-0051,quantitative-aptitude,Quantitative Aptitude (Numerical Ability),Averages,advanced,"The average of 10 numbers is 50. If two numbers, 60 and 70, are replaced by 40 and 30, find the new average.",44 | 49 | 41 | 88,44,Original sum = \( 10 \times 50 = 500 \). New sum = \( 500 - (60 + 70) + (40 + 30) = 500 - 130 + 70 = 440 \). New average = \( 440 / 10 = 44 \).,rohanmistry231/CSE-Aptitude-Test-Practice-Hub,01 Quantitative Aptitude (Numerical Ability)/03 Advance/README.md
quantitative-aptitude-advanced-averages-0052,quantitative-aptitude,Quantitative Aptitude (Numerical Ability),Averages,advanced,"The average weight of 8 people is 65 kg. If 3 people with average weight 70 kg leave, and 2 people join with average weight 60 kg, find the new average.",61.43 kg | 63.93 kg | 59.93 kg | 73.72 kg,61.43 kg,Original total = \( 8 \times 65 = 520 \) kg. Weight of 3 leaving = \( 3 \times 70 = 210 \) kg. Remaining = \( 520 - 210 = 310 \) kg. 2 join with \( 2 \times 60 = 120 \) kg. New total = \( 310 + 120 = 430 \) kg. New average = \( 430 / 7 \approx 61.43 \) kg.,rohanmistry231/CSE-Aptitude-Test-Practice-Hub,01 Quantitative Aptitude (Numerical Ability)/03 Advance/README.md
quantitative-aptitude-advanced-averages-0053,quantitative-aptitude,Quantitative Aptitude (Numerical Ability),Averages,advanced,"The average of 12 numbers is 48. If one number is increased by 10, and another decreased by 5, find the new average.",48.42 | 50.92 | 46.92 | 58.1,48.42,Original sum = \( 12 \times 48 = 576 \). New sum = \( 576 + 10 - 5 = 581 \). New average = \( 581 / 12 \approx 48.42 \).,rohanmistry231/CSE-Aptitude-Test-Practice-Hub,01 Quantitative Aptitude (Numerical Ability)/03 Advance/README.md
quantitative-aptitude-advanced-averages-0054,quantitative-aptitude,Quantitative Aptitude (Numerical Ability),Averages,advanced,"The average of 15 numbers is 60. If 5 numbers with average 65 are removed, find the average of the remaining numbers.",57.5 | 60 | 56 | 69,57.5,Total sum = \( 15 \times 60 = 900 \). Sum of 5 numbers = \( 5 \times 65 = 325 \). Remaining sum = \( 900 - 325 = 575 \). Average = \( 575 / 10 = 57.5 \).,rohanmistry231/CSE-Aptitude-Test-Practice-Hub,01 Quantitative Aptitude (Numerical Ability)/03 Advance/README.md
quantitative-aptitude-advanced-averages-0055,quantitative-aptitude,Quantitative Aptitude (Numerical Ability),Averages,advanced,"The average of 6 numbers is 45. If a seventh number is added, the average becomes 47. Find the seventh number.",59 | 64 | 56 | 118,59,Original sum = \( 6 \times 45 = 270 \). New sum = \( 7 \times 47 = 329 \). Seventh number = \( 329 - 270 = 59 \).,rohanmistry231/CSE-Aptitude-Test-Practice-Hub,01 Quantitative Aptitude (Numerical Ability)/03 Advance/README.md
quantitative-aptitude-advanced-averages-0056,quantitative-aptitude,Quantitative Aptitude (Numerical Ability),Averages,advanced,"The average of 9 numbers is 36. If three numbers with average 40 are replaced by three numbers with average 30, find the new average.",32.67 | 35.17 | 31.17 | 39.2,32.67,Original sum = \( 9 \times 36 = 324 \). Sum of removed numbers = \( 3 \times 40 = 120 \). Sum of new numbers = \( 3 \times 30 = 90 \). New sum = \( 324 - 120 + 90 = 294 \). New average = \( 294 / 9 \approx 32.67 \).,rohanmistry231/CSE-Aptitude-Test-Practice-Hub,01 Quantitative Aptitude (Numerical Ability)/03 Advance/README.md
quantitative-aptitude-advanced-averages-0057,quantitative-aptitude,Quantitative Aptitude (Numerical Ability),Averages,advanced,"The average of 10 numbers is 50. If one number is excluded, the average becomes 48. Find the excluded number.",68 | 73 | 65 | 136,68,Total sum = \( 10 \times 50 = 500 \). Sum of 9 numbers = \( 9 \times 48 = 432 \). Excluded number = \( 500 - 432 = 68 \).,rohanmistry231/CSE-Aptitude-Test-Practice-Hub,01 Quantitative Aptitude (Numerical Ability)/03 Advance/README.md
quantitative-aptitude-advanced-averages-0058,quantitative-aptitude,Quantitative Aptitude (Numerical Ability),Averages,advanced,"The average of 7 numbers is 42. If two numbers are increased by 5 each, and one is decreased by 10, find the new average.",42 | 47 | 39 | 84,42,Original sum = \( 7 \times 42 = 294 \). New sum = \( 294 + (5 + 5 - 10) = 294 \). New average = \( 294 / 7 = 42 \).,rohanmistry231/CSE-Aptitude-Test-Practice-Hub,01 Quantitative Aptitude (Numerical Ability)/03 Advance/README.md
quantitative-aptitude-advanced-averages-0059,quantitative-aptitude,Quantitative Aptitude (Numerical Ability),Averages,advanced,"The average age of a group of 10 people is 30 years. If a new person joins, and the average becomes 32, find the age of the new person.",52 years | 57 years | 49 years | 104 years,52 years,Original sum = \( 10 \times 30 = 300 \). New sum = \( 11 \times 32 = 352 \). New person’s age = \( 352 - 300 = 52 \).,rohanmistry231/CSE-Aptitude-Test-Practice-Hub,01 Quantitative Aptitude (Numerical Ability)/03 Advance/README.md
quantitative-aptitude-advanced-averages-0060,quantitative-aptitude,Quantitative Aptitude (Numerical Ability),Averages,advanced,"The average of 8 numbers is 55. If four numbers with average 60 are removed, find the average of the remaining numbers.",50 | 55 | 47 | 100,50,Total sum = \( 8 \times 55 = 440 \). Sum of removed numbers = \( 4 \times 60 = 240 \). Remaining sum = \( 440 - 240 = 200 \). Average = \( 200 / 4 = 50 \).,rohanmistry231/CSE-Aptitude-Test-Practice-Hub,01 Quantitative Aptitude (Numerical Ability)/03 Advance/README.md
quantitative-aptitude-advanced-simple-and-compound-interest-0061,quantitative-aptitude,Quantitative Aptitude (Numerical Ability),Simple and Compound Interest,advanced,"Find the compound interest on $5000 at 8% per annum for 3 years, compounded annually.",$1298.56 | $1301.06 | $1297.06 | $1558.27,$1298.56,Amount = \( 5000 \times (1 + 0.08)^3 = 5000 \times 1.259712 \approx 6298.56 \). CI = \( 6298.56 - 5000 = 1298.56 \).,rohanmistry231/CSE-Aptitude-Test-Practice-Hub,01 Quantitative Aptitude (Numerical Ability)/03 Advance/README.md
quantitative-aptitude-advanced-simple-and-compound-interest-0062,quantitative-aptitude,Quantitative Aptitude (Numerical Ability),Simple and Compound Interest,advanced,"If the simple interest on a sum is $600 at 5% for 4 years, and compound interest on the same sum at the same rate for 2 years is $315, find the principal.",$3000 | $3005 | $2997 | $6000,$3000,"SI: \( 600 = (P \times 5 \times 4) / 100 \), so \( P = 600 \times 100 / 20 = 3000 \). CI: Amount = \( 3000 \times (1 + 0.05)^2 = 3000 \times 1.1025 = 3307.5 \). CI = \( 3307.5 - 3000 = 307.5 \), close to 315, confirming \( P = 3000 \).",rohanmistry231/CSE-Aptitude-Test-Practice-Hub,01 Quantitative Aptitude (Numerical Ability)/03 Advance/README.md
quantitative-aptitude-advanced-simple-and-compound-interest-0063,quantitative-aptitude,Quantitative Aptitude (Numerical Ability),Simple and Compound Interest,advanced,Find the rate if the compound interest on $4000 for 2 years is $820.,9.77% | 12.27% | 8.27% | 11.72%,9.77%,"Amount = \( 4000 + 820 = 4820 \). \( 4820 = 4000 \times (1 + R/100)^2 \), so \( (1 + R/100)^2 = 4820 / 4000 = 1.205 \). \( 1 + R/100 = \sqrt{1.205} \approx 1.0977 \), so \( R/100 \approx 0.0977 \), \( R \approx 9.77\% \).",rohanmistry231/CSE-Aptitude-Test-Practice-Hub,01 Quantitative Aptitude (Numerical Ability)/03 Advance/README.md
quantitative-aptitude-advanced-simple-and-compound-interest-0064,quantitative-aptitude,Quantitative Aptitude (Numerical Ability),Simple and Compound Interest,advanced,"If the simple interest on a sum at 6% for 5 years is $750, find the compound interest at the same rate for 3 years.",$477.54 | $480.04 | $476.04 | $573.05,$477.54,"\( 750 = (P \times 6 \times 5) / 100 \), so \( P = 750 \times 100 / 30 = 2500 \). Amount for CI = \( 2500 \times (1 + 0.06)^3 = 2500 \times 1.191016 \approx 2977.54 \). CI = \( 2977.54 - 2500 \approx 477.54 \).",rohanmistry231/CSE-Aptitude-Test-Practice-Hub,01 Quantitative Aptitude (Numerical Ability)/03 Advance/README.md
quantitative-aptitude-advanced-simple-and-compound-interest-0065,quantitative-aptitude,Quantitative Aptitude (Numerical Ability),Simple and Compound Interest,advanced,Find the principal if the difference between compound and simple interest for 2 years at 10% is $50.,$5000 | $5005 | $4997 | $10000,$5000,Let principal = \( P \). SI = \( (P \times 10 \times 2) / 100 = 0.2P \). CI = \( P \times (1 + 0.1)^2 - P = P \times 1.21 - P = 0.21P \). Difference = \( 0.21P - 0.2P = 0.01P = 50 \). \( P = 50 / 0.01 = 5000 \).,rohanmistry231/CSE-Aptitude-Test-Practice-Hub,01 Quantitative Aptitude (Numerical Ability)/03 Advance/README.md
quantitative-aptitude-advanced-simple-and-compound-interest-0066,quantitative-aptitude,Quantitative Aptitude (Numerical Ability),Simple and Compound Interest,advanced,"Find the compound interest on $10000 at 5% for 4 years, compounded annually.",$2155.06 | $2157.56 | $2153.56 | $2586.07,$2155.06,Amount = \( 10000 \times (1 + 0.05)^4 = 10000 \times 1.21550625 \approx 12155.06 \). CI = \( 12155.06 - 10000 = 2155.06 \).,rohanmistry231/CSE-Aptitude-Test-Practice-Hub,01 Quantitative Aptitude (Numerical Ability)/03 Advance/README.md
quantitative-aptitude-advanced-simple-and-compound-interest-0067,quantitative-aptitude,Quantitative Aptitude (Numerical Ability),Simple and Compound Interest,advanced,"If the simple interest on a sum is $400 at 8% for 5 years, find the compound interest at 4% for 3 years.",$124.86 | $127.36 | $123.36 | $149.83,$124.86,"\( 400 = (P \times 8 \times 5) / 100 \), so \( P = 400 \times 100 / 40 = 1000 \). Amount for CI = \( 1000 \times (1 + 0.04)^3 = 1000 \times 1.124864 \approx 1124.86 \). CI = \( 1124.86 - 1000 \approx 124.86 \).",rohanmistry231/CSE-Aptitude-Test-Practice-Hub,01 Quantitative Aptitude (Numerical Ability)/03 Advance/README.md
quantitative-aptitude-advanced-simple-and-compound-interest-0068,quantitative-aptitude,Quantitative Aptitude (Numerical Ability),Simple and Compound Interest,advanced,"Find the rate if the simple interest on $2000 for 3 years is $360, and compound interest on the same sum for 2 years at the same rate is $254.4.",6% | 11% | 3% | 12%,6%,"\( 360 = (2000 \times R \times 3) / 100 \), so \( R = 360 \times 100 / 6000 = 6\% \). CI: Amount = \( 2000 \times (1 + 0.06)^2 = 2000 \times 1.1236 = 2247.2 \). CI = \( 2247.2 - 2000 = 247.2 \), close to 254.4, confirming \( R = 6\% \).",rohanmistry231/CSE-Aptitude-Test-Practice-Hub,01 Quantitative Aptitude (Numerical Ability)/03 Advance/README.md
quantitative-aptitude-advanced-simple-and-compound-interest-0069,quantitative-aptitude,Quantitative Aptitude (Numerical Ability),Simple and Compound Interest,advanced,Find the principal if the compound interest at 10% for 3 years is $3310.,$10000 | $10005 | $9997 | $20000,$10000,Let principal = \( P \). Amount = \( P \times (1 + 0.1)^3 = P \times 1.331 \). CI = \( 1.331P - P = 0.331P = 3310 \). \( P = 3310 / 0.331 = 10000 \).,rohanmistry231/CSE-Aptitude-Test-Practice-Hub,01 Quantitative Aptitude (Numerical Ability)/03 Advance/README.md
quantitative-aptitude-advanced-simple-and-compound-interest-0070,quantitative-aptitude,Quantitative Aptitude (Numerical Ability),Simple and Compound Interest,advanced,"If the simple interest on a sum at 7% for 4 years is $560, find the compound interest at 5% for 2 years.",$205 | $210 | $202 | $410,$205,"\( 560 = (P \times 7 \times 4) / 100 \), so \( P = 560 \times 100 / 28 = 2000 \). Amount for CI = \( 2000 \times (1 + 0.05)^2 = 2000 \times 1.1025 = 2205 \). CI = \( 2205 - 2000 = 205 \).",rohanmistry231/CSE-Aptitude-Test-Practice-Hub,01 Quantitative Aptitude (Numerical Ability)/03 Advance/README.md
quantitative-aptitude-advanced-number-systems-0071,quantitative-aptitude,Quantitative Aptitude (Numerical Ability),Number Systems,advanced,"Find the smallest number divisible by 12, 15, and 20.",60 | 65 | 57 | 120,60,"LCM of 12 (\( 2^2 \times 3 \)), 15 (\( 3 \times 5 \)), 20 (\( 2^2 \times 5 \)) = \( 2^2 \times 3 \times 5 = 60 \).",rohanmistry231/CSE-Aptitude-Test-Practice-Hub,01 Quantitative Aptitude (Numerical Ability)/03 Advance/README.md
quantitative-aptitude-advanced-number-systems-0072,quantitative-aptitude,Quantitative Aptitude (Numerical Ability),Number Systems,advanced,Find the largest 3-digit number divisible by 14 and 21.,966 | 971 | 963 | 1932,966,LCM of 14 and 21 = 42. Largest 3-digit number = 999. Divide: \( 999 / 42 \approx 23.7857 \). Largest multiple = \( 42 \times 23 = 966 \).,rohanmistry231/CSE-Aptitude-Test-Practice-Hub,01 Quantitative Aptitude (Numerical Ability)/03 Advance/README.md
quantitative-aptitude-advanced-number-systems-0073,quantitative-aptitude,Quantitative Aptitude (Numerical Ability),Number Systems,advanced,"If a number when divided by 13 leaves a remainder 5, and by 17 leaves 8, find the smallest such number.",161 | 166 | 158 | 322,161,"Number = \( 13k + 5 \). Also, \( 13k + 5 \equiv 8 \pmod{17} \), so \( 13k \equiv 3 \pmod{17} \). Find inverse of 13 mod 17: \( 13 \times 4 = 52 \equiv 1 \pmod{17} \). Multiply by 4: \( k \equiv 3 \times 4 = 12 \pmod{17} \). So, \( k = 17m + 12 \). Number = \( 13(17m + 12) + 5 = 221m + 161 \). Smallest = 161 (when \( m = 0 \)).",rohanmistry231/CSE-Aptitude-Test-Practice-Hub,01 Quantitative Aptitude (Numerical Ability)/03 Advance/README.md
quantitative-aptitude-advanced-number-systems-0074,quantitative-aptitude,Quantitative Aptitude (Numerical Ability),Number Systems,advanced,Find the sum of all 2-digit numbers divisible by 7.,728 | 733 | 725 | 1456,728,"Numbers: 14, 21, ..., 98. This is an AP with first term 14, common difference 7, last term 98. Number of terms: \( (98 - 14)/7 + 1 = 13 \). Sum = \( (13/2) \times (14 + 98) = 6.5 \times 112 = 728 \).",rohanmistry231/CSE-Aptitude-Test-Practice-Hub,01 Quantitative Aptitude (Numerical Ability)/03 Advance/README.md
quantitative-aptitude-advanced-number-systems-0075,quantitative-aptitude,Quantitative Aptitude (Numerical Ability),Number Systems,advanced,Find the number of zeros at the end of 50!.,12 | 17 | 9 | 24,12,"Zeros depend on pairs of 2 and 5. Count 5s: \( \lfloor 50/5 \rfloor + \lfloor 50/25 \rfloor = 10 + 2 = 12 \). Count 2s: \( \lfloor 50/2 \rfloor + \lfloor 50/4 \rfloor + \lfloor 50/8 \rfloor + \lfloor 50/16 \rfloor + \lfloor 50/32 \rfloor = 25 + 12 + 6 + 3 + 1 = 47 \). Zeros = min(12, 47) = 12.",rohanmistry231/CSE-Aptitude-Test-Practice-Hub,01 Quantitative Aptitude (Numerical Ability)/03 Advance/README.md
quantitative-aptitude-advanced-number-systems-0076,quantitative-aptitude,Quantitative Aptitude (Numerical Ability),Number Systems,advanced,Find the remainder when \( 2^{50} \) is divided by 7.,4 | 6 | 1 | 8,4,"Use Fermat’s: \( 2^6 \equiv 1 \pmod{7} \). So, \( 2^{50} = 2^{48} \times 2^2 = (2^6)^8 \times 4 \equiv 1^8 \times 4 = 4 \pmod{7} \).",rohanmistry231/CSE-Aptitude-Test-Practice-Hub,01 Quantitative Aptitude (Numerical Ability)/03 Advance/README.md
quantitative-aptitude-advanced-number-systems-0077,quantitative-aptitude,Quantitative Aptitude (Numerical Ability),Number Systems,advanced,"Find the smallest number that leaves remainders 2, 3, and 4 when divided by 5, 6, and 7.",207 | 212 | 204 | 414,207,"Number = \( 5k + 2 \). Also, \( 5k + 2 \equiv 3 \pmod{6} \), so \( 5k \equiv 1 \pmod{6} \). Inverse of 5 mod 6: \( 5 \times 5 = 25 \equiv 1 \pmod{6} \). \( k \equiv 1 \times 5 = 5 \pmod{6} \), so \( k = 6m + 5 \). Number = \( 5(6m + 5) + 2 = 30m + 27 \). Check mod 7: \( 30m + 27 \equiv 4 \pmod{7} \). \( 2m + 6 \equiv 4 \pmod{7} \), so \( 2m \equiv 5 \pmod{7} \). Inverse of 2 mod 7: \( 2 \times 4 = 8 \equiv 1 \). \( m \equiv 5 \times 4 = 20 \equiv 6 \pmod{7} \). \( m = 7n + 6 \). Number = \( 30(7n + 6) + 27 = 210n + 207 \). Smallest = 207 (when \( n = 0 \)).",rohanmistry231/CSE-Aptitude-Test-Practice-Hub,01 Quantitative Aptitude (Numerical Ability)/03 Advance/README.md
quantitative-aptitude-advanced-number-systems-0078,quantitative-aptitude,Quantitative Aptitude (Numerical Ability),Number Systems,advanced,"Find the sum of the first 20 terms of the series 3, 7, 11, ...",820 | 825 | 817 | 1640,820,"AP with first term 3, common difference 4. Sum = \( (20/2) \times (2 \times 3 + (20-1) \times 4) = 10 \times (6 + 76) = 820 \).",rohanmistry231/CSE-Aptitude-Test-Practice-Hub,01 Quantitative Aptitude (Numerical Ability)/03 Advance/README.md
quantitative-aptitude-advanced-number-systems-0079,quantitative-aptitude,Quantitative Aptitude (Numerical Ability),Number Systems,advanced,Find the number of divisors of 360.,24 | 29 | 21 | 48,24,Prime factorization: \( 360 = 2^3 \times 3^2 \times 5^1 \). Number of divisors = \( (3+1) \times (2+1) \times (1+1) = 4 \times 3 \times 2 = 24 \).,rohanmistry231/CSE-Aptitude-Test-Practice-Hub,01 Quantitative Aptitude (Numerical Ability)/03 Advance/README.md
quantitative-aptitude-advanced-number-systems-0080,quantitative-aptitude,Quantitative Aptitude (Numerical Ability),Number Systems,advanced,Find the remainder when \( 3^{100} \) is divided by 13.,3 | 5 | 1 | 6,3,"Fermat’s: \( 3^{12} \equiv 1 \pmod{13} \). So, \( 3^{100} = 3^{96} \times 3^4 = (3^{12})^8 \times 81 \equiv 1^8 \times 81 \equiv 81 \equiv 3 \pmod{13} \).",rohanmistry231/CSE-Aptitude-Test-Practice-Hub,01 Quantitative Aptitude (Numerical Ability)/03 Advance/README.md
quantitative-aptitude-advanced-permutations-and-combinations-0081,quantitative-aptitude,Quantitative Aptitude (Numerical Ability),Permutations and Combinations,advanced,In how many ways can 5 men and 3 women be seated in a row if all women sit together?,4320 | 4325 | 4317 | 8640,4320,Treat 3 women as 1 unit. Total units = \( 5 + 1 = 6 \). Arrange units in \( 6! = 720 \) ways. Arrange women within unit in \( 3! = 6 \) ways. Total = \( 720 \times 6 = 4320 \).,rohanmistry231/CSE-Aptitude-Test-Practice-Hub,01 Quantitative Aptitude (Numerical Ability)/03 Advance/README.md
quantitative-aptitude-advanced-permutations-and-combinations-0082,quantitative-aptitude,Quantitative Aptitude (Numerical Ability),Permutations and Combinations,advanced,"How many 4-letter words can be formed from the letters A, B, C, D, E with repetition allowed?",625 | 630 | 622 | 1250,625,Each position has 5 choices. Total = \( 5^4 = 625 \).,rohanmistry231/CSE-Aptitude-Test-Practice-Hub,01 Quantitative Aptitude (Numerical Ability)/03 Advance/README.md
quantitative-aptitude-advanced-permutations-and-combinations-0083,quantitative-aptitude,Quantitative Aptitude (Numerical Ability),Permutations and Combinations,advanced,In how many ways can 6 people be divided into 3 teams of 2 each?,15 | 20 | 12 | 30,15,"Choose pairs: First pair = \( C(6,2) = 15 \). Second pair = \( C(4,2) = 6 \). Third pair = \( C(2,2) = 1 \). Total = \( 15 \times 6 \times 1 / 3! = 90 / 6 = 15 \).",rohanmistry231/CSE-Aptitude-Test-Practice-Hub,01 Quantitative Aptitude (Numerical Ability)/03 Advance/README.md
quantitative-aptitude-advanced-permutations-and-combinations-0084,quantitative-aptitude,Quantitative Aptitude (Numerical Ability),Permutations and Combinations,advanced,How many ways can 4 identical red balls and 3 identical blue balls be arranged in a row?,35 | 40 | 32 | 70,35,"Total balls = \( 4 + 3 = 7 \). Arrangements = \( C(7,4) = 35 \).",rohanmistry231/CSE-Aptitude-Test-Practice-Hub,01 Quantitative Aptitude (Numerical Ability)/03 Advance/README.md
quantitative-aptitude-advanced-permutations-and-combinations-0085,quantitative-aptitude,Quantitative Aptitude (Numerical Ability),Permutations and Combinations,advanced,In how many ways can 5 books be arranged on a shelf if 2 specific books must be together?,48 | 53 | 45 | 96,48,Treat 2 books as 1 unit. Total units = \( 4 \). Arrange in \( 4! = 24 \) ways. Arrange 2 books within unit in \( 2! = 2 \) ways. Total = \( 24 \times 2 = 48 \).,rohanmistry231/CSE-Aptitude-Test-Practice-Hub,01 Quantitative Aptitude (Numerical Ability)/03 Advance/README.md
quantitative-aptitude-advanced-permutations-and-combinations-0086,quantitative-aptitude,Quantitative Aptitude (Numerical Ability),Permutations and Combinations,advanced,How many ways can 3 prizes be distributed among 5 students if each student can receive at most one prize?,60 | 65 | 57 | 120,60,"Number of ways = \( P(5,3) = 5 \times 4 \times 3 = 60 \).",rohanmistry231/CSE-Aptitude-Test-Practice-Hub,01 Quantitative Aptitude (Numerical Ability)/03 Advance/README.md
quantitative-aptitude-advanced-permutations-and-combinations-0087,quantitative-aptitude,Quantitative Aptitude (Numerical Ability),Permutations and Combinations,advanced,"How many 3-digit numbers can be formed using 1, 2, 3, 4, 5 if digits can repeat?",125 | 130 | 122 | 250,125,Each digit has 5 choices. Total = \( 5^3 = 125 \).,rohanmistry231/CSE-Aptitude-Test-Practice-Hub,01 Quantitative Aptitude (Numerical Ability)/03 Advance/README.md
quantitative-aptitude-advanced-permutations-and-combinations-0088,quantitative-aptitude,Quantitative Aptitude (Numerical Ability),Permutations and Combinations,advanced,In how many ways can 4 men and 4 women be seated alternately in a row?,576 | 581 | 573 | 1152,576,Arrange 4 men in 4 positions: \( 4! = 24 \). Arrange 4 women in remaining 4 positions: \( 4! = 24 \). Total = \( 24 \times 24 = 576 \).,rohanmistry231/CSE-Aptitude-Test-Practice-Hub,01 Quantitative Aptitude (Numerical Ability)/03 Advance/README.md
quantitative-aptitude-advanced-permutations-and-combinations-0089,quantitative-aptitude,Quantitative Aptitude (Numerical Ability),Permutations and Combinations,advanced,How many ways can 6 different gifts be given to 4 children if each child gets at least one gift?,Requires detailed calculation; assume 1560 after checking | Requires detailed calculation; assume 1565 after checking | Requires detailed calculation; assume 1557 after checking | Requires detailed calculation; assume 3120 after checking,Requires detailed calculation; assume 1560 after checking,Use Stirling number or inclusion-exclusion. Total ways = \( 4^6 = 4096 \). Subtract cases where at least one child gets none (simplify later).,rohanmistry231/CSE-Aptitude-Test-Practice-Hub,01 Quantitative Aptitude (Numerical Ability)/03 Advance/README.md
quantitative-aptitude-advanced-permutations-and-combinations-0090,quantitative-aptitude,Quantitative Aptitude (Numerical Ability),Permutations and Combinations,advanced,How many ways can 5 identical balls be placed in 3 distinct boxes?,21 | 26 | 18 | 42,21,"Stars and bars: Number of ways = \( C(5+3-1, 3-1) = C(7,2) = 21 \).",rohanmistry231/CSE-Aptitude-Test-Practice-Hub,01 Quantitative Aptitude (Numerical Ability)/03 Advance/README.md
quantitative-aptitude-advanced-probability-0091,quantitative-aptitude,Quantitative Aptitude (Numerical Ability),Probability,advanced,"A bag contains 5 red, 3 blue, and 2 green balls. What is the probability of drawing 2 red balls in succession without replacement?",2/9 | 4/9 | 1/9 | 32/9,2/9,Total balls = 10. Probability = \( (5/10) \times (4/9) = 20/90 = 2/9 \).,rohanmistry231/CSE-Aptitude-Test-Practice-Hub,01 Quantitative Aptitude (Numerical Ability)/03 Advance/README.md
quantitative-aptitude-advanced-probability-0092,quantitative-aptitude,Quantitative Aptitude (Numerical Ability),Probability,advanced,Two cards are drawn from a deck of 52 without replacement. What is the probability that both are aces?,1/221 | 3/221 | 2/221 | 31/221,1/221,Probability = \( (4/52) \times (3/51) = 12/2652 = 1/221 \).,rohanmistry231/CSE-Aptitude-Test-Practice-Hub,01 Quantitative Aptitude (Numerical Ability)/03 Advance/README.md
quantitative-aptitude-advanced-probability-0093,quantitative-aptitude,Quantitative Aptitude (Numerical Ability),Probability,advanced,A die is rolled 3 times. What is the probability of getting at least one 6?,91/216 | 96/216 | 88/216 | 182/216,91/216,Probability of no 6 = \( (5/6)^3 = 125/216 \). Probability of at least one 6 = \( 1 - 125/216 = 91/216 \).,rohanmistry231/CSE-Aptitude-Test-Practice-Hub,01 Quantitative Aptitude (Numerical Ability)/03 Advance/README.md
quantitative-aptitude-advanced-probability-0094,quantitative-aptitude,Quantitative Aptitude (Numerical Ability),Probability,advanced,A box contains 4 defective and 6 non-defective items. What is the probability of drawing 2 defective items in succession without replacement?,2/15 | 4/15 | 1/15 | 32/15,2/15,Probability = \( (4/10) \times (3/9) = 12/90 = 2/15 \).,rohanmistry231/CSE-Aptitude-Test-Practice-Hub,01 Quantitative Aptitude (Numerical Ability)/03 Advance/README.md
quantitative-aptitude-advanced-probability-0095,quantitative-aptitude,Quantitative Aptitude (Numerical Ability),Probability,advanced,Three coins are tossed. What is the probability of getting exactly 2 heads or exactly 2 tails?,3/4 | 5/4 | 1/4 | 6/4,3/4,"Total outcomes = \( 2^3 = 8 \). Exactly 2 heads = {HHT, HTH, THH} = 3. Exactly 2 tails = {TTH, THT, HTT} = 3. Probability = \( (3 + 3)/8 = 6/8 = 3/4 \).",rohanmistry231/CSE-Aptitude-Test-Practice-Hub,01 Quantitative Aptitude (Numerical Ability)/03 Advance/README.md
quantitative-aptitude-advanced-probability-0096,quantitative-aptitude,Quantitative Aptitude (Numerical Ability),Probability,advanced,A bag has 6 red and 4 black balls. Two balls are drawn with replacement. What is the probability that both are red?,9/25 | 14/25 | 6/25 | 18/25,9/25,Probability = \( (6/10) \times (6/10) = 36/100 = 9/25 \).,rohanmistry231/CSE-Aptitude-Test-Practice-Hub,01 Quantitative Aptitude (Numerical Ability)/03 Advance/README.md
quantitative-aptitude-advanced-probability-0097,quantitative-aptitude,Quantitative Aptitude (Numerical Ability),Probability,advanced,A committee of 3 is formed from 5 men and 4 women. What is the probability that it has at least one woman?,37/42 | 42/42 | 34/42 | 74/42,37/42,"Total ways = \( C(9,3) = 84 \). No women = \( C(5,3) = 10 \). At least one woman = \( 84 - 10 = 74 \). Probability = \( 74/84 = 37/42 \).",rohanmistry231/CSE-Aptitude-Test-Practice-Hub,01 Quantitative Aptitude (Numerical Ability)/03 Advance/README.md
quantitative-aptitude-advanced-probability-0098,quantitative-aptitude,Quantitative Aptitude (Numerical Ability),Probability,advanced,Two dice are rolled. What is the probability that the sum is 8 or both numbers are even?,13/36 | 18/36 | 10/36 | 26/36,13/36,"Total outcomes = 36. Sum = 8: {(2,6), (3,5), (4,4), (5,3), (6,2)} = 5. Both even: {(2,2), (2,4), (2,6), (4,2), (4,4), (4,6), (6,2), (6,4), (6,6)} = 9. Intersection (sum 8 and both even): {(4,4)} = 1. Probability = \( (5 + 9 - 1)/36 = 13/36 \).",rohanmistry231/CSE-Aptitude-Test-Practice-Hub,01 Quantitative Aptitude (Numerical Ability)/03 Advance/README.md
quantitative-aptitude-advanced-probability-0099,quantitative-aptitude,Quantitative Aptitude (Numerical Ability),Probability,advanced,A card is drawn from a deck. What is the probability it is a king or a spade?,4/13 | 6/13 | 1/13 | 8/13,4/13,"Kings = 4, Spades = 13, King of spades = 1. Probability = \( (4 + 13 - 1)/52 = 16/52 = 4/13 \).",rohanmistry231/CSE-Aptitude-Test-Practice-Hub,01 Quantitative Aptitude (Numerical Ability)/03 Advance/README.md
quantitative-aptitude-advanced-probability-0100,quantitative-aptitude,Quantitative Aptitude (Numerical Ability),Probability,advanced,"A bag contains 3 white, 4 black, and 5 red balls. What is the probability of drawing a white or red ball?",2/3 | 4/3 | 1/3 | 32/3,2/3,Total balls = \( 3 + 4 + 5 = 12 \). White or red = \( 3 + 5 = 8 \). Probability = \( 8/12 = 2/3 \).,rohanmistry231/CSE-Aptitude-Test-Practice-Hub,01 Quantitative Aptitude (Numerical Ability)/03 Advance/README.md
logical-reasoning-basic-series-0001,logical-reasoning,Logical Reasoning (Analytical Ability),Series,basic,"Find the next number in the series: 2, 4, 6, 8, ?",10 | 15 | 7 | 20,10,"The series is arithmetic with a common difference of 2: 2 + 2 = 4, 4 + 2 = 6, 6 + 2 = 8. Next number: 8 + 2 = 10.",rohanmistry231/CSE-Aptitude-Test-Practice-Hub,02 Logical Reasoning (Analytical Ability)/01 Basic/README.md
logical-reasoning-basic-series-0002,logical-reasoning,Logical Reasoning (Analytical Ability),Series,basic,"Find the next number: 1, 3, 9, 27, ?",81 | 86 | 78 | 162,81,"The series is geometric: each term is multiplied by 3 (1 × 3 = 3, 3 × 3 = 9, 9 × 3 = 27). Next number: 27 × 3 = 81.",rohanmistry231/CSE-Aptitude-Test-Practice-Hub,02 Logical Reasoning (Analytical Ability)/01 Basic/README.md
logical-reasoning-basic-series-0003,logical-reasoning,Logical Reasoning (Analytical Ability),Series,basic,"Find the next number: 5, 10, 20, 40, ?",80 | 85 | 77 | 160,80,"Each term is multiplied by 2: 5 × 2 = 10, 10 × 2 = 20, 20 × 2 = 40. Next number: 40 × 2 = 80.",rohanmistry231/CSE-Aptitude-Test-Practice-Hub,02 Logical Reasoning (Analytical Ability)/01 Basic/README.md
logical-reasoning-basic-series-0004,logical-reasoning,Logical Reasoning (Analytical Ability),Series,basic,"Find the next number: 1, 4, 7, 10, ?",13 | 18 | 10 | 26,13,"Arithmetic series with a common difference of 3: 1 + 3 = 4, 4 + 3 = 7, 7 + 3 = 10. Next number: 10 + 3 = 13.",rohanmistry231/CSE-Aptitude-Test-Practice-Hub,02 Logical Reasoning (Analytical Ability)/01 Basic/README.md
logical-reasoning-basic-series-0005,logical-reasoning,Logical Reasoning (Analytical Ability),Series,basic,"Find the missing number: 2, 5, 11, ?, 26",23 | 28 | 20 | 46,23,"The series follows a pattern: 2 × 2 + 1 = 5, 5 × 2 + 1 = 11, 11 × 2 + 1 = 23, 23 × 2 + 1 = 47. Missing number: 23.",rohanmistry231/CSE-Aptitude-Test-Practice-Hub,02 Logical Reasoning (Analytical Ability)/01 Basic/README.md
logical-reasoning-basic-series-0006,logical-reasoning,Logical Reasoning (Analytical Ability),Series,basic,"Find the next number: 3, 6, 12, 24, ?",48 | 53 | 45 | 96,48,"Each term is multiplied by 2: 3 × 2 = 6, 6 × 2 = 12, 12 × 2 = 24. Next number: 24 × 2 = 48.",rohanmistry231/CSE-Aptitude-Test-Practice-Hub,02 Logical Reasoning (Analytical Ability)/01 Basic/README.md
logical-reasoning-basic-series-0007,logical-reasoning,Logical Reasoning (Analytical Ability),Series,basic,"Find the next number: 10, 8, 6, 4, ?",2 | 4 | 1 | 32,2,"Arithmetic series with a common difference of -2: 10 - 2 = 8, 8 - 2 = 6, 6 - 2 = 4. Next number: 4 - 2 = 2.",rohanmistry231/CSE-Aptitude-Test-Practice-Hub,02 Logical Reasoning (Analytical Ability)/01 Basic/README.md
logical-reasoning-basic-series-0008,logical-reasoning,Logical Reasoning (Analytical Ability),Series,basic,"Find the missing number: 1, 2, 4, 7, ?, 22",11 | 16 | 8 | 22,11,"Differences: 2-1 = 1, 4-2 = 2, 7-4 = 3, next difference is 4, so 7 + 4 = 11. Next difference is 5: 11 + 5 = 16, then 6: 16 + 6 = 22. Missing number: 11.",rohanmistry231/CSE-Aptitude-Test-Practice-Hub,02 Logical Reasoning (Analytical Ability)/01 Basic/README.md
logical-reasoning-basic-series-0009,logical-reasoning,Logical Reasoning (Analytical Ability),Series,basic,"Find the next number: 1, 1, 2, 3, 5, ?",8 | 13 | 5 | 16,8,"Fibonacci series: each term is the sum of the two preceding ones (1 + 1 = 2, 1 + 2 = 3, 2 + 3 = 5). Next number: 3 + 5 = 8.",rohanmistry231/CSE-Aptitude-Test-Practice-Hub,02 Logical Reasoning (Analytical Ability)/01 Basic/README.md
logical-reasoning-basic-series-0010,logical-reasoning,Logical Reasoning (Analytical Ability),Series,basic,"Find the next number: 4, 16, 64, 256, ?",1024 | 1029 | 1021 | 2048,1024,"Each term is multiplied by 4: 4 × 4 = 16, 16 × 4 = 64, 64 × 4 = 256. Next number: 256 × 4 = 1024.",rohanmistry231/CSE-Aptitude-Test-Practice-Hub,02 Logical Reasoning (Analytical Ability)/01 Basic/README.md
logical-reasoning-basic-analogies-0011,logical-reasoning,Logical Reasoning (Analytical Ability),Analogies,basic,Cat : Meow :: Dog : ?,Bark | None of the above | Both Bark... and alternative | Insufficient data,Bark,A cat’s sound is “meow”; a dog’s sound is “bark.”,rohanmistry231/CSE-Aptitude-Test-Practice-Hub,02 Logical Reasoning (Analytical Ability)/01 Basic/README.md
logical-reasoning-basic-analogies-0012,logical-reasoning,Logical Reasoning (Analytical Ability),Analogies,basic,Pen : Write :: Scissors : ?,Cut | None of the above | Both Cut... and alternative | Insufficient data,Cut,A pen is used to write; scissors are used to cut.,rohanmistry231/CSE-Aptitude-Test-Practice-Hub,02 Logical Reasoning (Analytical Ability)/01 Basic/README.md
logical-reasoning-basic-analogies-0013,logical-reasoning,Logical Reasoning (Analytical Ability),Analogies,basic,Big : Small :: Tall : ?,Short | None of the above | Both Short... and alternative | Insufficient data,Short,Big is the opposite of small; tall is the opposite of short.,rohanmistry231/CSE-Aptitude-Test-Practice-Hub,02 Logical Reasoning (Analytical Ability)/01 Basic/README.md
logical-reasoning-basic-analogies-0014,logical-reasoning,Logical Reasoning (Analytical Ability),Analogies,basic,Apple : Fruit :: Carrot : ?,Vegetable | None of the above | Both Vegetable... and alternative | Insufficient data,Vegetable,Apple is a type of fruit; carrot is a type of vegetable.,rohanmistry231/CSE-Aptitude-Test-Practice-Hub,02 Logical Reasoning (Analytical Ability)/01 Basic/README.md
logical-reasoning-basic-analogies-0015,logical-reasoning,Logical Reasoning (Analytical Ability),Analogies,basic,Book : Page :: Kitchen : ?,Utensils | None of the above | Both Utensils... and alternative | Insufficient data,Utensils,"A book contains pages; a kitchen contains utensils (or appliances, but utensils is more specific).",rohanmistry231/CSE-Aptitude-Test-Practice-Hub,02 Logical Reasoning (Analytical Ability)/01 Basic/README.md
logical-reasoning-basic-analogies-0016,logical-reasoning,Logical Reasoning (Analytical Ability),Analogies,basic,Sun : Day :: Moon : ?,Night | None of the above | Both Night... and alternative | Insufficient data,Night,Sun is associated with day; moon is associated with night.,rohanmistry231/CSE-Aptitude-Test-Practice-Hub,02 Logical Reasoning (Analytical Ability)/01 Basic/README.md
logical-reasoning-basic-analogies-0017,logical-reasoning,Logical Reasoning (Analytical Ability),Analogies,basic,Teacher : Classroom :: Chef : ?,Kitchen | None of the above | Both Kitchen... and alternative | Insufficient data,Kitchen,A teacher works in a classroom; a chef works in a kitchen.,rohanmistry231/CSE-Aptitude-Test-Practice-Hub,02 Logical Reasoning (Analytical Ability)/01 Basic/README.md
logical-reasoning-basic-analogies-0018,logical-reasoning,Logical Reasoning (Analytical Ability),Analogies,basic,Bird : Fly :: Fish : ?,Swim | None of the above | Both Swim... and alternative | Insufficient data,Swim,A bird moves by flying; a fish moves by swimming.,rohanmistry231/CSE-Aptitude-Test-Practice-Hub,02 Logical Reasoning (Analytical Ability)/01 Basic/README.md
logical-reasoning-basic-analogies-0019,logical-reasoning,Logical Reasoning (Analytical Ability),Analogies,basic,Foot : Shoe :: Hand : ?,Glove | None of the above | Both Glove... and alternative | Insufficient data,Glove,A foot is covered by a shoe; a hand is covered by a glove.,rohanmistry231/CSE-Aptitude-Test-Practice-Hub,02 Logical Reasoning (Analytical Ability)/01 Basic/README.md
logical-reasoning-basic-analogies-0020,logical-reasoning,Logical Reasoning (Analytical Ability),Analogies,basic,Car : Road :: Boat : ?,Water | None of the above | Both Water... and alternative | Insufficient data,Water,A car travels on a road; a boat travels on water.,rohanmistry231/CSE-Aptitude-Test-Practice-Hub,02 Logical Reasoning (Analytical Ability)/01 Basic/README.md
logical-reasoning-basic-coding-decoding-0021,logical-reasoning,Logical Reasoning (Analytical Ability),Coding-Decoding,basic,"If “CAT” is coded as “DBU,” how is “DOG” coded?",EPH | None of the above | Both EPH... and alternative | Insufficient data,EPH,"Each letter in CAT is shifted forward by 1 (C→D, A→B, T→U). For DOG: D+1=E, O+1=P, G+1=H.",rohanmistry231/CSE-Aptitude-Test-Practice-Hub,02 Logical Reasoning (Analytical Ability)/01 Basic/README.md
logical-reasoning-basic-coding-decoding-0022,logical-reasoning,Logical Reasoning (Analytical Ability),Coding-Decoding,basic,"If “BOOK” is coded as “CPPL,” how is “READ” coded?",SFBE | None of the above | Both SFBE... and alternative | Insufficient data,SFBE,"Each letter is shifted forward by 1: B→C, O→P, O→P, K→L. For READ: R+1=S, E+1=F, A+1=B, D+1=E.",rohanmistry231/CSE-Aptitude-Test-Practice-Hub,02 Logical Reasoning (Analytical Ability)/01 Basic/README.md
logical-reasoning-basic-coding-decoding-0023,logical-reasoning,Logical Reasoning (Analytical Ability),Coding-Decoding,basic,"If “MAN” is coded as “NBO,” how is “PEN” coded?",QFO | None of the above | Both QFO... and alternative | Insufficient data,QFO,"Each letter is shifted forward by 1: M→N, A→B, N→O. For PEN: P+1=Q, E+1=F, N+1=O.",rohanmistry231/CSE-Aptitude-Test-Practice-Hub,02 Logical Reasoning (Analytical Ability)/01 Basic/README.md
logical-reasoning-basic-coding-decoding-0024,logical-reasoning,Logical Reasoning (Analytical Ability),Coding-Decoding,basic,"If “FISH” is coded as “EJRI,” how is “BIRD” coded?",AHQC | None of the above | Both AHQC... and alternative | Insufficient data,AHQC,"Each letter is shifted backward by 1: F→E, I→J, S→R, H→I. For BIRD: B-1=A, I-1=H, R-1=Q, D-1=C.",rohanmistry231/CSE-Aptitude-Test-Practice-Hub,02 Logical Reasoning (Analytical Ability)/01 Basic/README.md
logical-reasoning-basic-coding-decoding-0025,logical-reasoning,Logical Reasoning (Analytical Ability),Coding-Decoding,basic,"If “APPLE” is coded as “BQQMF,” how is “GRAPE” coded?",HSBQF | None of the above | Both HSBQF... and alternative | Insufficient data,HSBQF,"Each letter is shifted forward by 1: A→B, P→Q, P→Q, L→M, E→F. For GRAPE: G+1=H, R+1=S, A+1=B, P+1=Q, E+1=F.",rohanmistry231/CSE-Aptitude-Test-Practice-Hub,02 Logical Reasoning (Analytical Ability)/01 Basic/README.md
logical-reasoning-basic-coding-decoding-0026,logical-reasoning,Logical Reasoning (Analytical Ability),Coding-Decoding,basic,"If “SUN” is coded as 54, how is “MOON” coded?",57 | 62 | 54 | 114,57,"SUN: S=19, U=21, N=14; sum = 19+21+14 = 54. MOON: M=13, O=15, O=15, N=14; sum = 13+15+15+14 = 57.",rohanmistry231/CSE-Aptitude-Test-Practice-Hub,02 Logical Reasoning (Analytical Ability)/01 Basic/README.md
logical-reasoning-basic-coding-decoding-0027,logical-reasoning,Logical Reasoning (Analytical Ability),Coding-Decoding,basic,"If “DOG” is coded as “WLT,” how is “CAT” coded?",SZB | None of the above | Both SZB... and alternative | Insufficient data,SZB,"Each letter is shifted backward by 1 in reverse order: D→C (W), O→N (L), G→F (T). For CAT: Reverse = TAC; T-1=S, A-1=Z, C-1=B. Code = SZB.",rohanmistry231/CSE-Aptitude-Test-Practice-Hub,02 Logical Reasoning (Analytical Ability)/01 Basic/README.md
logical-reasoning-basic-coding-decoding-0028,logical-reasoning,Logical Reasoning (Analytical Ability),Coding-Decoding,basic,"If “STAR” is coded as “TUBS,” how is “MOON” coded?",NPPO | None of the above | Both NPPO... and alternative | Insufficient data,NPPO,"Each letter is shifted forward by 1: S→T, T→U, A→B, R→S. For MOON: M+1=N, O+1=P, O+1=P, N+1=O.",rohanmistry231/CSE-Aptitude-Test-Practice-Hub,02 Logical Reasoning (Analytical Ability)/01 Basic/README.md
logical-reasoning-basic-coding-decoding-0029,logical-reasoning,Logical Reasoning (Analytical Ability),Coding-Decoding,basic,"If “COW” is coded as 24, how is “PIG” coded?",32 | 37 | 29 | 64,32,"COW: C=3, O=15, W=23; sum = 3+15+23 = 41 (but given 24, assume positional sum or typo). Assume sum of positions: P=16, I=9, G=7; sum = 16+9+7 = 32.",rohanmistry231/CSE-Aptitude-Test-Practice-Hub,02 Logical Reasoning (Analytical Ability)/01 Basic/README.md
logical-reasoning-basic-coding-decoding-0030,logical-reasoning,Logical Reasoning (Analytical Ability),Coding-Decoding,basic,"If “BALL” is coded as “CBMM,” how is “GAME” coded?",HBNF | None of the above | Both HBNF... and alternative | Insufficient data,HBNF,"Each letter is shifted forward by 1: B→C, A→B, L→M, L→M. For GAME: G+1=H, A+1=B, M+1=N, E+1=F.",rohanmistry231/CSE-Aptitude-Test-Practice-Hub,02 Logical Reasoning (Analytical Ability)/01 Basic/README.md
logical-reasoning-basic-blood-relations-0031,logical-reasoning,Logical Reasoning (Analytical Ability),Blood Relations,basic,"A is B’s brother, and C is B’s sister. If D is C’s mother, who is D to A?",Mother | None of the above | Both Mother... and alternative | Insufficient data,Mother,"A and B are brothers, C is their sister, D is C’s mother. D is the mother of A, B, and C.",rohanmistry231/CSE-Aptitude-Test-Practice-Hub,02 Logical Reasoning (Analytical Ability)/01 Basic/README.md
logical-reasoning-basic-blood-relations-0032,logical-reasoning,Logical Reasoning (Analytical Ability),Blood Relations,basic,"If X is Y’s father, and Y is Z’s sister, who is X to Z?",Father | None of the above | Both Father... and alternative | Insufficient data,Father,X is the father of Y and Z (siblings).,rohanmistry231/CSE-Aptitude-Test-Practice-Hub,02 Logical Reasoning (Analytical Ability)/01 Basic/README.md
logical-reasoning-basic-blood-relations-0033,logical-reasoning,Logical Reasoning (Analytical Ability),Blood Relations,basic,"P is Q’s son, and R is Q’s wife. Who is R to P?",Mother | None of the above | Both Mother... and alternative | Insufficient data,Mother,"R is Q’s wife, and P is their son. R is P’s mother.",rohanmistry231/CSE-Aptitude-Test-Practice-Hub,02 Logical Reasoning (Analytical Ability)/01 Basic/README.md
logical-reasoning-basic-blood-relations-0034,logical-reasoning,Logical Reasoning (Analytical Ability),Blood Relations,basic,"A is B’s father, and B is C’s daughter. Who is C to A?",Wife | None of the above | Both Wife... and alternative | Insufficient data,Wife,"A is the father of B, and B is C’s daughter. C is A’s wife.",rohanmistry231/CSE-Aptitude-Test-Practice-Hub,02 Logical Reasoning (Analytical Ability)/01 Basic/README.md
logical-reasoning-basic-blood-relations-0035,logical-reasoning,Logical Reasoning (Analytical Ability),Blood Relations,basic,"If M is N’s sister, and O is N’s father, who is O to M?",Father | None of the above | Both Father... and alternative | Insufficient data,Father,"M and N are sisters, O is N’s father. O is M’s father.",rohanmistry231/CSE-Aptitude-Test-Practice-Hub,02 Logical Reasoning (Analytical Ability)/01 Basic/README.md
logical-reasoning-basic-blood-relations-0036,logical-reasoning,Logical Reasoning (Analytical Ability),Blood Relations,basic,"X is Y’s brother, and Z is Y’s mother. Who is Z to X?",Mother | None of the above | Both Mother... and alternative | Insufficient data,Mother,Z is the mother of Y and X (siblings).,rohanmistry231/CSE-Aptitude-Test-Practice-Hub,02 Logical Reasoning (Analytical Ability)/01 Basic/README.md
logical-reasoning-basic-blood-relations-0037,logical-reasoning,Logical Reasoning (Analytical Ability),Blood Relations,basic,"If A is B’s son, and C is B’s sister, who is C to A?",Mother | None of the above | Both Mother... and alternative | Insufficient data,Mother,"A is B’s son, and C is B’s sister. C is A’s mother.",rohanmistry231/CSE-Aptitude-Test-Practice-Hub,02 Logical Reasoning (Analytical Ability)/01 Basic/README.md
logical-reasoning-basic-blood-relations-0038,logical-reasoning,Logical Reasoning (Analytical Ability),Blood Relations,basic,"P is Q’s father, and R is Q’s daughter. Who is R to P?",Daughter | None of the above | Both Daughter... and alternative | Insufficient data,Daughter,"R is Q’s daughter, and P is Q’s father. R is P’s daughter.",rohanmistry231/CSE-Aptitude-Test-Practice-Hub,02 Logical Reasoning (Analytical Ability)/01 Basic/README.md
logical-reasoning-basic-blood-relations-0039,logical-reasoning,Logical Reasoning (Analytical Ability),Blood Relations,basic,"If X is Y’s sister, and Z is Y’s father, who is Z to X?",Father | None of the above | Both Father... and alternative | Insufficient data,Father,"X and Y are sisters, Z is Y’s father. Z is X’s father.",rohanmistry231/CSE-Aptitude-Test-Practice-Hub,02 Logical Reasoning (Analytical Ability)/01 Basic/README.md
logical-reasoning-basic-blood-relations-0040,logical-reasoning,Logical Reasoning (Analytical Ability),Blood Relations,basic,"A is B’s mother, and B is C’s sister. Who is A to C?",Mother | None of the above | Both Mother... and alternative | Insufficient data,Mother,"A is B’s mother, and B is C’s sister. A is C’s mother.",rohanmistry231/CSE-Aptitude-Test-Practice-Hub,02 Logical Reasoning (Analytical Ability)/01 Basic/README.md
logical-reasoning-basic-directions-0041,logical-reasoning,Logical Reasoning (Analytical Ability),Directions,basic,"A man walks 5 km north, then 3 km east. How far is he from the starting point?",5.83 km | 8.33 km | 4.33 km | 7 km,5.83 km,"Forms a right triangle. North = 5 km, East = 3 km. Distance = \( \sqrt{5^2 + 3^2} = \sqrt{25 + 9} = \sqrt{34} \approx 5.83 \) km.",rohanmistry231/CSE-Aptitude-Test-Practice-Hub,02 Logical Reasoning (Analytical Ability)/01 Basic/README.md
logical-reasoning-basic-directions-0042,logical-reasoning,Logical Reasoning (Analytical Ability),Directions,basic,"A person walks 4 km south, then 3 km west. In which direction is he from the starting point?",Southwest | None of the above | Both Southwest... and alternative | Insufficient data,Southwest,South and west form a right angle. He is southwest of the starting point.,rohanmistry231/CSE-Aptitude-Test-Practice-Hub,02 Logical Reasoning (Analytical Ability)/01 Basic/README.md
logical-reasoning-basic-directions-0043,logical-reasoning,Logical Reasoning (Analytical Ability),Directions,basic,"A man walks 6 km east, then 8 km north. How far is he from the starting point?",10 km | 15 km | 7 km | 20 km,10 km,Distance = \( \sqrt{6^2 + 8^2} = \sqrt{36 + 64} = \sqrt{100} = 10 \) km.,rohanmistry231/CSE-Aptitude-Test-Practice-Hub,02 Logical Reasoning (Analytical Ability)/01 Basic/README.md
logical-reasoning-basic-directions-0044,logical-reasoning,Logical Reasoning (Analytical Ability),Directions,basic,"A person walks 2 km north, then 2 km west, then 2 km south. Where is he relative to the starting point?",2 km west | 4 km west | 1 km west | 32 km west,2 km west,"North 2 km, south 2 km cancel out. He moves 2 km west.",rohanmistry231/CSE-Aptitude-Test-Practice-Hub,02 Logical Reasoning (Analytical Ability)/01 Basic/README.md
logical-reasoning-basic-directions-0045,logical-reasoning,Logical Reasoning (Analytical Ability),Directions,basic,"A man walks 5 km south, then 5 km east, then 5 km north. Where is he from the starting point?",5 km east | 7 km east | 2 km east | 10 km east,5 km east,"South 5 km, north 5 km cancel out. He moves 5 km east.",rohanmistry231/CSE-Aptitude-Test-Practice-Hub,02 Logical Reasoning (Analytical Ability)/01 Basic/README.md
logical-reasoning-basic-directions-0046,logical-reasoning,Logical Reasoning (Analytical Ability),Directions,basic,"A person walks 10 km west, then 10 km north. What is the shortest distance to the starting point?",14.14 km | 16.64 km | 12.64 km | 16.97 km,14.14 km,Distance = \( \sqrt{10^2 + 10^2} = \sqrt{200} \approx 14.14 \) km.,rohanmistry231/CSE-Aptitude-Test-Practice-Hub,02 Logical Reasoning (Analytical Ability)/01 Basic/README.md
logical-reasoning-basic-directions-0047,logical-reasoning,Logical Reasoning (Analytical Ability),Directions,basic,"A man walks 3 km north, then 4 km east, then 3 km south. Where is he from the starting point?",4 km east | 6 km east | 1 km east | 8 km east,4 km east,"North 3 km, south 3 km cancel out. He moves 4 km east.",rohanmistry231/CSE-Aptitude-Test-Practice-Hub,02 Logical Reasoning (Analytical Ability)/01 Basic/README.md
logical-reasoning-basic-directions-0048,logical-reasoning,Logical Reasoning (Analytical Ability),Directions,basic,"A person walks 6 km east, then 8 km south, then 6 km west. Where is he from the starting point?",8 km south | 13 km south | 5 km south | 16 km south,8 km south,"East 6 km, west 6 km cancel out. He moves 8 km south.",rohanmistry231/CSE-Aptitude-Test-Practice-Hub,02 Logical Reasoning (Analytical Ability)/01 Basic/README.md
logical-reasoning-basic-directions-0049,logical-reasoning,Logical Reasoning (Analytical Ability),Directions,basic,"A man walks 7 km north, then 24 km east. How far is he from the starting point?",25 km | 30 km | 22 km | 50 km,25 km,Distance = \( \sqrt{7^2 + 24^2} = \sqrt{49 + 576} = \sqrt{625} = 25 \) km.,rohanmistry231/CSE-Aptitude-Test-Practice-Hub,02 Logical Reasoning (Analytical Ability)/01 Basic/README.md
logical-reasoning-basic-directions-0050,logical-reasoning,Logical Reasoning (Analytical Ability),Directions,basic,"A person walks 4 km west, then 3 km north. In which direction is he from the starting point?",Northwest | None of the above | Both Northwest... and alternative | Insufficient data,Northwest,West and north form a right angle. He is northwest of the starting point.,rohanmistry231/CSE-Aptitude-Test-Practice-Hub,02 Logical Reasoning (Analytical Ability)/01 Basic/README.md
logical-reasoning-basic-syllogisms-0051,logical-reasoning,Logical Reasoning (Analytical Ability),Syllogisms,basic,All cats are mammals. All mammals are animals. Conclusion: All cats are animals.,True | None of the above | Both True... and alternative | Insufficient data,True,"All cats are mammals (A→B), all mammals are animals (B→C). Therefore, all cats are animals (A→C). Valid.",rohanmistry231/CSE-Aptitude-Test-Practice-Hub,02 Logical Reasoning (Analytical Ability)/01 Basic/README.md
logical-reasoning-basic-syllogisms-0052,logical-reasoning,Logical Reasoning (Analytical Ability),Syllogisms,basic,Some dogs are pets. All pets are friendly. Conclusion: Some dogs are friendly.,True | None of the above | Both True... and alternative | Insufficient data,True,"Some dogs are pets (Some A are B), all pets are friendly (B→C). Some dogs are friendly (Some A are C). Valid.",rohanmistry231/CSE-Aptitude-Test-Practice-Hub,02 Logical Reasoning (Analytical Ability)/01 Basic/README.md
logical-reasoning-basic-syllogisms-0053,logical-reasoning,Logical Reasoning (Analytical Ability),Syllogisms,basic,All birds fly. Some sparrows are birds. Conclusion: Some sparrows fly.,True | None of the above | Both True... and alternative | Insufficient data,True,"All birds fly (A→B), some sparrows are birds (Some C are A). Some sparrows fly (Some C are B). Valid.",rohanmistry231/CSE-Aptitude-Test-Practice-Hub,02 Logical Reasoning (Analytical Ability)/01 Basic/README.md
logical-reasoning-basic-syllogisms-0054,logical-reasoning,Logical Reasoning (Analytical Ability),Syllogisms,basic,No fish are mammals. All whales are mammals. Conclusion: No whales are fish.,True | None of the above | Both True... and alternative | Insufficient data,True,"No fish are mammals (No A are B), all whales are mammals (C→B). No whales are fish (No C are A). Valid.",rohanmistry231/CSE-Aptitude-Test-Practice-Hub,02 Logical Reasoning (Analytical Ability)/01 Basic/README.md
logical-reasoning-basic-syllogisms-0055,logical-reasoning,Logical Reasoning (Analytical Ability),Syllogisms,basic,Some apples are red. Some red things are fruits. Conclusion: Some apples are fruits.,False | None of the above | Both False... and alternative | Insufficient data,False,"Some apples are red (Some A are B), some red things are fruits (Some B are C). No definite conclusion about apples and fruits. Invalid.",rohanmistry231/CSE-Aptitude-Test-Practice-Hub,02 Logical Reasoning (Analytical Ability)/01 Basic/README.md
logical-reasoning-basic-syllogisms-0056,logical-reasoning,Logical Reasoning (Analytical Ability),Syllogisms,basic,All roses are flowers. Some flowers are red. Conclusion: Some roses are red.,False | None of the above | Both False... and alternative | Insufficient data,False,"All roses are flowers (A→B), some flowers are red (Some B are C). No definite conclusion. Invalid.",rohanmistry231/CSE-Aptitude-Test-Practice-Hub,02 Logical Reasoning (Analytical Ability)/01 Basic/README.md
logical-reasoning-basic-syllogisms-0057,logical-reasoning,Logical Reasoning (Analytical Ability),Syllogisms,basic,No cats are dogs. All dogs are pets. Conclusion: No cats are pets.,False | None of the above | Both False... and alternative | Insufficient data,False,"No cats are dogs (No A are B), all dogs are pets (B→C). No definite conclusion. Invalid.",rohanmistry231/CSE-Aptitude-Test-Practice-Hub,02 Logical Reasoning (Analytical Ability)/01 Basic/README.md
logical-reasoning-basic-syllogisms-0058,logical-reasoning,Logical Reasoning (Analytical Ability),Syllogisms,basic,All engineers are smart. Some smart people are coders. Conclusion: Some engineers are coders.,False | None of the above | Both False... and alternative | Insufficient data,False,"All engineers are smart (A→B), some smart people are coders (Some B are C). No definite conclusion. Invalid.",rohanmistry231/CSE-Aptitude-Test-Practice-Hub,02 Logical Reasoning (Analytical Ability)/01 Basic/README.md
logical-reasoning-basic-syllogisms-0059,logical-reasoning,Logical Reasoning (Analytical Ability),Syllogisms,basic,All books are pages. All pages are paper. Conclusion: All books are paper.,True | None of the above | Both True... and alternative | Insufficient data,True,"All books are pages (A→B), all pages are paper (B→C). All books are paper (A→C). Valid.",rohanmistry231/CSE-Aptitude-Test-Practice-Hub,02 Logical Reasoning (Analytical Ability)/01 Basic/README.md
logical-reasoning-basic-syllogisms-0060,logical-reasoning,Logical Reasoning (Analytical Ability),Syllogisms,basic,Some cars are fast. All fast things are expensive. Conclusion: Some cars are expensive.,True | None of the above | Both True... and alternative | Insufficient data,True,"Some cars are fast (Some A are B), all fast things are expensive (B→C). Some cars are expensive (Some A are C). Valid.",rohanmistry231/CSE-Aptitude-Test-Practice-Hub,02 Logical Reasoning (Analytical Ability)/01 Basic/README.md
logical-reasoning-basic-puzzles-0061,logical-reasoning,Logical Reasoning (Analytical Ability),Puzzles,basic,"Three houses A, B, C are in a row. A is to the left of B, and C is to the right of A. Which house is in the middle?",B | None of the above | Both B... and alternative | Insufficient data,B,"A is left of B, C is right of A. Order: A, B, C. B is in the middle.",rohanmistry231/CSE-Aptitude-Test-Practice-Hub,02 Logical Reasoning (Analytical Ability)/01 Basic/README.md
logical-reasoning-basic-puzzles-0062,logical-reasoning,Logical Reasoning (Analytical Ability),Puzzles,basic,"In a race, P finishes before Q but after R. Who finishes first?",R | None of the above | Both R... and alternative | Insufficient data,R,"R finishes before P, P before Q. Order: R, P, Q. R finishes first.",rohanmistry231/CSE-Aptitude-Test-Practice-Hub,02 Logical Reasoning (Analytical Ability)/01 Basic/README.md
logical-reasoning-basic-puzzles-0063,logical-reasoning,Logical Reasoning (Analytical Ability),Puzzles,basic,"Four people A, B, C, D sit in a row. A is next to B, and C is next to D. Who can be at the ends?",A or D | None of the above | Both A or D... and alternative | Insufficient data,A or D,"A and B are together, C and D are together. Possible orders: A-B-C-D, D-C-B-A, etc. Ends can be A or D (or B or C in reverse).",rohanmistry231/CSE-Aptitude-Test-Practice-Hub,02 Logical Reasoning (Analytical Ability)/01 Basic/README.md
logical-reasoning-basic-puzzles-0064,logical-reasoning,Logical Reasoning (Analytical Ability),Puzzles,basic,"Three friends X, Y, Z have different ages. X is younger than Y, and Z is older than X. Who is the youngest?",X | None of the above | Both X... and alternative | Insufficient data,X,"X is younger than Y, Z is older than X. X is the youngest.",rohanmistry231/CSE-Aptitude-Test-Practice-Hub,02 Logical Reasoning (Analytical Ability)/01 Basic/README.md
logical-reasoning-basic-puzzles-0065,logical-reasoning,Logical Reasoning (Analytical Ability),Puzzles,basic,"In a line, P is second from the left, and Q is third from the right. If there are 5 people, who is in the middle?",Q | None of the above | Both Q... and alternative | Insufficient data,Q,"Total 5 positions. P is 2nd (left). Q is 3rd from right, so 3rd (5-3+1). Order: _ P _ Q _. Middle is 3rd, which is Q.",rohanmistry231/CSE-Aptitude-Test-Practice-Hub,02 Logical Reasoning (Analytical Ability)/01 Basic/README.md
logical-reasoning-basic-puzzles-0066,logical-reasoning,Logical Reasoning (Analytical Ability),Puzzles,basic,"A, B, C are three boxes. A is heavier than B, and B is heavier than C. Which is the lightest?",C | None of the above | Both C... and alternative | Insufficient data,C,A > B > C. C is the lightest.,rohanmistry231/CSE-Aptitude-Test-Practice-Hub,02 Logical Reasoning (Analytical Ability)/01 Basic/README.md
logical-reasoning-basic-puzzles-0067,logical-reasoning,Logical Reasoning (Analytical Ability),Puzzles,basic,"In a class, M is taller than N but shorter than O. Who is the tallest?",O | None of the above | Both O... and alternative | Insufficient data,O,O > M > N. O is the tallest.,rohanmistry231/CSE-Aptitude-Test-Practice-Hub,02 Logical Reasoning (Analytical Ability)/01 Basic/README.md
logical-reasoning-basic-puzzles-0068,logical-reasoning,Logical Reasoning (Analytical Ability),Puzzles,basic,"Three cars P, Q, R are parked. P is to the left of Q, and R is to the right of Q. Which is in the middle?",Q | None of the above | Both Q... and alternative | Insufficient data,Q,"Order: P, Q, R. Q is in the middle.",rohanmistry231/CSE-Aptitude-Test-Practice-Hub,02 Logical Reasoning (Analytical Ability)/01 Basic/README.md
logical-reasoning-basic-puzzles-0069,logical-reasoning,Logical Reasoning (Analytical Ability),Puzzles,basic,"Four students A, B, C, D sit in a circle. A is opposite B, and C is next to A. Who is opposite C?",D | None of the above | Both D... and alternative | Insufficient data,D,A and B are opposite. C is next to A. Possible order: A-C-D-B. Opposite C is D.,rohanmistry231/CSE-Aptitude-Test-Practice-Hub,02 Logical Reasoning (Analytical Ability)/01 Basic/README.md
logical-reasoning-basic-puzzles-0070,logical-reasoning,Logical Reasoning (Analytical Ability),Puzzles,basic,"In a queue, X is third from the front, and Y is second from the back. If there are 6 people, who is between X and Y?",4th person | 6th person | 1th person | 8th person,4th person,X is 3rd. Y is 5th (6-2+1). Order: _ _ X _ Y _. Person in 4th position is between X and Y.,rohanmistry231/CSE-Aptitude-Test-Practice-Hub,02 Logical Reasoning (Analytical Ability)/01 Basic/README.md
logical-reasoning-basic-data-sufficiency-0071,logical-reasoning,Logical Reasoning (Analytical Ability),Data Sufficiency,basic,Is x > 5? (1) x + 2 = 7 (2) x - 3 = 2,Not sufficient | None of the above | Both Not sufficient... and alternative | Insufficient data,Not sufficient,"(1) \( x + 2 = 7 \), so \( x = 5 \). Not sufficient (x = 5, not > 5). (2) \( x - 3 = 2 \), so \( x = 5 \). Not sufficient. Both give \( x = 5 \). Not sufficient.",rohanmistry231/CSE-Aptitude-Test-Practice-Hub,02 Logical Reasoning (Analytical Ability)/01 Basic/README.md
logical-reasoning-basic-data-sufficiency-0072,logical-reasoning,Logical Reasoning (Analytical Ability),Data Sufficiency,basic,What is the value of y? (1) y + 4 = 10 (2) 2y = 12,Each alone is sufficient | None of the above | Both Each alone is s... and alternative | Insufficient data,Each alone is sufficient,"(1) \( y + 4 = 10 \), so \( y = 6 \). Sufficient. (2) \( 2y = 12 \), so \( y = 6 \). Sufficient.",rohanmistry231/CSE-Aptitude-Test-Practice-Hub,02 Logical Reasoning (Analytical Ability)/01 Basic/README.md
logical-reasoning-basic-data-sufficiency-0073,logical-reasoning,Logical Reasoning (Analytical Ability),Data Sufficiency,basic,Is a rectangle a square? (1) All sides are equal (2) One side is 5,Statement 1 alone is sufficient | Statement 3 alone is sufficient | Statement 2 alone is sufficient | Statement 31 alone is sufficient,Statement 1 alone is sufficient,(1) All sides equal implies a square. Sufficient. (2) One side = 5 does not confirm equal sides. Not sufficient.,rohanmistry231/CSE-Aptitude-Test-Practice-Hub,02 Logical Reasoning (Analytical Ability)/01 Basic/README.md
logical-reasoning-basic-data-sufficiency-0074,logical-reasoning,Logical Reasoning (Analytical Ability),Data Sufficiency,basic,What is the age of A? (1) A is twice as old as B (2) B is 10 years old,Both statements together are sufficient | None of the above | Both Both statements... and alternative | Insufficient data,Both statements together are sufficient,(1) A = 2B. Not sufficient without B’s age. (2) B = 10. Not sufficient without A’s relation. Both: A = 2 × 10 = 20. Sufficient.,rohanmistry231/CSE-Aptitude-Test-Practice-Hub,02 Logical Reasoning (Analytical Ability)/01 Basic/README.md
logical-reasoning-basic-data-sufficiency-0075,logical-reasoning,Logical Reasoning (Analytical Ability),Data Sufficiency,basic,Is x positive? (1) x^2 = 16 (2) x > 0,Statement 2 alone is sufficient | Statement 4 alone is sufficient | Statement 1 alone is sufficient | Statement 32 alone is sufficient,Statement 2 alone is sufficient,"(1) \( x^2 = 16 \), so \( x = \pm 4 \). Not sufficient. (2) \( x > 0 \). Sufficient.",rohanmistry231/CSE-Aptitude-Test-Practice-Hub,02 Logical Reasoning (Analytical Ability)/01 Basic/README.md
logical-reasoning-basic-data-sufficiency-0076,logical-reasoning,Logical Reasoning (Analytical Ability),Data Sufficiency,basic,What is the value of z? (1) z + 5 = 8 (2) z - 2 = 1,Each alone is sufficient | None of the above | Both Each alone is s... and alternative | Insufficient data,Each alone is sufficient,"(1) \( z + 5 = 8 \), so \( z = 3 \). Sufficient. (2) \( z - 2 = 1 \), so \( z = 3 \). Sufficient.",rohanmistry231/CSE-Aptitude-Test-Practice-Hub,02 Logical Reasoning (Analytical Ability)/01 Basic/README.md
logical-reasoning-basic-data-sufficiency-0077,logical-reasoning,Logical Reasoning (Analytical Ability),Data Sufficiency,basic,Is a triangle equilateral? (1) Two sides are equal (2) One angle is 60°,Not sufficient | None of the above | Both Not sufficient... and alternative | Insufficient data,Not sufficient,"(1) Two sides equal implies isosceles, not necessarily equilateral. Not sufficient. (2) One angle = 60° does not confirm all angles equal. Not sufficient. Both: Still not sufficient without all sides or angles equal.",rohanmistry231/CSE-Aptitude-Test-Practice-Hub,02 Logical Reasoning (Analytical Ability)/01 Basic/README.md
logical-reasoning-basic-data-sufficiency-0078,logical-reasoning,Logical Reasoning (Analytical Ability),Data Sufficiency,basic,What is the value of x + y? (1) x = 5 (2) y = 3,Both statements together are sufficient | None of the above | Both Both statements... and alternative | Insufficient data,Both statements together are sufficient,(1) x = 5. Not sufficient without y. (2) y = 3. Not sufficient without x. Both: x + y = 5 + 3 = 8. Sufficient.,rohanmistry231/CSE-Aptitude-Test-Practice-Hub,02 Logical Reasoning (Analytical Ability)/01 Basic/README.md
logical-reasoning-basic-data-sufficiency-0079,logical-reasoning,Logical Reasoning (Analytical Ability),Data Sufficiency,basic,Is x even? (1) x is divisible by 2 (2) x is a multiple of 3,Statement 1 alone is sufficient | Statement 3 alone is sufficient | Statement 2 alone is sufficient | Statement 31 alone is sufficient,Statement 1 alone is sufficient,"(1) Divisible by 2 means x is even. Sufficient. (2) Multiple of 3 (e.g., 3, 6) may or may not be even. Not sufficient.",rohanmistry231/CSE-Aptitude-Test-Practice-Hub,02 Logical Reasoning (Analytical Ability)/01 Basic/README.md
logical-reasoning-basic-data-sufficiency-0080,logical-reasoning,Logical Reasoning (Analytical Ability),Data Sufficiency,basic,What is the value of p? (1) p + q = 10 (2) p - q = 4,Both statements together are sufficient | None of the above | Both Both statements... and alternative | Insufficient data,Both statements together are sufficient,"Add (1) and (2): \( (p + q) + (p - q) = 10 + 4 \), so \( 2p = 14 \), \( p = 7 \).",rohanmistry231/CSE-Aptitude-Test-Practice-Hub,02 Logical Reasoning (Analytical Ability)/01 Basic/README.md
logical-reasoning-basic-non-verbal-reasoning-0081,logical-reasoning,Logical Reasoning (Analytical Ability),Non-Verbal Reasoning,basic,"Which shape completes the pattern: Square, Circle, Square, Circle, ?",Square | None of the above | Both Square... and alternative | Insufficient data,Square,"The pattern alternates: Square, Circle, Square, Circle. Next is Square.",rohanmistry231/CSE-Aptitude-Test-Practice-Hub,02 Logical Reasoning (Analytical Ability)/01 Basic/README.md
logical-reasoning-basic-non-verbal-reasoning-0082,logical-reasoning,Logical Reasoning (Analytical Ability),Non-Verbal Reasoning,basic,"If a figure rotates 90° clockwise, and it’s a triangle pointing up, what is the new orientation?",Right | None of the above | Both Right... and alternative | Insufficient data,Right,Upward triangle rotates 90° clockwise to point right.,rohanmistry231/CSE-Aptitude-Test-Practice-Hub,02 Logical Reasoning (Analytical Ability)/01 Basic/README.md
logical-reasoning-basic-non-verbal-reasoning-0083,logical-reasoning,Logical Reasoning (Analytical Ability),Non-Verbal Reasoning,basic,"In a 3x3 grid, top row: 1, 2, 3; middle row: 4, 5, 6; bottom row: 7, 8, ?. What is the missing number?",9 | 14 | 6 | 18,9,"Sequential numbers: 1, 2, 3, 4, 5, 6, 7, 8, 9. Missing number: 9.",rohanmistry231/CSE-Aptitude-Test-Practice-Hub,02 Logical Reasoning (Analytical Ability)/01 Basic/README.md
logical-reasoning-basic-non-verbal-reasoning-0084,logical-reasoning,Logical Reasoning (Analytical Ability),Non-Verbal Reasoning,basic,"A pattern shows 2 stars, 4 stars, 6 stars. How many stars in the next term?",8 stars | 13 stars | 5 stars | 16 stars,8 stars,"Arithmetic sequence: 2, 4, 6 (common difference 2). Next: 6 + 2 = 8.",rohanmistry231/CSE-Aptitude-Test-Practice-Hub,02 Logical Reasoning (Analytical Ability)/01 Basic/README.md
logical-reasoning-basic-non-verbal-reasoning-0085,logical-reasoning,Logical Reasoning (Analytical Ability),Non-Verbal Reasoning,basic,"If a square is divided into 4 smaller squares, and 3 are shaded, how many are unshaded?",1 | 3 | 2 | 31,1,Total squares = 4. Shaded = 3. Unshaded = 4 - 3 = 1.,rohanmistry231/CSE-Aptitude-Test-Practice-Hub,02 Logical Reasoning (Analytical Ability)/01 Basic/README.md
logical-reasoning-basic-non-verbal-reasoning-0086,logical-reasoning,Logical Reasoning (Analytical Ability),Non-Verbal Reasoning,basic,"A clock shows 3:00. After rotating 180°, what time does it show?",9:00 | 14:00 | 6:00 | 18:00,9:00,180° rotation flips the clock. 3:00 becomes 9:00 (opposite on clock face).,rohanmistry231/CSE-Aptitude-Test-Practice-Hub,02 Logical Reasoning (Analytical Ability)/01 Basic/README.md
logical-reasoning-basic-non-verbal-reasoning-0087,logical-reasoning,Logical Reasoning (Analytical Ability),Non-Verbal Reasoning,basic,"Which shape follows: Circle, Triangle, Square, Circle, ?",Triangle | None of the above | Both Triangle... and alternative | Insufficient data,Triangle,"Pattern repeats every 3: Circle, Triangle, Square. After Circle, next is Triangle.",rohanmistry231/CSE-Aptitude-Test-Practice-Hub,02 Logical Reasoning (Analytical Ability)/01 Basic/README.md
logical-reasoning-basic-non-verbal-reasoning-0088,logical-reasoning,Logical Reasoning (Analytical Ability),Non-Verbal Reasoning,basic,"In a 2x2 grid: top-left = 1, top-right = 2, bottom-left = 3, bottom-right = ?. What is the missing number?",4 | 6 | 1 | 8,4,"Sequential: 1, 2, 3, 4. Missing number: 4.",rohanmistry231/CSE-Aptitude-Test-Practice-Hub,02 Logical Reasoning (Analytical Ability)/01 Basic/README.md
logical-reasoning-basic-non-verbal-reasoning-0089,logical-reasoning,Logical Reasoning (Analytical Ability),Non-Verbal Reasoning,basic,"A pattern shows 1 dot, 3 dots, 5 dots. How many dots in the next term?",7 dots | 12 dots | 4 dots | 14 dots,7 dots,"Odd numbers: 1, 3, 5. Next: 5 + 2 = 7.",rohanmistry231/CSE-Aptitude-Test-Practice-Hub,02 Logical Reasoning (Analytical Ability)/01 Basic/README.md
logical-reasoning-basic-non-verbal-reasoning-0090,logical-reasoning,Logical Reasoning (Analytical Ability),Non-Verbal Reasoning,basic,"If a cube is painted on all faces and cut into 8 smaller cubes, how many have exactly 2 faces painted?",12 | 17 | 9 | 24,12,"A 2x2x2 cube has 8 smaller cubes. Cubes with 2 faces painted are edge cubes (not corners). Each edge has 1 such cube, and there are 12 edges.",rohanmistry231/CSE-Aptitude-Test-Practice-Hub,02 Logical Reasoning (Analytical Ability)/01 Basic/README.md
logical-reasoning-basic-additional-basic-questions-0091,logical-reasoning,Logical Reasoning (Analytical Ability),Additional Basic Questions,basic,"Find the next letter: A, C, E, G, ?",I | None of the above | Both I... and alternative | Insufficient data,I,"Letters correspond to positions: A=1, C=3, E=5, G=7 (odd numbers). Next: 9th letter = I.",rohanmistry231/CSE-Aptitude-Test-Practice-Hub,02 Logical Reasoning (Analytical Ability)/01 Basic/README.md
logical-reasoning-basic-additional-basic-questions-0092,logical-reasoning,Logical Reasoning (Analytical Ability),Additional Basic Questions,basic,"If “HOUSE” is coded as “IPVTF,” how is “GARDEN” coded?",HSBJFO | None of the above | Both HSBJFO... and alternative | Insufficient data,HSBJFO,"Each letter in HOUSE is shifted forward by 1: H→I, O→P, U→V, S→T, E→F. For GARDEN: G+1=H, A+1=B, R+1=S, D+1=E, E+1=F, N+1=O.",rohanmistry231/CSE-Aptitude-Test-Practice-Hub,02 Logical Reasoning (Analytical Ability)/01 Basic/README.md
logical-reasoning-basic-additional-basic-questions-0093,logical-reasoning,Logical Reasoning (Analytical Ability),Additional Basic Questions,basic,"A is B’s father, and C is B’s sister. Who is A to C?",Father | None of the above | Both Father... and alternative | Insufficient data,Father,"A is B’s father, C is B’s sister. A is C’s father.",rohanmistry231/CSE-Aptitude-Test-Practice-Hub,02 Logical Reasoning (Analytical Ability)/01 Basic/README.md
logical-reasoning-basic-additional-basic-questions-0094,logical-reasoning,Logical Reasoning (Analytical Ability),Additional Basic Questions,basic,"A person walks 3 km north, then 4 km west. How far is he from the starting point?",5 km | 7 km | 2 km | 10 km,5 km,Distance = \( \sqrt{3^2 + 4^2} = \sqrt{9 + 16} = 5 \) km.,rohanmistry231/CSE-Aptitude-Test-Practice-Hub,02 Logical Reasoning (Analytical Ability)/01 Basic/README.md
logical-reasoning-basic-additional-basic-questions-0095,logical-reasoning,Logical Reasoning (Analytical Ability),Additional Basic Questions,basic,All pens are tools. Some tools are sharp. Conclusion: Some pens are sharp.,False | None of the above | Both False... and alternative | Insufficient data,False,"All pens are tools (A→B), some tools are sharp (Some B are C). No definite conclusion离开了 System: conclusion. Invalid.",rohanmistry231/CSE-Aptitude-Test-Practice-Hub,02 Logical Reasoning (Analytical Ability)/01 Basic/README.md
logical-reasoning-basic-additional-basic-questions-0096,logical-reasoning,Logical Reasoning (Analytical Ability),Additional Basic Questions,basic,"Find the next number: 7, 14, 28, 56, ?",112 | 117 | 109 | 224,112,"Each term is multiplied by 2: 7 × 2 = 14, 14 × 2 = 28, 28 × 2 = 56. Next number: 56 × 2 = 112.",rohanmistry231/CSE-Aptitude-Test-Practice-Hub,02 Logical Reasoning (Analytical Ability)/01 Basic/README.md
logical-reasoning-basic-additional-basic-questions-0097,logical-reasoning,Logical Reasoning (Analytical Ability),Additional Basic Questions,basic,"If “RAT” is coded as “SBU,” how is “COW” coded?",DPX | None of the above | Both DPX... and alternative | Insufficient data,DPX,"Each letter is shifted forward by 1: R→S, A→B, T→U. For COW: C+1=D, O+1=P, W+1=X.",rohanmistry231/CSE-Aptitude-Test-Practice-Hub,02 Logical Reasoning (Analytical Ability)/01 Basic/README.md
logical-reasoning-basic-additional-basic-questions-0098,logical-reasoning,Logical Reasoning (Analytical Ability),Additional Basic Questions,basic,"A man walks 5 km east, then 12 km north. How far is he from the starting point?",13 km | 18 km | 10 km | 26 km,13 km,Distance = \( \sqrt{5^2 + 12^2} = \sqrt{25 + 144} = \sqrt{169} = 13 \) km.,rohanmistry231/CSE-Aptitude-Test-Practice-Hub,02 Logical Reasoning (Analytical Ability)/01 Basic/README.md
logical-reasoning-basic-additional-basic-questions-0099,logical-reasoning,Logical Reasoning (Analytical Ability),Additional Basic Questions,basic,Some cats are black. All black things are dark. Conclusion: Some cats are dark.,True | None of the above | Both True... and alternative | Insufficient data,True,"Some cats are black (Some A are B), all black things are dark (B→C). Some cats are dark (Some A are C). Valid.",rohanmistry231/CSE-Aptitude-Test-Practice-Hub,02 Logical Reasoning (Analytical Ability)/01 Basic/README.md
logical-reasoning-basic-additional-basic-questions-0100,logical-reasoning,Logical Reasoning (Analytical Ability),Additional Basic Questions,basic,"In a 3x3 grid, top row: 2, 4, 6; middle row: 8, 10, 12; bottom row: 14, 16, ?. What is the missing number?",18 | 23 | 15 | 36,18,"Sequential even numbers: 2, 4, 6, 8, 10, 12, 14, 16, 18. Missing number: 18.",rohanmistry231/CSE-Aptitude-Test-Practice-Hub,02 Logical Reasoning (Analytical Ability)/01 Basic/README.md
logical-reasoning-intermediate-series-0001,logical-reasoning,Logical Reasoning (Analytical Ability),Series,intermediate,"Find the next number in the series: 2, 5, 11, 23, ?",47 | 52 | 44 | 94,47,"The pattern is: each term is obtained by doubling the previous term and adding 1. 2 × 2 + 1 = 5, 5 × 2 + 1 = 11, 11 × 2 + 1 = 23, 23 × 2 + 1 = 47.",rohanmistry231/CSE-Aptitude-Test-Practice-Hub,02 Logical Reasoning (Analytical Ability)/02 Intermediate/README.md
logical-reasoning-intermediate-series-0002,logical-reasoning,Logical Reasoning (Analytical Ability),Series,intermediate,"Find the missing number: 3, 7, 16, ?, 48",35 | 40 | 32 | 70,35,"The pattern is: multiply by 2 and add 1, then multiply by 2 and add 2, and so on. 3 × 2 + 1 = 7, 7 × 2 + 2 = 16, 16 × 2 + 3 = 35, 35 × 2 + 4 = 74. Check: 35 fits as 16 × 2 + 3 = 35, and 35 × 2 + 6 = 76 (adjust pattern). Correct pattern: 3 × 2 + 1 = 7, 7 × 2 + 2 = 16, 16 × 2 + 3 = 35, 35 × 2 + 4 = 74. Missing number: 35.",rohanmistry231/CSE-Aptitude-Test-Practice-Hub,02 Logical Reasoning (Analytical Ability)/02 Intermediate/README.md
logical-reasoning-intermediate-series-0003,logical-reasoning,Logical Reasoning (Analytical Ability),Series,intermediate,"Find the next number: 1, 4, 10, 22, ?",46 | 51 | 43 | 92,46,"Differences: 4 - 1 = 3, 10 - 4 = 6, 22 - 10 = 12. Differences double: 3 × 2 = 6, 6 × 2 = 12, 12 × 2 = 24. Next number: 22 + 24 = 46.",rohanmistry231/CSE-Aptitude-Test-Practice-Hub,02 Logical Reasoning (Analytical Ability)/02 Intermediate/README.md
logical-reasoning-intermediate-series-0004,logical-reasoning,Logical Reasoning (Analytical Ability),Series,intermediate,"Find the next number: 8, 6, 9, 23, ?",76 | 81 | 73 | 152,76,"Pattern: multiply by 1 and subtract 2, multiply by 2 and subtract 3, multiply by 3 and subtract 4, multiply by 4 and subtract 5. 8 × 1 - 2 = 6, 6 × 1.5 - 3 = 9, 9 × 2.5 - 4 = 22.5 ≈ 23, 23 × 3.5 - 5 = 75.5 ≈ 76.",rohanmistry231/CSE-Aptitude-Test-Practice-Hub,02 Logical Reasoning (Analytical Ability)/02 Intermediate/README.md
logical-reasoning-intermediate-series-0005,logical-reasoning,Logical Reasoning (Analytical Ability),Series,intermediate,"Find the missing number: 2, 6, 12, ?, 30",18 | 23 | 15 | 36,18,"Pattern: multiply by 3, multiply by 2, multiply by 1.5, multiply by 1.25. 2 × 3 = 6, 6 × 2 = 12, 12 × 1.5 = 18, 18 × 1.25 = 22.5 (adjust). Correct: 2, 6, 12, 18, 30. Missing number: 18.",rohanmistry231/CSE-Aptitude-Test-Practice-Hub,02 Logical Reasoning (Analytical Ability)/02 Intermediate/README.md
logical-reasoning-intermediate-series-0006,logical-reasoning,Logical Reasoning (Analytical Ability),Series,intermediate,"Find the next number: 5, 10, 25, 80, ?",320 | 325 | 317 | 640,320,"Pattern: multiply by 2, multiply by 2.5, multiply by 3.2, multiply by 4. 5 × 2 = 10, 10 × 2.5 = 25, 25 × 3.2 = 80, 80 × 4 = 320.",rohanmistry231/CSE-Aptitude-Test-Practice-Hub,02 Logical Reasoning (Analytical Ability)/02 Intermediate/README.md
logical-reasoning-intermediate-series-0007,logical-reasoning,Logical Reasoning (Analytical Ability),Series,intermediate,"Find the next number: 1, 3, 8, 22, ?",56 | 61 | 53 | 112,56,"Pattern: multiply by 2 and add 1, multiply by 2 and add 2, multiply by 2 and add 6, multiply by 2 and add 12. 1 × 2 + 1 = 3, 3 × 2 + 2 = 8, 8 × 2 + 6 = 22, 22 × 2 + 12 = 56.",rohanmistry231/CSE-Aptitude-Test-Practice-Hub,02 Logical Reasoning (Analytical Ability)/02 Intermediate/README.md
logical-reasoning-intermediate-series-0008,logical-reasoning,Logical Reasoning (Analytical Ability),Series,intermediate,"Find the missing number: 4, 9, 25, ?, 121",49 | 54 | 46 | 98,49,"The series is: 2², 3², 5², 7², 11² (squares of prime numbers). Missing number: 7² = 49.",rohanmistry231/CSE-Aptitude-Test-Practice-Hub,02 Logical Reasoning (Analytical Ability)/02 Intermediate/README.md
logical-reasoning-intermediate-series-0009,logical-reasoning,Logical Reasoning (Analytical Ability),Series,intermediate,"Find the next number: 7, 14, 28, 49, ?",77 | 82 | 74 | 154,77,"Pattern: differences are 7, 14, 21 (multiples of 7). Next difference: 28. 49 + 28 = 77.",rohanmistry231/CSE-Aptitude-Test-Practice-Hub,02 Logical Reasoning (Analytical Ability)/02 Intermediate/README.md
logical-reasoning-intermediate-series-0010,logical-reasoning,Logical Reasoning (Analytical Ability),Series,intermediate,"Find the next number: 2, 8, 20, 38, ?",62 | 67 | 59 | 124,62,"Differences: 6, 12, 18. Pattern: add 6, add 12, add 18, add 24. Next number: 38 + 24 = 62.",rohanmistry231/CSE-Aptitude-Test-Practice-Hub,02 Logical Reasoning (Analytical Ability)/02 Intermediate/README.md
logical-reasoning-intermediate-analogies-0011,logical-reasoning,Logical Reasoning (Analytical Ability),Analogies,intermediate,Clock : Time :: Thermometer : ?,Temperature | None of the above | Both Temperature... and alternative | Insufficient data,Temperature,A clock measures time; a thermometer measures temperature.,rohanmistry231/CSE-Aptitude-Test-Practice-Hub,02 Logical Reasoning (Analytical Ability)/02 Intermediate/README.md
logical-reasoning-intermediate-analogies-0012,logical-reasoning,Logical Reasoning (Analytical Ability),Analogies,intermediate,Square : Four :: Pentagon : ?,Five | None of the above | Both Five... and alternative | Insufficient data,Five,A square has four sides; a pentagon has five sides.,rohanmistry231/CSE-Aptitude-Test-Practice-Hub,02 Logical Reasoning (Analytical Ability)/02 Intermediate/README.md
logical-reasoning-intermediate-analogies-0013,logical-reasoning,Logical Reasoning (Analytical Ability),Analogies,intermediate,Tree : Forest :: Soldier : ?,Army | None of the above | Both Army... and alternative | Insufficient data,Army,A tree is part of a forest; a soldier is part of an army.,rohanmistry231/CSE-Aptitude-Test-Practice-Hub,02 Logical Reasoning (Analytical Ability)/02 Intermediate/README.md
logical-reasoning-intermediate-analogies-0014,logical-reasoning,Logical Reasoning (Analytical Ability),Analogies,intermediate,Key : Lock :: Password : ?,System | None of the above | Both System... and alternative | Insufficient data,System,A key opens a lock; a password opens a system (or account).,rohanmistry231/CSE-Aptitude-Test-Practice-Hub,02 Logical Reasoning (Analytical Ability)/02 Intermediate/README.md
logical-reasoning-intermediate-analogies-0015,logical-reasoning,Logical Reasoning (Analytical Ability),Analogies,intermediate,Doctor : Hospital :: Lawyer : ?,Courtroom | None of the above | Both Courtroom... and alternative | Insufficient data,Courtroom,"A doctor works in a hospital; a lawyer works in a courtroom (or law firm, but courtroom is more specific).",rohanmistry231/CSE-Aptitude-Test-Practice-Hub,02 Logical Reasoning (Analytical Ability)/02 Intermediate/README.md
logical-reasoning-intermediate-analogies-0016,logical-reasoning,Logical Reasoning (Analytical Ability),Analogies,intermediate,Rain : Umbrella :: Sun : ?,Sunglasses | None of the above | Both Sunglasses... and alternative | Insufficient data,Sunglasses,An umbrella protects from rain; sunglasses (or sunscreen) protect from the sun.,rohanmistry231/CSE-Aptitude-Test-Practice-Hub,02 Logical Reasoning (Analytical Ability)/02 Intermediate/README.md
logical-reasoning-intermediate-analogies-0017,logical-reasoning,Logical Reasoning (Analytical Ability),Analogies,intermediate,Engine : Car :: Heart : ?,Body | None of the above | Both Body... and alternative | Insufficient data,Body,An engine powers a car; a heart powers a body.,rohanmistry231/CSE-Aptitude-Test-Practice-Hub,02 Logical Reasoning (Analytical Ability)/02 Intermediate/README.md
logical-reasoning-intermediate-analogies-0018,logical-reasoning,Logical Reasoning (Analytical Ability),Analogies,intermediate,Map : Geography :: Calculator : ?,Mathematics | None of the above | Both Mathematics... and alternative | Insufficient data,Mathematics,A map is a tool for geography; a calculator is a tool for mathematics.,rohanmistry231/CSE-Aptitude-Test-Practice-Hub,02 Logical Reasoning (Analytical Ability)/02 Intermediate/README.md
logical-reasoning-intermediate-analogies-0019,logical-reasoning,Logical Reasoning (Analytical Ability),Analogies,intermediate,Seed : Plant :: Egg : ?,Bird | None of the above | Both Bird... and alternative | Insufficient data,Bird,"A seed grows into a plant; an egg grows into a bird (or animal, but bird is common).",rohanmistry231/CSE-Aptitude-Test-Practice-Hub,02 Logical Reasoning (Analytical Ability)/02 Intermediate/README.md
logical-reasoning-intermediate-analogies-0020,logical-reasoning,Logical Reasoning (Analytical Ability),Analogies,intermediate,Compass : Direction :: Scale : ?,Weight | None of the above | Both Weight... and alternative | Insufficient data,Weight,A compass measures direction; a scale measures weight.,rohanmistry231/CSE-Aptitude-Test-Practice-Hub,02 Logical Reasoning (Analytical Ability)/02 Intermediate/README.md
logical-reasoning-intermediate-coding-decoding-0021,logical-reasoning,Logical Reasoning (Analytical Ability),Coding-Decoding,intermediate,"If “MANGO” is coded as “OCPIQ,” how is “APPLE” coded?",CRRNG | None of the above | Both CRRNG... and alternative | Insufficient data,CRRNG,"Each letter in MANGO is shifted forward by 2: M+2=O, A+2=C, N+2=P, G+2=I, O+2=Q. For APPLE: A+2=C, P+2=R, P+2=R, L+2=N, E+2=G.",rohanmistry231/CSE-Aptitude-Test-Practice-Hub,02 Logical Reasoning (Analytical Ability)/02 Intermediate/README.md
logical-reasoning-intermediate-coding-decoding-0022,logical-reasoning,Logical Reasoning (Analytical Ability),Coding-Decoding,intermediate,"If “STAR” is coded as “UVYZ,” how is “MOON” coded?",OPPQ | None of the above | Both OPPQ... and alternative | Insufficient data,OPPQ,"Each letter is shifted forward by 2, and the word is reversed: S→U, T→V, A→Y, R→Z, reverse = ZYXW. For MOON: M+2=O, O+2=Q, O+2=Q, N+2=P. Reverse QPPO: OPPQ.",rohanmistry231/CSE-Aptitude-Test-Practice-Hub,02 Logical Reasoning (Analytical Ability)/02 Intermediate/README.md
logical-reasoning-intermediate-coding-decoding-0023,logical-reasoning,Logical Reasoning (Analytical Ability),Coding-Decoding,intermediate,"If “BOOK” is coded as “APPL,” how is “READ” coded?",QDZC | None of the above | Both QDZC... and alternative | Insufficient data,QDZC,"Each letter is shifted backward by 1: B-1=A, O-1=N, O-1=N, K-1=J (adjust to APPL). Correct: B-1=A, O-1=N, O-1=N, K-1=J, but given APPL, check pattern. Assume typo, standard shift: R-1=Q, E-1=D, A-1=Z, D-1=C.",rohanmistry231/CSE-Aptitude-Test-Practice-Hub,02 Logical Reasoning (Analytical Ability)/02 Intermediate/README.md
logical-reasoning-intermediate-coding-decoding-0024,logical-reasoning,Logical Reasoning (Analytical Ability),Coding-Decoding,intermediate,"If “FISH” is coded as “IRTK,” how is “BIRD” coded?",DKTF | None of the above | Both DKTF... and alternative | Insufficient data,DKTF,"Each letter is shifted forward by 2: F+2=I, I+2=K, S+2=U, H+2=J (adjust to IRTK). For BIRD: B+2=D, I+2=K, R+2=T, D+2=F.",rohanmistry231/CSE-Aptitude-Test-Practice-Hub,02 Logical Reasoning (Analytical Ability)/02 Intermediate/README.md
logical-reasoning-intermediate-coding-decoding-0025,logical-reasoning,Logical Reasoning (Analytical Ability),Coding-Decoding,intermediate,"If “COW” is coded as “XLF,” how is “PIG” coded?",RKI | None of the above | Both RKI... and alternative | Insufficient data,RKI,"Reverse COW: WOC. Shift backward by 1: W-1=V, O-1=N, C-1=B. Reverse: BNV (adjust to XLF). Correct: C+2=X, O+2=Q, W+2=Y, reverse: YQX → XLF pattern. For PIG: P+2=R, I+2=K, G+2=I. Reverse: IKR → RKI.",rohanmistry231/CSE-Aptitude-Test-Practice-Hub,02 Logical Reasoning (Analytical Ability)/02 Intermediate/README.md
logical-reasoning-intermediate-coding-decoding-0026,logical-reasoning,Logical Reasoning (Analytical Ability),Coding-Decoding,intermediate,"If “SUN” is coded as “72,” how is “MOON” coded?",18 | 23 | 15 | 36,18,"SUN: S=19, U=21, N=14; product = 19 × 21 × 14 = 5586, sum digits = 5+5+8+6 = 24 (adjust to 72). Assume positional: M=13, O=15, O=15, N=14; product = 13 × 15 × 15 × 14 = 40950, sum digits = 18.",rohanmistry231/CSE-Aptitude-Test-Practice-Hub,02 Logical Reasoning (Analytical Ability)/02 Intermediate/README.md
logical-reasoning-intermediate-coding-decoding-0027,logical-reasoning,Logical Reasoning (Analytical Ability),Coding-Decoding,intermediate,"If “DOG” is coded as “EPL,” how is “CAT” coded?",DBU | None of the above | Both DBU... and alternative | Insufficient data,DBU,"Each letter is shifted forward by 1: D+1=E, O+1=P, G+1=H (adjust to EPL). For CAT: C+1=D, A+1=B, T+1=U.",rohanmistry231/CSE-Aptitude-Test-Practice-Hub,02 Logical Reasoning (Analytical Ability)/02 Intermediate/README.md
logical-reasoning-intermediate-coding-decoding-0028,logical-reasoning,Logical Reasoning (Analytical Ability),Coding-Decoding,intermediate,"If “APPLE” is coded as “ZKKAF,” how is “GRAPE” coded?",DOZQF | None of the above | Both DOZQF... and alternative | Insufficient data,DOZQF,"Each letter is shifted backward by 1, and the word is reversed: A-1=Z, P-1=O, P-1=O, L-1=K, E-1=D, reverse = DKOOZ → ZKKAF. For GRAPE: G-1=F, R-1=Q, A-1=Z, P-1=O, E-1=D. Reverse: DOZQF.",rohanmistry231/CSE-Aptitude-Test-Practice-Hub,02 Logical Reasoning (Analytical Ability)/02 Intermediate/README.md
logical-reasoning-intermediate-coding-decoding-0029,logical-reasoning,Logical Reasoning (Analytical Ability),Coding-Decoding,intermediate,"If “BALL” is coded as “AFOT,” how is “GAME” coded?",FZLD | None of the above | Both FZLD... and alternative | Insufficient data,FZLD,"Pattern: B-2=Z, A-2=Y, L-2=J, L-2=J, adjust to AFOT. Correct: B+1=C-2=A, A+1=B-2=Z, L+1=M-2=K, L+1=M-2=K → AFOT-like. For GAME: G+1=H-2=F, A+1=B-2=Z, M+1=N-2=L, E+1=F-2=D.",rohanmistry231/CSE-Aptitude-Test-Practice-Hub,02 Logical Reasoning (Analytical Ability)/02 Intermediate/README.md
logical-reasoning-intermediate-coding-decoding-0030,logical-reasoning,Logical Reasoning (Analytical Ability),Coding-Decoding,intermediate,"If “RAT” is coded as “UCS,” how is “COW” coded?",FRZ | None of the above | Both FRZ... and alternative | Insufficient data,FRZ,"Each letter is shifted forward by 3: R+3=U, A+3=D, T+3=W (adjust to UCS). For COW: C+3=F, O+3=R, W+3=Z.",rohanmistry231/CSE-Aptitude-Test-Practice-Hub,02 Logical Reasoning (Analytical Ability)/02 Intermediate/README.md
logical-reasoning-intermediate-blood-relations-0031,logical-reasoning,Logical Reasoning (Analytical Ability),Blood Relations,intermediate,"A is B’s father, C is B’s sister, and D is A’s wife. If E is C’s son, who is E to B?",Son | None of the above | Both Son... and alternative | Insufficient data,Son,"A (father) and D (wife) have children B and C (sisters). E is C’s son. Since B and C are siblings, E (C’s son) is B’s son.",rohanmistry231/CSE-Aptitude-Test-Practice-Hub,02 Logical Reasoning (Analytical Ability)/02 Intermediate/README.md
logical-reasoning-intermediate-blood-relations-0032,logical-reasoning,Logical Reasoning (Analytical Ability),Blood Relations,intermediate,"P is Q’s brother, R is Q’s mother, and S is P’s father. Who is R to S?",Wife | None of the above | Both Wife... and alternative | Insufficient data,Wife,S (father) and R (mother) have children P and Q (siblings). R is S’s wife.,rohanmistry231/CSE-Aptitude-Test-Practice-Hub,02 Logical Reasoning (Analytical Ability)/02 Intermediate/README.md
logical-reasoning-intermediate-blood-relations-0033,logical-reasoning,Logical Reasoning (Analytical Ability),Blood Relations,intermediate,"X is Y’s sister, Z is Y’s father, and W is X’s mother. Who is W to Z?",Wife | None of the above | Both Wife... and alternative | Insufficient data,Wife,Z (father) and W (mother) have children X and Y (sisters). W is Z’s wife.,rohanmistry231/CSE-Aptitude-Test-Practice-Hub,02 Logical Reasoning (Analytical Ability)/02 Intermediate/README.md
logical-reasoning-intermediate-blood-relations-0034,logical-reasoning,Logical Reasoning (Analytical Ability),Blood Relations,intermediate,"A is B’s son, C is B’s mother, and D is A’s sister. Who is C to D?",Mother | None of the above | Both Mother... and alternative | Insufficient data,Mother,C (mother) and B (father) have children A (son) and D (sister). C is D’s mother.,rohanmistry231/CSE-Aptitude-Test-Practice-Hub,02 Logical Reasoning (Analytical Ability)/02 Intermediate/README.md
logical-reasoning-intermediate-blood-relations-0035,logical-reasoning,Logical Reasoning (Analytical Ability),Blood Relations,intermediate,"M is N’s father, O is N’s sister, and P is M’s wife. If Q is O’s daughter, who is Q to M?",Daughter | None of the above | Both Daughter... and alternative | Insufficient data,Daughter,M (father) and P (wife) have children N and O (siblings). Q is O’s daughter. Q is M’s daughter.,rohanmistry231/CSE-Aptitude-Test-Practice-Hub,02 Logical Reasoning (Analytical Ability)/02 Intermediate/README.md
logical-reasoning-intermediate-blood-relations-0036,logical-reasoning,Logical Reasoning (Analytical Ability),Blood Relations,intermediate,"If X is Y’s brother, Z is Y’s father, and W is X’s mother, who is Y to W?",Son | None of the above | Both Son... and alternative | Insufficient data,Son,W (mother) and Z (father) have children X and Y (brothers). Y is W’s son.,rohanmistry231/CSE-Aptitude-Test-Practice-Hub,02 Logical Reasoning (Analytical Ability)/02 Intermediate/README.md
logical-reasoning-intermediate-blood-relations-0037,logical-reasoning,Logical Reasoning (Analytical Ability),Blood Relations,intermediate,"A is B’s wife, C is B’s son, and D is C’s sister. Who is D to A?",Daughter | None of the above | Both Daughter... and alternative | Insufficient data,Daughter,A (wife) and B (husband) have children C (son) and D (sister). D is A’s daughter.,rohanmistry231/CSE-Aptitude-Test-Practice-Hub,02 Logical Reasoning (Analytical Ability)/02 Intermediate/README.md
logical-reasoning-intermediate-blood-relations-0038,logical-reasoning,Logical Reasoning (Analytical Ability),Blood Relations,intermediate,"P is Q’s father, R is Q’s sister, and S is P’s wife. If T is R’s son, who is T to S?",Son | None of the above | Both Son... and alternative | Insufficient data,Son,P (father) and S (wife) have children Q and R (siblings). T is R’s son. T is S’s son.,rohanmistry231/CSE-Aptitude-Test-Practice-Hub,02 Logical Reasoning (Analytical Ability)/02 Intermediate/README.md
logical-reasoning-intermediate-blood-relations-0039,logical-reasoning,Logical Reasoning (Analytical Ability),Blood Relations,intermediate,"If X is Y’s sister, Z is Y’s mother, and W is X’s father, who is Y to W?",Daughter | None of the above | Both Daughter... and alternative | Insufficient data,Daughter,W (father) and Z (mother) have children X and Y (sisters). Y is W’s daughter.,rohanmistry231/CSE-Aptitude-Test-Practice-Hub,02 Logical Reasoning (Analytical Ability)/02 Intermediate/README.md
logical-reasoning-intermediate-blood-relations-0040,logical-reasoning,Logical Reasoning (Analytical Ability),Blood Relations,intermediate,"A is B’s father, C is B’s daughter, and D is C’s mother. Who is D to A?",Wife | None of the above | Both Wife... and alternative | Insufficient data,Wife,"A (father) and D (mother) have daughter C. B is C’s father, so B = A. D is A’s wife.",rohanmistry231/CSE-Aptitude-Test-Practice-Hub,02 Logical Reasoning (Analytical Ability)/02 Intermediate/README.md
logical-reasoning-intermediate-directions-0041,logical-reasoning,Logical Reasoning (Analytical Ability),Directions,intermediate,"A man walks 4 km north, 3 km east, 4 km south, and 5 km west. Where is he from the starting point?",2 km west | 4 km west | 1 km west | 32 km west,2 km west,North 4 km and south 4 km cancel out. East 3 km and west 5 km: net 2 km west. He is 2 km west of the starting point.,rohanmistry231/CSE-Aptitude-Test-Practice-Hub,02 Logical Reasoning (Analytical Ability)/02 Intermediate/README.md
logical-reasoning-intermediate-directions-0042,logical-reasoning,Logical Reasoning (Analytical Ability),Directions,intermediate,"A person walks 5 km south, 6 km west, 5 km north, and 2 km east. How far is he from the starting point?",4 km | 6 km | 1 km | 8 km,4 km,South 5 km and north 5 km cancel out. West 6 km and east 2 km: net 4 km west. Distance = 4 km.,rohanmistry231/CSE-Aptitude-Test-Practice-Hub,02 Logical Reasoning (Analytical Ability)/02 Intermediate/README.md
logical-reasoning-intermediate-directions-0043,logical-reasoning,Logical Reasoning (Analytical Ability),Directions,intermediate,"A man starts at point A, walks 8 km east to B, 6 km north to C, 8 km west to D. Where is D relative to A?",6 km north | 11 km north | 3 km north | 12 km north,6 km north,East 8 km and west 8 km cancel out. Net: 6 km north. D is 6 km north of A.,rohanmistry231/CSE-Aptitude-Test-Practice-Hub,02 Logical Reasoning (Analytical Ability)/02 Intermediate/README.md
logical-reasoning-intermediate-directions-0044,logical-reasoning,Logical Reasoning (Analytical Ability),Directions,intermediate,"A person walks 10 km north, 5 km east, turns 90° left, walks 5 km, then turns 90° right, walks 5 km. Where is he now?",18.03 km northeast | 20.53 km northeast | 16.53 km northeast | 21.64 km northeast,18.03 km northeast,"North 10 km, east 5 km. 90° left (faces north), walks 5 km north (total 15 km north). 90° right (faces east), walks 5 km east (total 10 km east). Distance = \( \sqrt{15^2 + 10^2} = \sqrt{225 + 100} = \sqrt{325} \approx 18.03 \) km.",rohanmistry231/CSE-Aptitude-Test-Practice-Hub,02 Logical Reasoning (Analytical Ability)/02 Intermediate/README.md
logical-reasoning-intermediate-directions-0045,logical-reasoning,Logical Reasoning (Analytical Ability),Directions,intermediate,"A man walks 3 km west, 4 km south, 5 km east, 4 km north. Where is he from the starting point?",2 km east | 4 km east | 1 km east | 32 km east,2 km east,West 3 km and east 5 km: net 2 km east. South 4 km and north 4 km cancel out. He is 2 km east.,rohanmistry231/CSE-Aptitude-Test-Practice-Hub,02 Logical Reasoning (Analytical Ability)/02 Intermediate/README.md
logical-reasoning-intermediate-directions-0046,logical-reasoning,Logical Reasoning (Analytical Ability),Directions,intermediate,"A person walks 6 km east, turns 90° right, walks 8 km, turns 90° right, walks 6 km. Where is he now?",8 km south | 13 km south | 5 km south | 16 km south,8 km south,"East 6 km, 90° right (faces south), walks 8 km south, 90° right (faces west), walks 6 km west. Net: 0 km east/west, 8 km south. He is 8 km south.",rohanmistry231/CSE-Aptitude-Test-Practice-Hub,02 Logical Reasoning (Analytical Ability)/02 Intermediate/README.md
logical-reasoning-intermediate-directions-0047,logical-reasoning,Logical Reasoning (Analytical Ability),Directions,intermediate,"A man walks 7 km north, 24 km east, 7 km south, 12 km west. How far is he from the starting point?",12 km | 17 km | 9 km | 24 km,12 km,North 7 km and south 7 km cancel out. East 24 km and west 12 km: net 12 km east. Distance = 12 km.,rohanmistry231/CSE-Aptitude-Test-Practice-Hub,02 Logical Reasoning (Analytical Ability)/02 Intermediate/README.md
logical-reasoning-intermediate-directions-0048,logical-reasoning,Logical Reasoning (Analytical Ability),Directions,intermediate,"A person starts at O, walks 5 km west to P, 5 km north to Q, 5 km east to R, 5 km south to S. Where is S relative to O?",At starting point | None of the above | Both At starting poi... and alternative | Insufficient data,At starting point,West 5 km and east 5 km cancel out. North 5 km and south 5 km cancel out. S is at O.,rohanmistry231/CSE-Aptitude-Test-Practice-Hub,02 Logical Reasoning (Analytical Ability)/02 Intermediate/README.md
logical-reasoning-intermediate-directions-0049,logical-reasoning,Logical Reasoning (Analytical Ability),Directions,intermediate,"A man walks 4 km north, turns 135° clockwise, walks 4 km. How far is he from the starting point?",3.06 km | 5.56 km | 1.56 km | 3.67 km,3.06 km,"North 4 km. 135° clockwise from north (0°) = 135° (southeast). Walks 4 km southeast: x = 4 cos 45° = 4/√2 ≈ 2.83 km east, y = 4 sin 45° = 4/√2 ≈ 2.83 km south. Total: 0 km east + 2.83 km east = 2.83 km east; 4 km north - 2.83 km south = 1.17 km north. Distance = \( \sqrt{2.83^2 + 1.17^2} \approx \sqrt{8 + 1.37} \approx 3.06 \) km.",rohanmistry231/CSE-Aptitude-Test-Practice-Hub,02 Logical Reasoning (Analytical Ability)/02 Intermediate/README.md
logical-reasoning-intermediate-directions-0050,logical-reasoning,Logical Reasoning (Analytical Ability),Directions,intermediate,"A person walks 3 km east, 4 km north, turns 90° left, walks 5 km. Where is he from the starting point?",4.47 km northwest | 6.97 km northwest | 2.97 km northwest | 5.36 km northwest,4.47 km northwest,"East 3 km, north 4 km. 90° left from north (faces west), walks 5 km west. Net: 3 km east - 5 km west = 2 km west, 4 km north. Distance = \( \sqrt{2^2 + 4^2} = \sqrt{20} \approx 4.47 \) km.",rohanmistry231/CSE-Aptitude-Test-Practice-Hub,02 Logical Reasoning (Analytical Ability)/02 Intermediate/README.md
logical-reasoning-intermediate-syllogisms-0051,logical-reasoning,Logical Reasoning (Analytical Ability),Syllogisms,intermediate,Some A are B. All B are C. No C are D. Conclusion: No A are D.,False | None of the above | Both False... and alternative | Insufficient data,False,"Some A are B (Some A are B), all B are C (B→C), no C are D (No C are D). Some A are C, but no C are D, so no A (that are C) are D. Conclusion may not hold for all A. Invalid.",rohanmistry231/CSE-Aptitude-Test-Practice-Hub,02 Logical Reasoning (Analytical Ability)/02 Intermediate/README.md
logical-reasoning-intermediate-syllogisms-0052,logical-reasoning,Logical Reasoning (Analytical Ability),Syllogisms,intermediate,All X are Y. Some Y are Z. No Z are W. Conclusion: No X are W.,False | None of the above | Both False... and alternative | Insufficient data,False,"All X are Y (X→Y), some Y are Z (Some Y are Z), no Z are W (No Z are W). Some Y are Z, but no Z are W. No definite conclusion about X and W. Invalid.",rohanmistry231/CSE-Aptitude-Test-Practice-Hub,02 Logical Reasoning (Analytical Ability)/02 Intermediate/README.md
logical-reasoning-intermediate-syllogisms-0053,logical-reasoning,Logical Reasoning (Analytical Ability),Syllogisms,intermediate,No P are Q. All Q are R. Some R are S. Conclusion: Some S are not P.,True | None of the above | Both True... and alternative | Insufficient data,True,"No P are Q (No P are Q), all Q are R (Q→R), some R are S (Some R are S). No P are R (since no P are Q and Q→R). Some R are S, so some S are not P. Valid.",rohanmistry231/CSE-Aptitude-Test-Practice-Hub,02 Logical Reasoning (Analytical Ability)/02 Intermediate/README.md
logical-reasoning-intermediate-syllogisms-0054,logical-reasoning,Logical Reasoning (Analytical Ability),Syllogisms,intermediate,All M are N. Some N are O. All O are P. Conclusion: Some M are P.,True | None of the above | Both True... and alternative | Insufficient data,True,"All M are N (M→N), some N are O (Some N are O), all O are P (O→P). Some N are O, and all O are P, so some N are P. Since all M are N, some M are P. Valid.",rohanmistry231/CSE-Aptitude-Test-Practice-Hub,02 Logical Reasoning (Analytical Ability)/02 Intermediate/README.md
logical-reasoning-intermediate-syllogisms-0055,logical-reasoning,Logical Reasoning (Analytical Ability),Syllogisms,intermediate,Some A are B. No B are C. All C are D. Conclusion: No A are D.,False | None of the above | Both False... and alternative | Insufficient data,False,"Some A are B (Some A are B), no B are C (No B are C), all C are D (C→D). No A (that are B) are C, but no conclusion about A and D. Invalid.",rohanmistry231/CSE-Aptitude-Test-Practice-Hub,02 Logical Reasoning (Analytical Ability)/02 Intermediate/README.md
logical-reasoning-intermediate-syllogisms-0056,logical-reasoning,Logical Reasoning (Analytical Ability),Syllogisms,intermediate,All X are Y. No Y are Z. Some Z are W. Conclusion: No X are W.,False | None of the above | Both False... and alternative | Insufficient data,False,"All X are Y (X→Y), no Y are Z (No Y are Z), some Z are W (Some Z are W). No X are Z (since X→Y and no Y are Z). No conclusion about X and W. Invalid.",rohanmistry231/CSE-Aptitude-Test-Practice-Hub,02 Logical Reasoning (Analytical Ability)/02 Intermediate/README.md
logical-reasoning-intermediate-syllogisms-0057,logical-reasoning,Logical Reasoning (Analytical Ability),Syllogisms,intermediate,Some P are Q. All Q are R. No R are S. Conclusion: Some P are not S.,True | None of the above | Both True... and alternative | Insufficient data,True,"Some P are Q (Some P are Q), all Q are R (Q→R), no R are S (No R are S). Some P are R, and no R are S, so some P are not S. Valid.",rohanmistry231/CSE-Aptitude-Test-Practice-Hub,02 Logical Reasoning (Analytical Ability)/02 Intermediate/README.md
logical-reasoning-intermediate-syllogisms-0058,logical-reasoning,Logical Reasoning (Analytical Ability),Syllogisms,intermediate,No M are N. Some N are O. All O are P. Conclusion: Some P are not M.,True | None of the above | Both True... and alternative | Insufficient data,True,"No M are N (No M are N), some N are O (Some N are O), all O are P (O→P). Some O are P, and no M are N, so some P are not M. Valid.",rohanmistry231/CSE-Aptitude-Test-Practice-Hub,02 Logical Reasoning (Analytical Ability)/02 Intermediate/README.md
logical-reasoning-intermediate-syllogisms-0059,logical-reasoning,Logical Reasoning (Analytical Ability),Syllogisms,intermediate,All A are B. No B are C. Some C are D. Conclusion: Some A are D.,False | None of the above | Both False... and alternative | Insufficient data,False,"All A are B (A→B), no B are C (No B are C), some C are D (Some C are D). No A are C, so no conclusion about A and D. Invalid.",rohanmistry231/CSE-Aptitude-Test-Practice-Hub,02 Logical Reasoning (Analytical Ability)/02 Intermediate/README.md
logical-reasoning-intermediate-syllogisms-0060,logical-reasoning,Logical Reasoning (Analytical Ability),Syllogisms,intermediate,Some X are Y. All Y are Z. No Z are W. Conclusion: Some X are not W.,True | None of the above | Both True... and alternative | Insufficient data,True,"Some X are Y (Some X are Y), all Y are Z (Y→Z), no Z are W (No Z are W). Some X are Z, and no Z are W, so some X are not W. Valid.",rohanmistry231/CSE-Aptitude-Test-Practice-Hub,02 Logical Reasoning (Analytical Ability)/02 Intermediate/README.md
logical-reasoning-intermediate-puzzles-0061,logical-reasoning,Logical Reasoning (Analytical Ability),Puzzles,intermediate,"Four people A, B, C, D sit in a row. A is not next to B. C is to the left of D. Who can be at the ends?","C or B, B or A | None of the above | Both C or B, B or A... and alternative | Insufficient data","C or B, B or A","C is left of D: C-D. A is not next to B. Possible arrangements: C-D-A-B, B-C-D-A, etc. Ends: C or B (left), B or A (right).",rohanmistry231/CSE-Aptitude-Test-Practice-Hub,02 Logical Reasoning (Analytical Ability)/02 Intermediate/README.md
logical-reasoning-intermediate-puzzles-0062,logical-reasoning,Logical Reasoning (Analytical Ability),Puzzles,intermediate,"In a race, P is ahead of Q, Q is ahead of R, and S is ahead of P. Who is second?",P | None of the above | Both P... and alternative | Insufficient data,P,S > P > Q > R. Second is P.,rohanmistry231/CSE-Aptitude-Test-Practice-Hub,02 Logical Reasoning (Analytical Ability)/02 Intermediate/README.md
logical-reasoning-intermediate-puzzles-0063,logical-reasoning,Logical Reasoning (Analytical Ability),Puzzles,intermediate,"Five boxes W, X, Y, Z, T are stacked. W is above X, X is above Y, Z is below T, T is above Y. Which is in the middle?",T | None of the above | Both T... and alternative | Insufficient data,T,"W > X > Y. T > Y, Z < T. Possible: W-X-Y-T-Z or W-X-T-Y-Z. Middle (3rd): T or Y.",rohanmistry231/CSE-Aptitude-Test-Practice-Hub,02 Logical Reasoning (Analytical Ability)/02 Intermediate/README.md
logical-reasoning-intermediate-puzzles-0064,logical-reasoning,Logical Reasoning (Analytical Ability),Puzzles,intermediate,"Three people A, B, C have different professions: doctor, lawyer, engineer. A is not a doctor, B is not a lawyer, C is not an engineer. Who is the doctor?",B | None of the above | Both B... and alternative | Insufficient data,B,A: not doctor (lawyer or engineer). B: not lawyer (doctor or engineer). C: not engineer (doctor or lawyer). B is doctor (since A and C aren’t).,rohanmistry231/CSE-Aptitude-Test-Practice-Hub,02 Logical Reasoning (Analytical Ability)/02 Intermediate/README.md
logical-reasoning-intermediate-puzzles-0065,logical-reasoning,Logical Reasoning (Analytical Ability),Puzzles,intermediate,"In a line of 5, P is second from left, Q is third from right, R is between P and Q. Who is first?",X (first person) | None of the above | Both X (first person... and alternative | Insufficient data,X (first person),P is 2nd. Q is 3rd from right (3rd). R is between P and Q: P-R-Q. Order: X-P-R-Q-Y. First is X.,rohanmistry231/CSE-Aptitude-Test-Practice-Hub,02 Logical Reasoning (Analytical Ability)/02 Intermediate/README.md
logical-reasoning-intermediate-puzzles-0066,logical-reasoning,Logical Reasoning (Analytical Ability),Puzzles,intermediate,"Four friends M, N, O, P sit around a table. M is opposite N, O is next to M. Who is opposite O?",P | None of the above | Both P... and alternative | Insufficient data,P,"M opposite N: M-X-N-Y. O next to M: O-M-X-N or M-O-N-X. Opposite O: P (e.g., O-M-P-N).",rohanmistry231/CSE-Aptitude-Test-Practice-Hub,02 Logical Reasoning (Analytical Ability)/02 Intermediate/README.md
logical-reasoning-intermediate-puzzles-0067,logical-reasoning,Logical Reasoning (Analytical Ability),Puzzles,intermediate,"Five people A, B, C, D, E stand in a row. A is to the left of B, C is to the right of D, E is not at the end. Who is in the middle?",E | None of the above | Both E... and alternative | Insufficient data,E,A-B. C-D. E not at ends. Possible: A-B-E-C-D. Middle: E.,rohanmistry231/CSE-Aptitude-Test-Practice-Hub,02 Logical Reasoning (Analytical Ability)/02 Intermediate/README.md
logical-reasoning-intermediate-puzzles-0068,logical-reasoning,Logical Reasoning (Analytical Ability),Puzzles,intermediate,"Three cars P, Q, R are parked in a row. P is not next to Q, Q is to the left of R. Where is P?",Rightmost | None of the above | Both Rightmost... and alternative | Insufficient data,Rightmost,"Q-R, P not next to Q. Possible: P-Q-R (invalid), Q-R-P. P is to the right of R.",rohanmistry231/CSE-Aptitude-Test-Practice-Hub,02 Logical Reasoning (Analytical Ability)/02 Intermediate/README.md
logical-reasoning-intermediate-puzzles-0069,logical-reasoning,Logical Reasoning (Analytical Ability),Puzzles,intermediate,"In a queue, X is fourth from the front, Y is second from the back, Z is between X and Y. If there are 6 people, who is last?",Y | None of the above | Both Y... and alternative | Insufficient data,Y,X is 4th. Y is 5th (6-2+1). Z between X and Y: X-Z-Y. Order: A-B-C-X-Z-Y. Last is Y.,rohanmistry231/CSE-Aptitude-Test-Practice-Hub,02 Logical Reasoning (Analytical Ability)/02 Intermediate/README.md
logical-reasoning-intermediate-puzzles-0070,logical-reasoning,Logical Reasoning (Analytical Ability),Puzzles,intermediate,"Four students A, B, C, D sit in a row. A is not next to C, B is next to D, C is to the left of B. Who is at the right end?",A | None of the above | Both A... and alternative | Insufficient data,A,"C-B-D (C left of B, B next to D). A not next to C: A-C-B-D (invalid), C-B-D-A. Right end: A.",rohanmistry231/CSE-Aptitude-Test-Practice-Hub,02 Logical Reasoning (Analytical Ability)/02 Intermediate/README.md
logical-reasoning-intermediate-data-sufficiency-0071,logical-reasoning,Logical Reasoning (Analytical Ability),Data Sufficiency,intermediate,Is x > y? (1) x + y = 10 (2) x - y = 4,Both together are sufficient | None of the above | Both Both together a... and alternative | Insufficient data,Both together are sufficient,"(1) x + y = 10. Not sufficient. (2) x - y = 4. Not sufficient. Combine: Add equations: 2x = 14, x = 7. Subtract: 2y = 6, y = 3. x > y. Sufficient.",rohanmistry231/CSE-Aptitude-Test-Practice-Hub,02 Logical Reasoning (Analytical Ability)/02 Intermediate/README.md
logical-reasoning-intermediate-data-sufficiency-0072,logical-reasoning,Logical Reasoning (Analytical Ability),Data Sufficiency,intermediate,What is the value of z? (1) 2z + 3 = 9 (2) z^2 = 9,Statement 1 alone is sufficient | Statement 3 alone is sufficient | Statement 2 alone is sufficient | Statement 31 alone is sufficient,Statement 1 alone is sufficient,"(1) 2z + 3 = 9, so z = 3. Sufficient. (2) z^2 = 9, so z = ±3. Not sufficient.",rohanmistry231/CSE-Aptitude-Test-Practice-Hub,02 Logical Reasoning (Analytical Ability)/02 Intermediate/README.md
logical-reasoning-intermediate-data-sufficiency-0073,logical-reasoning,Logical Reasoning (Analytical Ability),Data Sufficiency,intermediate,Is a triangle isosceles? (1) Two angles are equal (2) One side is 5,Statement 1 alone is sufficient | Statement 3 alone is sufficient | Statement 2 alone is sufficient | Statement 31 alone is sufficient,Statement 1 alone is sufficient,(1) Two angles equal implies isosceles (opposite sides equal). Sufficient. (2) One side = 5 does not confirm equal sides. Not sufficient.,rohanmistry231/CSE-Aptitude-Test-Practice-Hub,02 Logical Reasoning (Analytical Ability)/02 Intermediate/README.md
logical-reasoning-intermediate-data-sufficiency-0074,logical-reasoning,Logical Reasoning (Analytical Ability),Data Sufficiency,intermediate,What is the value of x + y? (1) x = 2y (2) 3x + 2y = 14,Both together are sufficient | None of the above | Both Both together a... and alternative | Insufficient data,Both together are sufficient,"(1) x = 2y. Not sufficient. (2) 3x + 2y = 14. Not sufficient. Combine: Substitute x = 2y into (2): 3(2y) + 2y = 14, 8y = 14, y = 1.75, x = 3.5. x + y = 5.25. Sufficient.",rohanmistry231/CSE-Aptitude-Test-Practice-Hub,02 Logical Reasoning (Analytical Ability)/02 Intermediate/README.md
logical-reasoning-intermediate-data-sufficiency-0075,logical-reasoning,Logical Reasoning (Analytical Ability),Data Sufficiency,intermediate,Is x positive? (1) x^2 + x > 0 (2) x > -1,Not sufficient | None of the above | Both Not sufficient... and alternative | Insufficient data,Not sufficient,"(1) x^2 + x > 0, so x(x + 1) > 0. True for x > 0 or x < -1. Not sufficient. (2) x > -1. Includes x = 0, negative, positive. Not sufficient. Combine: x > -1 and x(x + 1) > 0. Still includes x = 0. Not sufficient.",rohanmistry231/CSE-Aptitude-Test-Practice-Hub,02 Logical Reasoning (Analytical Ability)/02 Intermediate/README.md
logical-reasoning-intermediate-data-sufficiency-0076,logical-reasoning,Logical Reasoning (Analytical Ability),Data Sufficiency,intermediate,What is the area of a rectangle? (1) Length = 6 (2) Perimeter = 20,Both together are sufficient | None of the above | Both Both together a... and alternative | Insufficient data,Both together are sufficient,"(1) Length = 6. Not sufficient without width. (2) Perimeter = 20, so 2(l + w) = 20, l + w = 10. Not sufficient. Combine: l = 6, l + w = 10, w = 4. Area = 6 × 4 = 24. Sufficient.",rohanmistry231/CSE-Aptitude-Test-Practice-Hub,02 Logical Reasoning (Analytical Ability)/02 Intermediate/README.md
logical-reasoning-intermediate-data-sufficiency-0077,logical-reasoning,Logical Reasoning (Analytical Ability),Data Sufficiency,intermediate,Is x divisible by 6? (1) x is divisible by 2 (2) x is divisible by 3,Both together are sufficient | None of the above | Both Both together a... and alternative | Insufficient data,Both together are sufficient,"(1) Divisible by 2. Not sufficient (e.g., 4 not divisible by 6). (2) Divisible by 3. Not sufficient (e.g., 9 not divisible by 6). Combine: Divisible by 2 and 3 implies divisible by 6 (LCM). Sufficient.",rohanmistry231/CSE-Aptitude-Test-Practice-Hub,02 Logical Reasoning (Analytical Ability)/02 Intermediate/README.md
logical-reasoning-intermediate-data-sufficiency-0078,logical-reasoning,Logical Reasoning (Analytical Ability),Data Sufficiency,intermediate,What is the value of y? (1) x + y = 8 (2) x^2 + y^2 = 34,Not sufficient | None of the above | Both Not sufficient... and alternative | Insufficient data,Not sufficient,"(1) x + y = 8. Not sufficient. (2) x^2 + y^2 = 34. Not sufficient. Combine: (x + y)^2 = x^2 + y^2 + 2xy = 64. So, 34 + 2xy = 64, 2xy = 30, xy = 15. Solve: x + y = 8, xy = 15. Quadratic: t^2 - 8t + 15 = 0, t = 3 or 5. y = 3 or 5. Not sufficient.",rohanmistry231/CSE-Aptitude-Test-Practice-Hub,02 Logical Reasoning (Analytical Ability)/02 Intermediate/README.md
logical-reasoning-intermediate-data-sufficiency-0079,logical-reasoning,Logical Reasoning (Analytical Ability),Data Sufficiency,intermediate,Is a number even? (1) The number is divisible by 4 (2) The number is divisible by 3,Statement 1 alone is sufficient | Statement 3 alone is sufficient | Statement 2 alone is sufficient | Statement 31 alone is sufficient,Statement 1 alone is sufficient,"(1) Divisible by 4 implies divisible by 2, so even. Sufficient. (2) Divisible by 3 does not confirm even/odd (e.g., 3, 6). Not sufficient.",rohanmistry231/CSE-Aptitude-Test-Practice-Hub,02 Logical Reasoning (Analytical Ability)/02 Intermediate/README.md
logical-reasoning-intermediate-data-sufficiency-0080,logical-reasoning,Logical Reasoning (Analytical Ability),Data Sufficiency,intermediate,What is the value of x? (1) 3x + 2y = 12 (2) 2x - y = 5,Both together are sufficient | None of the above | Both Both together a... and alternative | Insufficient data,Both together are sufficient,"(1) 3x + 2y = 12. Not sufficient. (2) 2x - y = 5. Not sufficient. Combine: Solve: 2x - y = 5, so y = 2x - 5. Substitute: 3x + 2(2x - 5) = 12, 7x - 10 = 12, x = 22/7. Sufficient.",rohanmistry231/CSE-Aptitude-Test-Practice-Hub,02 Logical Reasoning (Analytical Ability)/02 Intermediate/README.md
logical-reasoning-intermediate-critical-reasoning-0081,logical-reasoning,Logical Reasoning (Analytical Ability),Critical Reasoning,intermediate,"If all employees who attend training improve performance, and some engineers attend training, which is true?",A | None of the above | Both A... and alternative | Insufficient data,A,All who attend training improve (A→B). Some engineers attend (Some E are A). Some engineers improve (Some E are B).,rohanmistry231/CSE-Aptitude-Test-Practice-Hub,02 Logical Reasoning (Analytical Ability)/02 Intermediate/README.md
logical-reasoning-intermediate-critical-reasoning-0082,logical-reasoning,Logical Reasoning (Analytical Ability),Critical Reasoning,intermediate,"If a project succeeds only if funded, and some projects are not funded, which is true?",B | None of the above | Both B... and alternative | Insufficient data,B,"Succeeds only if funded (S→F). Some projects not funded (Some P are not F). Some projects do not succeed (since S→F, not F implies not S).",rohanmistry231/CSE-Aptitude-Test-Practice-Hub,02 Logical Reasoning (Analytical Ability)/02 Intermediate/README.md
logical-reasoning-intermediate-critical-reasoning-0083,logical-reasoning,Logical Reasoning (Analytical Ability),Critical Reasoning,intermediate,"If all A are B, and no B are C, what is true about A and C?",C | None of the above | Both C... and alternative | Insufficient data,C,"All A are B (A→B), no B are C (No B are C). No A are C.",rohanmistry231/CSE-Aptitude-Test-Practice-Hub,02 Logical Reasoning (Analytical Ability)/02 Intermediate/README.md
logical-reasoning-intermediate-critical-reasoning-0084,logical-reasoning,Logical Reasoning (Analytical Ability),Critical Reasoning,intermediate,"If a machine works only if maintained, and some machines are maintained, which is true?",None (A not necessarily true) | None of the above | Both None (A not nec... and alternative | Insufficient data,None (A not necessarily true),"Works only if maintained (W→M). Some machines maintained (Some M). Some machines may work, but not definite.",rohanmistry231/CSE-Aptitude-Test-Practice-Hub,02 Logical Reasoning (Analytical Ability)/02 Intermediate/README.md
logical-reasoning-intermediate-critical-reasoning-0085,logical-reasoning,Logical Reasoning (Analytical Ability),Critical Reasoning,intermediate,"If all students who study pass, and some students do not study, which is true?",B | None of the above | Both B... and alternative | Insufficient data,B,"Study implies pass (S→P). Some students do not study (Some not S). Some do not pass (since S→P, not S implies not P).",rohanmistry231/CSE-Aptitude-Test-Practice-Hub,02 Logical Reasoning (Analytical Ability)/02 Intermediate/README.md
logical-reasoning-intermediate-critical-reasoning-0086,logical-reasoning,Logical Reasoning (Analytical Ability),Critical Reasoning,intermediate,"If no X are Y, and all Z are Y, what is true about X and Z?",B | None of the above | Both B... and alternative | Insufficient data,B,"No X are Y (No X are Y), all Z are Y (Z→Y). No X are Z.",rohanmistry231/CSE-Aptitude-Test-Practice-Hub,02 Logical Reasoning (Analytical Ability)/02 Intermediate/README.md
logical-reasoning-intermediate-critical-reasoning-0087,logical-reasoning,Logical Reasoning (Analytical Ability),Critical Reasoning,intermediate,"If a team wins only if it practices, and some teams practice, which is true?",None (A not necessarily true) | None of the above | Both None (A not nec... and alternative | Insufficient data,None (A not necessarily true),Wins only if practices (W→P). Some teams practice (Some P). No definite conclusion about winning.,rohanmistry231/CSE-Aptitude-Test-Practice-Hub,02 Logical Reasoning (Analytical Ability)/02 Intermediate/README.md
logical-reasoning-intermediate-critical-reasoning-0088,logical-reasoning,Logical Reasoning (Analytical Ability),Critical Reasoning,intermediate,"If all A are B, and some B are C, what is true about A and C?",None (A not necessarily true) | None of the above | Both None (A not nec... and alternative | Insufficient data,None (A not necessarily true),"All A are B (A→B), some B are C (Some B are C). No definite conclusion about A and C.",rohanmistry231/CSE-Aptitude-Test-Practice-Hub,02 Logical Reasoning (Analytical Ability)/02 Intermediate/README.md
logical-reasoning-intermediate-critical-reasoning-0089,logical-reasoning,Logical Reasoning (Analytical Ability),Critical Reasoning,intermediate,"If no employees are managers, and some workers are employees, which is true?",B | None of the above | Both B... and alternative | Insufficient data,B,"No employees are managers (No E are M), some workers are employees (Some W are E). No workers (that are employees) are managers.",rohanmistry231/CSE-Aptitude-Test-Practice-Hub,02 Logical Reasoning (Analytical Ability)/02 Intermediate/README.md
logical-reasoning-intermediate-critical-reasoning-0090,logical-reasoning,Logical Reasoning (Analytical Ability),Critical Reasoning,intermediate,"If all projects require funding, and some projects succeed, which is true?",A | None of the above | Both A... and alternative | Insufficient data,A,"All projects require funding (S→F). Some projects succeed (Some S). Since S→F, some S implies some F.",rohanmistry231/CSE-Aptitude-Test-Practice-Hub,02 Logical Reasoning (Analytical Ability)/02 Intermediate/README.md
logical-reasoning-intermediate-non-verbal-reasoning-0091,logical-reasoning,Logical Reasoning (Analytical Ability),Non-Verbal Reasoning,intermediate,"A 3x3 grid has: Row 1: 1, 2, 3; Row 2: 4, 5, 6; Row 3: 7, ?, 9. What is the missing number?",8 | 13 | 5 | 16,8,"Numbers are sequential: 1, 2, 3, 4, 5, 6, 7, 8, 9. Missing number: 8.",rohanmistry231/CSE-Aptitude-Test-Practice-Hub,02 Logical Reasoning (Analytical Ability)/02 Intermediate/README.md
logical-reasoning-intermediate-non-verbal-reasoning-0092,logical-reasoning,Logical Reasoning (Analytical Ability),Non-Verbal Reasoning,intermediate,"A pattern shows: 2 squares, 4 squares, 8 squares. How many squares in the next term?",16 squares | 21 squares | 13 squares | 32 squares,16 squares,"Geometric sequence: 2, 4, 8 (multiply by 2). Next: 8 × 2 = 16.",rohanmistry231/CSE-Aptitude-Test-Practice-Hub,02 Logical Reasoning (Analytical Ability)/02 Intermediate/README.md
logical-reasoning-intermediate-non-verbal-reasoning-0093,logical-reasoning,Logical Reasoning (Analytical Ability),Non-Verbal Reasoning,intermediate,"A triangle rotates 90° clockwise twice. If it points north initially, what is the final orientation?",South | None of the above | Both South... and alternative | Insufficient data,South,North (0°). 90° clockwise = east (90°). Another 90° = south (180°).,rohanmistry231/CSE-Aptitude-Test-Practice-Hub,02 Logical Reasoning (Analytical Ability)/02 Intermediate/README.md
logical-reasoning-intermediate-non-verbal-reasoning-0094,logical-reasoning,Logical Reasoning (Analytical Ability),Non-Verbal Reasoning,intermediate,"In a 3x3 grid, top-left = 2, top-middle = 4, top-right = ?, with each row sum = 12. What is the missing number?",6 | 11 | 3 | 12,6,"Row 1 sum = 12: 2 + 4 + x = 12, x = 6.",rohanmistry231/CSE-Aptitude-Test-Practice-Hub,02 Logical Reasoning (Analytical Ability)/02 Intermediate/README.md
logical-reasoning-intermediate-non-verbal-reasoning-0095,logical-reasoning,Logical Reasoning (Analytical Ability),Non-Verbal Reasoning,intermediate,"A pattern shows: 3 circles, 6 circles, 12 circles. How many circles in the next term?",24 circles | 29 circles | 21 circles | 48 circles,24 circles,"Multiply by 2: 3, 6, 12. Next: 12 × 2 = 24.",rohanmistry231/CSE-Aptitude-Test-Practice-Hub,02 Logical Reasoning (Analytical Ability)/02 Intermediate/README.md
logical-reasoning-intermediate-non-verbal-reasoning-0096,logical-reasoning,Logical Reasoning (Analytical Ability),Non-Verbal Reasoning,intermediate,A cube is painted on all faces and cut into 27 smaller cubes. How many have exactly one face painted?,6 | 11 | 3 | 12,6,"3x3x3 cube = 27 cubes. One face painted: center cubes on each face. Each face has 1 center cube (3x3 face, exclude corners and edges). 6 faces × 1 = 6.",rohanmistry231/CSE-Aptitude-Test-Practice-Hub,02 Logical Reasoning (Analytical Ability)/02 Intermediate/README.md
logical-reasoning-intermediate-non-verbal-reasoning-0097,logical-reasoning,Logical Reasoning (Analytical Ability),Non-Verbal Reasoning,intermediate,"A sequence of shapes: Circle, Square, Triangle, Circle, Square. What is next?",Triangle | None of the above | Both Triangle... and alternative | Insufficient data,Triangle,"Pattern repeats every 3: Circle, Square, Triangle. After Square: Triangle.",rohanmistry231/CSE-Aptitude-Test-Practice-Hub,02 Logical Reasoning (Analytical Ability)/02 Intermediate/README.md
logical-reasoning-intermediate-non-verbal-reasoning-0098,logical-reasoning,Logical Reasoning (Analytical Ability),Non-Verbal Reasoning,intermediate,"A 2x2 grid has: top-left = 1, top-right = 3, bottom-left = ?, bottom-right = 4, with diagonal sum = 5. What is the missing number?",2 | 4 | 1 | 32,2,"Diagonal 1-4 sum = 5, so bottom-left = 2 (1 + 4 ≠ 5, check other diagonal). Correct: 1 (top-left) + bottom-right = 4, so no diagonal issue. Assume typo, sequential: 1, 3, 2, 4.",rohanmistry231/CSE-Aptitude-Test-Practice-Hub,02 Logical Reasoning (Analytical Ability)/02 Intermediate/README.md
logical-reasoning-intermediate-non-verbal-reasoning-0099,logical-reasoning,Logical Reasoning (Analytical Ability),Non-Verbal Reasoning,intermediate,"A pattern shows: 1 star, 4 stars, 9 stars. How many stars in the next term?",16 stars | 21 stars | 13 stars | 32 stars,16 stars,"Squares: 1², 2², 3². Next: 4² = 16.",rohanmistry231/CSE-Aptitude-Test-Practice-Hub,02 Logical Reasoning (Analytical Ability)/02 Intermediate/README.md
logical-reasoning-intermediate-non-verbal-reasoning-0100,logical-reasoning,Logical Reasoning (Analytical Ability),Non-Verbal Reasoning,intermediate,"A clock shows 6:00. After rotating 90° counterclockwise, what time does it show?",3:00 | 5:00 | 1:00 | 6:00,3:00,6:00 points right. 90° counterclockwise: right to up (3:00).,rohanmistry231/CSE-Aptitude-Test-Practice-Hub,02 Logical Reasoning (Analytical Ability)/02 Intermediate/README.md
logical-reasoning-advanced-series-0001,logical-reasoning,Logical Reasoning (Analytical Ability),Series,advanced,"Find the next number: 1, 2, 6, 15, 31, ?",56 | 61 | 53 | 112,56,"Pattern: differences are 1, 4, 9, 16 (squares: 1², 2², 3², 4²). Next difference: 5² = 25. 31 + 25 = 56.",rohanmistry231/CSE-Aptitude-Test-Practice-Hub,02 Logical Reasoning (Analytical Ability)/03 Advance/README.md
logical-reasoning-advanced-series-0002,logical-reasoning,Logical Reasoning (Analytical Ability),Series,advanced,"Find the missing number: 3, 10, 24, ?, 66, 108",52 | 57 | 49 | 104,52,"Pattern: 3 × 2 + 4 = 10, 10 × 2 + 4 = 24, 24 × 2 + 4 = 52, 52 × 2 + 4 = 108. Missing number: 52. Check: 52 × 2 + 4 = 108, 66 not in sequence (possible typo).",rohanmistry231/CSE-Aptitude-Test-Practice-Hub,02 Logical Reasoning (Analytical Ability)/03 Advance/README.md
logical-reasoning-advanced-series-0003,logical-reasoning,Logical Reasoning (Analytical Ability),Series,advanced,"Find the next number: 2, 7, 17, 32, 52, ?",77 | 82 | 74 | 154,77,"Differences: 5, 10, 15, 20 (arithmetic with common difference 5). Next difference: 25. 52 + 25 = 77.",rohanmistry231/CSE-Aptitude-Test-Practice-Hub,02 Logical Reasoning (Analytical Ability)/03 Advance/README.md
logical-reasoning-advanced-series-0004,logical-reasoning,Logical Reasoning (Analytical Ability),Series,advanced,"Find the next number: 1, 3, 10, 36, 148, ?",745 | 750 | 742 | 1490,745,"Pattern: 1 × 2 + 1 = 3, 3 × 3 + 1 = 10, 10 × 3 + 6 = 36, 36 × 4 + 4 = 148, 148 × 5 + 5 = 745.",rohanmistry231/CSE-Aptitude-Test-Practice-Hub,02 Logical Reasoning (Analytical Ability)/03 Advance/README.md
logical-reasoning-advanced-series-0005,logical-reasoning,Logical Reasoning (Analytical Ability),Series,advanced,"Find the missing number: 4, 12, 30, ?, 156, 312",60 | 65 | 57 | 120,60,"Pattern: 4 × 3 = 12, 12 × 2.5 = 30, 30 × 2 = 60, 60 × 2.6 = 156, 156 × 2 = 312. Missing number: 60.",rohanmistry231/CSE-Aptitude-Test-Practice-Hub,02 Logical Reasoning (Analytical Ability)/03 Advance/README.md
logical-reasoning-advanced-series-0006,logical-reasoning,Logical Reasoning (Analytical Ability),Series,advanced,"Find the next number: 5, 14, 41, 122, 365, ?",1094 | 1099 | 1091 | 2188,1094,"Pattern: multiply by 3 and subtract 1. 5 × 3 - 1 = 14, 14 × 3 - 1 = 41, 41 × 3 - 1 = 122, 122 × 3 - 1 = 365, 365 × 3 - 1 = 1094.",rohanmistry231/CSE-Aptitude-Test-Practice-Hub,02 Logical Reasoning (Analytical Ability)/03 Advance/README.md
logical-reasoning-advanced-series-0007,logical-reasoning,Logical Reasoning (Analytical Ability),Series,advanced,"Find the next number: 2, 8, 26, 80, 242, ?",728 | 733 | 725 | 1456,728,"Pattern: multiply by 3 and add 2, then multiply by 3 and add 2, etc. 2 × 3 + 2 = 8, 8 × 3 + 2 = 26, 26 × 3 + 2 = 80, 80 × 3 + 2 = 242, 242 × 3 + 2 = 728.",rohanmistry231/CSE-Aptitude-Test-Practice-Hub,02 Logical Reasoning (Analytical Ability)/03 Advance/README.md
logical-reasoning-advanced-series-0008,logical-reasoning,Logical Reasoning (Analytical Ability),Series,advanced,"Find the missing number: 1, 6, 18, ?, 243, 1458",54 | 59 | 51 | 108,54,"Pattern: multiply by 3, then by 3, etc. 1 × 6 = 6, 6 × 3 = 18, 18 × 3 = 54, 54 × 4.5 = 243, 243 × 6 = 1458. Missing number: 54.",rohanmistry231/CSE-Aptitude-Test-Practice-Hub,02 Logical Reasoning (Analytical Ability)/03 Advance/README.md
logical-reasoning-advanced-series-0009,logical-reasoning,Logical Reasoning (Analytical Ability),Series,advanced,"Find the next number: 3, 9, 22, 48, 94, ?",187 | 192 | 184 | 374,187,"Differences: 6, 13, 26, 46. Pattern: double and add 1, then adjust. Next difference: 46 × 2 + 1 = 93. 94 + 93 = 187.",rohanmistry231/CSE-Aptitude-Test-Practice-Hub,02 Logical Reasoning (Analytical Ability)/03 Advance/README.md
logical-reasoning-advanced-series-0010,logical-reasoning,Logical Reasoning (Analytical Ability),Series,advanced,"Find the next number: 1, 5, 14, 30, 56, ?",94 | 99 | 91 | 188,94,"Pattern: differences are 4, 9, 16, 26 (add 5, 7, 10). Next difference: 26 + 12 = 38. 56 + 38 = 94.",rohanmistry231/CSE-Aptitude-Test-Practice-Hub,02 Logical Reasoning (Analytical Ability)/03 Advance/README.md
logical-reasoning-advanced-analogies-0011,logical-reasoning,Logical Reasoning (Analytical Ability),Analogies,advanced,Symphony : Orchestra :: Novel : ?,Writer | None of the above | Both Writer... and alternative | Insufficient data,Writer,A symphony is created by an orchestra; a novel is created by a writer.,rohanmistry231/CSE-Aptitude-Test-Practice-Hub,02 Logical Reasoning (Analytical Ability)/03 Advance/README.md
logical-reasoning-advanced-analogies-0012,logical-reasoning,Logical Reasoning (Analytical Ability),Analogies,advanced,Compass : Navigation :: Microscope : ?,Observation | None of the above | Both Observation... and alternative | Insufficient data,Observation,A compass aids navigation; a microscope aids observation.,rohanmistry231/CSE-Aptitude-Test-Practice-Hub,02 Logical Reasoning (Analytical Ability)/03 Advance/README.md
logical-reasoning-advanced-analogies-0013,logical-reasoning,Logical Reasoning (Analytical Ability),Analogies,advanced,Equation : Mathematics :: Sonata : ?,Music | None of the above | Both Music... and alternative | Insufficient data,Music,An equation is a structure in mathematics; a sonata is a structure in music.,rohanmistry231/CSE-Aptitude-Test-Practice-Hub,02 Logical Reasoning (Analytical Ability)/03 Advance/README.md
logical-reasoning-advanced-analogies-0014,logical-reasoning,Logical Reasoning (Analytical Ability),Analogies,advanced,Anchor : Ship :: Foundation : ?,Building | None of the above | Both Building... and alternative | Insufficient data,Building,An anchor stabilizes a ship; a foundation stabilizes a building.,rohanmistry231/CSE-Aptitude-Test-Practice-Hub,02 Logical Reasoning (Analytical Ability)/03 Advance/README.md
logical-reasoning-advanced-analogies-0015,logical-reasoning,Logical Reasoning (Analytical Ability),Analogies,advanced,Algorithm : Computer :: Recipe : ?,Chef | None of the above | Both Chef... and alternative | Insufficient data,Chef,An algorithm guides a computer; a recipe guides a chef.,rohanmistry231/CSE-Aptitude-Test-Practice-Hub,02 Logical Reasoning (Analytical Ability)/03 Advance/README.md
logical-reasoning-advanced-analogies-0016,logical-reasoning,Logical Reasoning (Analytical Ability),Analogies,advanced,Glacier : Ice :: Desert : ?,Sand | None of the above | Both Sand... and alternative | Insufficient data,Sand,A glacier is characterized by ice; a desert is characterized by sand.,rohanmistry231/CSE-Aptitude-Test-Practice-Hub,02 Logical Reasoning (Analytical Ability)/03 Advance/README.md
logical-reasoning-advanced-analogies-0017,logical-reasoning,Logical Reasoning (Analytical Ability),Analogies,advanced,Telescope : Stars :: Stethoscope : ?,Heartbeats | None of the above | Both Heartbeats... and alternative | Insufficient data,Heartbeats,A telescope examines stars; a stethoscope examines heartbeats.,rohanmistry231/CSE-Aptitude-Test-Practice-Hub,02 Logical Reasoning (Analytical Ability)/03 Advance/README.md
logical-reasoning-advanced-analogies-0018,logical-reasoning,Logical Reasoning (Analytical Ability),Analogies,advanced,Canvas : Painter :: Stage : ?,Actor | None of the above | Both Actor... and alternative | Insufficient data,Actor,A canvas is a painter’s medium; a stage is an actor’s medium.,rohanmistry231/CSE-Aptitude-Test-Practice-Hub,02 Logical Reasoning (Analytical Ability)/03 Advance/README.md
logical-reasoning-advanced-analogies-0019,logical-reasoning,Logical Reasoning (Analytical Ability),Analogies,advanced,Neuron : Brain :: Transistor : ?,Circuit | None of the above | Both Circuit... and alternative | Insufficient data,Circuit,A neuron is a functional unit of the brain; a transistor is a functional unit of a circuit.,rohanmistry231/CSE-Aptitude-Test-Practice-Hub,02 Logical Reasoning (Analytical Ability)/03 Advance/README.md
logical-reasoning-advanced-analogies-0020,logical-reasoning,Logical Reasoning (Analytical Ability),Analogies,advanced,Blueprint : Architect :: Score : ?,Composer | None of the above | Both Composer... and alternative | Insufficient data,Composer,A blueprint is an architect’s plan; a score is a composer’s plan.,rohanmistry231/CSE-Aptitude-Test-Practice-Hub,02 Logical Reasoning (Analytical Ability)/03 Advance/README.md
logical-reasoning-advanced-coding-decoding-0021,logical-reasoning,Logical Reasoning (Analytical Ability),Coding-Decoding,advanced,"If “PLANET” is coded as “QMBOFU,” how is “STAR” coded?",TUSB | None of the above | Both TUSB... and alternative | Insufficient data,TUSB,"Each letter in PLANET is shifted forward by 1 and reversed: P+1=Q, L+1=M, A+1=B, N+1=O, E+1=F, T+1=U, reverse = UFBOBQ → QMBOFU. For STAR: S+1=T, T+1=U, A+1=B, R+1=S. Reverse: SBUT → TUSB.",rohanmistry231/CSE-Aptitude-Test-Practice-Hub,02 Logical Reasoning (Analytical Ability)/03 Advance/README.md
logical-reasoning-advanced-coding-decoding-0022,logical-reasoning,Logical Reasoning (Analytical Ability),Coding-Decoding,advanced,"If “MUSIC” is coded as “FJHLTK,” how is “RHYTHM” coded?",UFBJKN | None of the above | Both UFBJKN... and alternative | Insufficient data,UFBJKN,"Pattern: odd positions +3, even positions -2, append next letter. M+3=P, U-2=S, S+3=V, I-2=G, C+3=I, append J. Code: PSVGIJ → FJHLTK (adjust). For RHYTHM: R+3=U, H-2=F, Y+3=B, T-2=R, H+3=K, M+1=N. Code: UFBJKN.",rohanmistry231/CSE-Aptitude-Test-Practice-Hub,02 Logical Reasoning (Analytical Ability)/03 Advance/README.md
logical-reasoning-advanced-coding-decoding-0023,logical-reasoning,Logical Reasoning (Analytical Ability),Coding-Decoding,advanced,"If “BOOK” is coded as “YLLP,” how is “PAGE” coded?",CYEN | None of the above | Both CYEN... and alternative | Insufficient data,CYEN,"Reverse BOOK: KOOB. Shift backward by 1: K-1=J, O-1=N, O-1=N, B-1=A. Reverse: ANNJ → YLLP (adjust). Correct: B-2=Z, O-2=M, O-2=M, K-2=I, reverse = IMMZ → YLLP-like. For PAGE: P-2=N, A-2=Y, G-2=E, E-2=C. Reverse: CYEN.",rohanmistry231/CSE-Aptitude-Test-Practice-Hub,02 Logical Reasoning (Analytical Ability)/03 Advance/README.md
logical-reasoning-advanced-coding-decoding-0024,logical-reasoning,Logical Reasoning (Analytical Ability),Coding-Decoding,advanced,"If “FISH” is coded as “TKAF,” how is “BIRD” coded?",ZGPB | None of the above | Both ZGPB... and alternative | Insufficient data,ZGPB,"Reverse FISH: HSIF. Shift backward by 2: H-2=F, S-2=Q, I-2=G, F-2=D. Reverse: DGQF → TKAF (adjust). For BIRD: Reverse: DRIB. D-2=B, R-2=P, I-2=G, B-2=Z. Reverse: ZGPB.",rohanmistry231/CSE-Aptitude-Test-Practice-Hub,02 Logical Reasoning (Analytical Ability)/03 Advance/README.md
logical-reasoning-advanced-coding-decoding-0025,logical-reasoning,Logical Reasoning (Analytical Ability),Coding-Decoding,advanced,"If “APPLE” is coded as “TKAFH,” how is “GRAPE” coded?",DOXMB | None of the above | Both DOXMB... and alternative | Insufficient data,DOXMB,"Pattern: reverse and shift backward by 3. Reverse APPLE: ELPPA. E-3=B, L-3=I, P-3=M, P-3=M, A-3=X. Reverse: XMMIB → TKAFH (adjust). For GRAPE: Reverse: EPARG. E-3=B, P-3=M, A-3=X, R-3=O, G-3=D. Reverse: DOXMB.",rohanmistry231/CSE-Aptitude-Test-Practice-Hub,02 Logical Reasoning (Analytical Ability)/03 Advance/README.md
logical-reasoning-advanced-coding-decoding-0026,logical-reasoning,Logical Reasoning (Analytical Ability),Coding-Decoding,advanced,"If “SUN” is coded as “126,” how is “MOON” coded?",4 | 6 | 1 | 8,4,"SUN: S=19, U=21, N=14. Product = 19 × 21 × 14 = 5586, sum digits = 5+5+8+6 = 24 (not 126). Correct: S=19²=361, U=21²=441, N=14²=196. Sum = 361+441+196 = 998, product digits = 9×9×8 = 648, sum = 18. MOON: M=13²=169, O=15²=225, O=225, N=14²=196. Sum = 169+225+225+196 = 815, product digits = 8×1×5 = 40, sum = 4.",rohanmistry231/CSE-Aptitude-Test-Practice-Hub,02 Logical Reasoning (Analytical Ability)/03 Advance/README.md
logical-reasoning-advanced-coding-decoding-0027,logical-reasoning,Logical Reasoning (Analytical Ability),Coding-Decoding,advanced,"If “DOG” is coded as “AFOT,” how is “CAT” coded?",ECY | None of the above | Both ECY... and alternative | Insufficient data,ECY,"Pattern: reverse and shift forward by 2. Reverse DOG: GOD. G+2=I, O+2=Q, D+2=F. Reverse: FQI → AFOT (adjust). For CAT: Reverse: TAC. T+2=V, A+2=C, C+2=E. Reverse: ECY.",rohanmistry231/CSE-Aptitude-Test-Practice-Hub,02 Logical Reasoning (Analytical Ability)/03 Advance/README.md
logical-reasoning-advanced-coding-decoding-0028,logical-reasoning,Logical Reasoning (Analytical Ability),Coding-Decoding,advanced,"If “STAR” is coded as “FIHK,” how is “MOON” coded?",KLLJ | None of the above | Both KLLJ... and alternative | Insufficient data,KLLJ,"Pattern: shift backward by 3 and reverse. S-3=P, T-3=Q, A-3=X, R-3=O. Reverse: OXQP → FIHK (adjust). For MOON: M-3=J, O-3=L, O-3=L, N-3=K. Reverse: KLLJ.",rohanmistry231/CSE-Aptitude-Test-Practice-Hub,02 Logical Reasoning (Analytical Ability)/03 Advance/README.md
logical-reasoning-advanced-coding-decoding-0029,logical-reasoning,Logical Reasoning (Analytical Ability),Coding-Decoding,advanced,"If “BALL” is coded as “AFOS,” how is “GAME” coded?",IPDJ | None of the above | Both IPDJ... and alternative | Insufficient data,IPDJ,"Pattern: shift forward by 3 and reverse. B+3=E, A+3=D, L+3=O, L+3=O. Reverse: OODE → AFOS (adjust). For GAME: G+3=J, A+3=D, M+3=P, E+3=I. Reverse: IPDJ.",rohanmistry231/CSE-Aptitude-Test-Practice-Hub,02 Logical Reasoning (Analytical Ability)/03 Advance/README.md
logical-reasoning-advanced-coding-decoding-0030,logical-reasoning,Logical Reasoning (Analytical Ability),Coding-Decoding,advanced,"If “RAT” is coded as “KFM,” how is “COW” coded?",SKZ | None of the above | Both SKZ... and alternative | Insufficient data,SKZ,"Pattern: shift backward by 4 and reverse. R-4=N, A-4=W, T-4=P. Reverse: PWN → KFM (adjust). For COW: C-4=Z, O-4=K, W-4=S. Reverse: SKZ.",rohanmistry231/CSE-Aptitude-Test-Practice-Hub,02 Logical Reasoning (Analytical Ability)/03 Advance/README.md
logical-reasoning-advanced-blood-relations-0031,logical-reasoning,Logical Reasoning (Analytical Ability),Blood Relations,advanced,"A is B’s father, C is B’s sister, D is A’s wife, E is C’s son, F is E’s wife, G is F’s daughter. Who is G to A?",Daughter | None of the above | Both Daughter... and alternative | Insufficient data,Daughter,"A (father) and D (wife) have B and C (sisters). E is C’s son, so E is A’s son. F is E’s wife, G is F’s daughter. G is A’s daughter.",rohanmistry231/CSE-Aptitude-Test-Practice-Hub,02 Logical Reasoning (Analytical Ability)/03 Advance/README.md
logical-reasoning-advanced-blood-relations-0032,logical-reasoning,Logical Reasoning (Analytical Ability),Blood Relations,advanced,"P is Q’s father, R is Q’s sister, S is P’s wife, T is R’s husband, U is T’s son. Who is U to S?",Son | None of the above | Both Son... and alternative | Insufficient data,Son,"P (father) and S (wife) have Q and R (sisters). T is R’s husband, U is T’s son. U is S’s son.",rohanmistry231/CSE-Aptitude-Test-Practice-Hub,02 Logical Reasoning (Analytical Ability)/03 Advance/README.md
logical-reasoning-advanced-blood-relations-0033,logical-reasoning,Logical Reasoning (Analytical Ability),Blood Relations,advanced,"X is Y’s brother, Z is Y’s mother, W is X’s father, V is W’s daughter, U is V’s husband. Who is U to X?",Son-in-law | None of the above | Both Son-in-law... and alternative | Insufficient data,Son-in-law,"W (father) and Z (mother) have X, Y (brothers), and V (daughter). U is V’s husband. U is X’s son-in-law.",rohanmistry231/CSE-Aptitude-Test-Practice-Hub,02 Logical Reasoning (Analytical Ability)/03 Advance/README.md
logical-reasoning-advanced-blood-relations-0034,logical-reasoning,Logical Reasoning (Analytical Ability),Blood Relations,advanced,"A is B’s mother, C is B’s brother, D is A’s husband, E is C’s son, F is E’s sister. Who is F to D?",Daughter | None of the above | Both Daughter... and alternative | Insufficient data,Daughter,"A (wife) and D (husband) have B and C (siblings). E is C’s son, so E is D’s son. F is E’s sister. F is D’s daughter.",rohanmistry231/CSE-Aptitude-Test-Practice-Hub,02 Logical Reasoning (Analytical Ability)/03 Advance/README.md
logical-reasoning-advanced-blood-relations-0035,logical-reasoning,Logical Reasoning (Analytical Ability),Blood Relations,advanced,"M is N’s father, O is N’s sister, P is M’s wife, Q is O’s son, R is Q’s wife, S is R’s daughter. Who is S to M?",Daughter | None of the above | Both Daughter... and alternative | Insufficient data,Daughter,"M (father) and P (wife) have N and O (siblings). Q is O’s son, so Q is M’s son. R is Q’s wife, S is R’s daughter. S is M’s daughter.",rohanmistry231/CSE-Aptitude-Test-Practice-Hub,02 Logical Reasoning (Analytical Ability)/03 Advance/README.md
logical-reasoning-advanced-blood-relations-0036,logical-reasoning,Logical Reasoning (Analytical Ability),Blood Relations,advanced,"X is Y’s sister, Z is Y’s father, W is X’s mother, V is Z’s son, U is V’s wife, T is U’s son. Who is T to W?",Son | None of the above | Both Son... and alternative | Insufficient data,Son,"Z (father) and W (mother) have X, Y (sisters), and V (son). U is V’s wife, T is U’s son. T is W’s son.",rohanmistry231/CSE-Aptitude-Test-Practice-Hub,02 Logical Reasoning (Analytical Ability)/03 Advance/README.md
logical-reasoning-advanced-blood-relations-0037,logical-reasoning,Logical Reasoning (Analytical Ability),Blood Relations,advanced,"A is B’s father, C is B’s sister, D is A’s wife, E is C’s husband, F is E’s daughter, G is F’s brother. Who is G to A?",Son | None of the above | Both Son... and alternative | Insufficient data,Son,"A (father) and D (wife) have B and C (sisters). E is C’s husband, F is E’s daughter, G is F’s brother. G is A’s son.",rohanmistry231/CSE-Aptitude-Test-Practice-Hub,02 Logical Reasoning (Analytical Ability)/03 Advance/README.md
logical-reasoning-advanced-blood-relations-0038,logical-reasoning,Logical Reasoning (Analytical Ability),Blood Relations,advanced,"P is Q’s mother, R is Q’s brother, S is P’s husband, T is R’s wife, U is T’s daughter, V is U’s brother. Who is V to S?",Son | None of the above | Both Son... and alternative | Insufficient data,Son,"S (father) and P (wife) have Q and R (siblings). T is R’s wife, U and V are T’s children. V is S’s son.",rohanmistry231/CSE-Aptitude-Test-Practice-Hub,02 Logical Reasoning (Analytical Ability)/03 Advance/README.md
logical-reasoning-advanced-blood-relations-0039,logical-reasoning,Logical Reasoning (Analytical Ability),Blood Relations,advanced,"X is Y’s father, Z is Y’s sister, W is X’s wife, V is Z’s son, U is V’s sister, T is U’s husband. Who is T to X?",Son-in-law | None of the above | Both Son-in-law... and alternative | Insufficient data,Son-in-law,"X (father) and W (wife) have Y and Z (sisters). V is Z’s son, U is V’s sister, T is U’s husband. T is X’s son-in-law.",rohanmistry231/CSE-Aptitude-Test-Practice-Hub,02 Logical Reasoning (Analytical Ability)/03 Advance/README.md
logical-reasoning-advanced-blood-relations-0040,logical-reasoning,Logical Reasoning (Analytical Ability),Blood Relations,advanced,"A is B’s mother, C is B’s brother, D is A’s husband, E is C’s wife, F is E’s son, G is F’s sister. Who is G to D?",Daughter | None of the above | Both Daughter... and alternative | Insufficient data,Daughter,"D (father) and A (wife) have B and C (siblings). E is C’s wife, F and G are E’s children. G is D’s daughter.",rohanmistry231/CSE-Aptitude-Test-Practice-Hub,02 Logical Reasoning (Analytical Ability)/03 Advance/README.md
logical-reasoning-advanced-directions-0041,logical-reasoning,Logical Reasoning (Analytical Ability),Directions,advanced,"A man walks 5 km north, 3 km east, turns 90° left, walks 4 km, turns 135° right, walks 3 km. Where is he from the starting point?",8.58 km northeast | 11.08 km northeast | 7.08 km northeast | 10.3 km northeast,8.58 km northeast,"North 5 km, east 3 km. 90° left (faces east to north), walks 4 km north (total 9 km north). 135° right from north = 135° (southeast). Walks 3 km: x = 3 cos 45° ≈ 2.12 km east, y = 3 sin 45° ≈ 2.12 km south. Total: 3 + 2.12 = 5.12 km east, 9 - 2.12 = 6.88 km north. Distance = \( \sqrt{5.12^2 + 6.88^2} \approx \sqrt{26.21 + 47.33} \approx 8.58 \) km.",rohanmistry231/CSE-Aptitude-Test-Practice-Hub,02 Logical Reasoning (Analytical Ability)/03 Advance/README.md
logical-reasoning-advanced-directions-0042,logical-reasoning,Logical Reasoning (Analytical Ability),Directions,advanced,"A person walks 6 km west, 8 km south, turns 90° right, walks 10 km, turns 180°, walks 5 km. Where is he now?",13.6 km southwest | 16.1 km southwest | 12.1 km southwest | 16.32 km southwest,13.6 km southwest,"West 6 km, south 8 km. 90° right (faces south to west), walks 10 km west (total 16 km west). 180° (faces east), walks 5 km east (16 - 5 = 11 km west). Net: 11 km west, 8 km south. Distance = \( \sqrt{11^2 + 8^2} = \sqrt{121 + 64} = 13.6 \) km.",rohanmistry231/CSE-Aptitude-Test-Practice-Hub,02 Logical Reasoning (Analytical Ability)/03 Advance/README.md
logical-reasoning-advanced-directions-0043,logical-reasoning,Logical Reasoning (Analytical Ability),Directions,advanced,"A man walks 4 km north, 7 km east, 4 km south, 2 km west, turns 90° left, walks 3 km. Where is he from the starting point?",5.83 km southeast | 8.33 km southeast | 4.33 km southeast | 7 km southeast,5.83 km southeast,"North 4 km, south 4 km cancel out. East 7 km, west 2 km: net 5 km east. 90° left from west (faces south), walks 3 km south. Net: 5 km east, 3 km south. Distance = \( \sqrt{5^2 + 3^2} = \sqrt{34} \approx 5.83 \) km.",rohanmistry231/CSE-Aptitude-Test-Practice-Hub,02 Logical Reasoning (Analytical Ability)/03 Advance/README.md
logical-reasoning-advanced-directions-0044,logical-reasoning,Logical Reasoning (Analytical Ability),Directions,advanced,"A person starts at O, walks 10 km east to P, 6 km north to Q, turns 45° left, walks 8 km to R. How far is R from O?",12.44 km | 14.94 km | 10.94 km | 14.93 km,12.44 km,"East 10 km, north 6 km. 45° left from north (315° or northwest). Walks 8 km: x = 8 cos 45° ≈ 5.66 km west, y = 8 sin 45° ≈ 5.66 km north. Total: 10 - 5.66 ≈ 4.34 km east, 6 + 5.66 ≈ 11.66 km north. Distance = \( \sqrt{4.34^2 + 11.66^2} \approx \sqrt{18.84 + 135.96} \approx 12.44 \) km.",rohanmistry231/CSE-Aptitude-Test-Practice-Hub,02 Logical Reasoning (Analytical Ability)/03 Advance/README.md
logical-reasoning-advanced-directions-0045,logical-reasoning,Logical Reasoning (Analytical Ability),Directions,advanced,"A man walks 5 km south, 12 km west, turns 90° right, walks 7 km, turns 90° left, walks 4 km. Where is he now?",16.12 km southwest | 18.62 km southwest | 14.62 km southwest | 19.34 km southwest,16.12 km southwest,"South 5 km, west 12 km. 90° right (faces west to north), walks 7 km north (net 2 km south). 90° left (faces west), walks 4 km west (total 16 km west). Distance = \( \sqrt{16^2 + 2^2} = \sqrt{260} \approx 16.12 \) km.",rohanmistry231/CSE-Aptitude-Test-Practice-Hub,02 Logical Reasoning (Analytical Ability)/03 Advance/README.md
logical-reasoning-advanced-directions-0046,logical-reasoning,Logical Reasoning (Analytical Ability),Directions,advanced,"A person walks 8 km east, turns 60° right, walks 6 km, turns 120° left, walks 4 km. How far is he from the starting point?",16.69 km | 19.19 km | 15.19 km | 20.03 km,16.69 km,"East 8 km. 60° right from east (150°). 6 km: x = 6 cos 30° ≈ 5.2 km east, y = 6 sin 30° = 3 km south. 120° left from 150° = 30°. 4 km: x = 4 cos 30° ≈ 3.46 km east, y = 4 sin 30° = 2 km north. Total: 8 + 5.2 + 3.46 ≈ 16.66 km east, -3 + 2 = -1 km south. Distance = \( \sqrt{16.66^2 + 1^2} \approx 16.69 \) km.",rohanmistry231/CSE-Aptitude-Test-Practice-Hub,02 Logical Reasoning (Analytical Ability)/03 Advance/README.md
logical-reasoning-advanced-directions-0047,logical-reasoning,Logical Reasoning (Analytical Ability),Directions,advanced,"A man walks 3 km north, 4 km east, 3 km south, turns 90° right, walks 5 km, turns 90° left, walks 2 km. Where is he now?",7.81 km southeast | 10.31 km southeast | 6.31 km southeast | 9.37 km southeast,7.81 km southeast,"North 3 km, south 3 km cancel out. East 4 km. 90° right (faces south), walks 5 km south. 90° left (faces east), walks 2 km east (total 6 km east). Distance = \( \sqrt{6^2 + 5^2} = \sqrt{61} \approx 7.81 \) km.",rohanmistry231/CSE-Aptitude-Test-Practice-Hub,02 Logical Reasoning (Analytical Ability)/03 Advance/README.md
logical-reasoning-advanced-directions-0048,logical-reasoning,Logical Reasoning (Analytical Ability),Directions,advanced,"A person walks 7 km west, 4 km north, turns 45° right, walks 5 km, turns 45° left, walks 3 km. Where is he now?",11.07 km northwest | 13.57 km northwest | 9.57 km northwest | 13.28 km northwest,11.07 km northwest,"West 7 km, north 4 km. 45° right from north (45° east). 5 km: x = 5 sin 45° ≈ 3.54 km east, y = 5 cos 45° ≈ 3.54 km north. 45° left from 45° = 0° (north). 3 km north. Total: -7 + 3.54 = -3.46 km west, 4 + 3.54 + 3 = 10.54 km north. Distance = \( \sqrt{3.46^2 + 10.54^2} \approx 11.07 \) km.",rohanmistry231/CSE-Aptitude-Test-Practice-Hub,02 Logical Reasoning (Analytical Ability)/03 Advance/README.md
logical-reasoning-advanced-directions-0049,logical-reasoning,Logical Reasoning (Analytical Ability),Directions,advanced,"A man walks 6 km south, 8 km east, turns 90° left, walks 10 km, turns 90° right, walks 4 km. Where is he now?",12.65 km northeast | 15.15 km northeast | 11.15 km northeast | 15.18 km northeast,12.65 km northeast,"South 6 km, east 8 km. 90° left (faces east to north), walks 10 km north (net 4 km north). 90° right (faces east), walks 4 km east (total 12 km east). Distance = \( \sqrt{12^2 + 4^2} = \sqrt{160} \approx 12.65 \) km.",rohanmistry231/CSE-Aptitude-Test-Practice-Hub,02 Logical Reasoning (Analytical Ability)/03 Advance/README.md
logical-reasoning-advanced-directions-0050,logical-reasoning,Logical Reasoning (Analytical Ability),Directions,advanced,"A person walks 5 km north, 3 km west, turns 135° left, walks 4 km, turns 45° right, walks 2 km. How far is he from the starting point?",8.14 km | 10.64 km | 6.64 km | 9.77 km,8.14 km,"North 5 km, west 3 km. 135° left from west (225° southwest). 4 km: x = 4 cos 45° ≈ 2.83 km west, y = 4 sin 45° ≈ 2.83 km south. 45° right from 225° = 270° (west). 2 km west. Total: -3 - 2.83 - 2 = -7.83 km west, 5 - 2.83 = 2.17 km north. Distance = \( \sqrt{7.83^2 + 2.17^2} \approx 8.14 \) km.",rohanmistry231/CSE-Aptitude-Test-Practice-Hub,02 Logical Reasoning (Analytical Ability)/03 Advance/README.md
logical-reasoning-advanced-syllogisms-0051,logical-reasoning,Logical Reasoning (Analytical Ability),Syllogisms,advanced,All A are B. Some B are C. No C are D. Some D are E. Conclusion: Some A are not E.,False | None of the above | Both False... and alternative | Insufficient data,False,"All A are B (A→B), some B are C (Some B are C), no C are D (No C are D), some D are E (Some D are E). Some B are C, no C are D, so no B (that are C) are D. No conclusion about A and E. Invalid.",rohanmistry231/CSE-Aptitude-Test-Practice-Hub,02 Logical Reasoning (Analytical Ability)/03 Advance/README.md
logical-reasoning-advanced-syllogisms-0052,logical-reasoning,Logical Reasoning (Analytical Ability),Syllogisms,advanced,No P are Q. All Q are R. Some R are S. No S are T. Conclusion: Some P are not T.,True | None of the above | Both True... and alternative | Insufficient data,True,"No P are Q (No P are Q), all Q are R (Q→R), some R are S (Some R are S), no S are T (No S are T). No P are R, some R are S, no S are T. No P are S, so some P are not T. Valid.",rohanmistry231/CSE-Aptitude-Test-Practice-Hub,02 Logical Reasoning (Analytical Ability)/03 Advance/README.md
logical-reasoning-advanced-syllogisms-0053,logical-reasoning,Logical Reasoning (Analytical Ability),Syllogisms,advanced,Some X are Y. All Y are Z. No Z are W. Some W are V. Conclusion: Some X are not V.,False | None of the above | Both False... and alternative | Insufficient data,False,"Some X are Y (Some X are Y), all Y are Z (Y→Z), no Z are W (No Z are W), some W are V (Some W are V). Some X are Z, no Z are W, so no X (that are Z) are W. No conclusion about X and V. Invalid.",rohanmistry231/CSE-Aptitude-Test-Practice-Hub,02 Logical Reasoning (Analytical Ability)/03 Advance/README.md
logical-reasoning-advanced-syllogisms-0054,logical-reasoning,Logical Reasoning (Analytical Ability),Syllogisms,advanced,All M are N. Some N are O. No O are P. All P are Q. Conclusion: Some M are not Q.,False | None of the above | Both False... and alternative | Insufficient data,False,"All M are N (M→N), some N are O (Some N are O), no O are P (No O are P), all P are Q (P→Q). Some N are O, no O are P, so no N (that are O) are P. Some M are not P, but all P are Q, so no conclusion about M and Q. Invalid.",rohanmistry231/CSE-Aptitude-Test-Practice-Hub,02 Logical Reasoning (Analytical Ability)/03 Advance/README.md
logical-reasoning-advanced-syllogisms-0055,logical-reasoning,Logical Reasoning (Analytical Ability),Syllogisms,advanced,No A are B. Some B are C. All C are D. No D are E. Conclusion: Some A are not E.,True | None of the above | Both True... and alternative | Insufficient data,True,"No A are B (No A are B), some B are C (Some B are C), all C are D (C→D), no D are E (No D are E). Some B are D, no D are E, so no B (that are D) are E. No A are B, so some A are not E (since no B are E). Valid.",rohanmistry231/CSE-Aptitude-Test-Practice-Hub,02 Logical Reasoning (Analytical Ability)/03 Advance/README.md
logical-reasoning-advanced-syllogisms-0056,logical-reasoning,Logical Reasoning (Analytical Ability),Syllogisms,advanced,All X are Y. No Y are Z. Some Z are W. All W are V. Conclusion: No X are V.,False | None of the above | Both False... and alternative | Insufficient data,False,"All X are Y (X→Y), no Y are Z (No Y are Z), some Z are W (Some Z are W), all W are V (W→V). No X are Z, some Z are V, but no conclusion about X and V. Invalid.",rohanmistry231/CSE-Aptitude-Test-Practice-Hub,02 Logical Reasoning (Analytical Ability)/03 Advance/README.md
logical-reasoning-advanced-syllogisms-0057,logical-reasoning,Logical Reasoning (Analytical Ability),Syllogisms,advanced,Some P are Q. No Q are R. All R are S. Some S are T. Conclusion: Some P are not T.,False | None of the above | Both False... and alternative | Insufficient data,False,"Some P are Q (Some P are Q), no Q are R (No Q are R), all R are S (R→S), some S are T (Some S are T). No P (that are Q) are R, some S are T, but no conclusion about P and T. Invalid.",rohanmistry231/CSE-Aptitude-Test-Practice-Hub,02 Logical Reasoning (Analytical Ability)/03 Advance/README.md
logical-reasoning-advanced-syllogisms-0058,logical-reasoning,Logical Reasoning (Analytical Ability),Syllogisms,advanced,No M are N. All N are O. Some O are P. No P are Q. Conclusion: Some M are not Q.,True | None of the above | Both True... and alternative | Insufficient data,True,"No M are N (No M are N), all N are O (N→O), some O are P (Some O are P), no P are Q (No P are Q). No M are O, some O are P, no P are Q, so some O are not Q. Some M are not Q (since no M are O). Valid.",rohanmistry231/CSE-Aptitude-Test-Practice-Hub,02 Logical Reasoning (Analytical Ability)/03 Advance/README.md
logical-reasoning-advanced-syllogisms-0059,logical-reasoning,Logical Reasoning (Analytical Ability),Syllogisms,advanced,All A are B. Some B are C. No C are D. All D are E. Conclusion: Some A are not E.,True | None of the above | Both True... and alternative | Insufficient data,True,"All A are B (A→B), some B are C (Some B are C), no C are D (No C are D), all D are E (D→E). No B (that are C) are D, so no B are E. Some A are not E. Valid.",rohanmistry231/CSE-Aptitude-Test-Practice-Hub,02 Logical Reasoning (Analytical Ability)/03 Advance/README.md
logical-reasoning-advanced-syllogisms-0060,logical-reasoning,Logical Reasoning (Analytical Ability),Syllogisms,advanced,Some X are Y. All Y are Z. Some Z are W. No W are V. Conclusion: Some X are not V.,True | None of the above | Both True... and alternative | Insufficient data,True,"Some X are Y (Some X are Y), all Y are Z (Y→Z), some Z are W (Some Z are W), no W are V (No W are V). Some X are Z, some Z are W, no W are V, so some X are not V. Valid.",rohanmistry231/CSE-Aptitude-Test-Practice-Hub,02 Logical Reasoning (Analytical Ability)/03 Advance/README.md
logical-reasoning-advanced-puzzles-0061,logical-reasoning,Logical Reasoning (Analytical Ability),Puzzles,advanced,"Five people A, B, C, D, E sit in a row. A is not next to B, C is to the left of D, E is not at an end, D is not next to E. Who is in the middle?",E | None of the above | Both E... and alternative | Insufficient data,E,"C left of D: C-D. E not at ends, D not next to E, A not next to B. Possible: C-E-D-A-B. Middle: E.",rohanmistry231/CSE-Aptitude-Test-Practice-Hub,02 Logical Reasoning (Analytical Ability)/03 Advance/README.md
logical-reasoning-advanced-puzzles-0062,logical-reasoning,Logical Reasoning (Analytical Ability),Puzzles,advanced,"In a race, P finishes before Q, R before S, S before P, T after Q. Who is second?",S | None of the above | Both S... and alternative | Insufficient data,S,R > S > P > Q > T. Second: S.,rohanmistry231/CSE-Aptitude-Test-Practice-Hub,02 Logical Reasoning (Analytical Ability)/03 Advance/README.md
logical-reasoning-advanced-puzzles-0063,logical-reasoning,Logical Reasoning (Analytical Ability),Puzzles,advanced,"Six boxes U, V, W, X, Y, Z are stacked. U is above V, V is above W, X is below Y, Y is above Z, W is above X. Which is third from top?",W | None of the above | Both W... and alternative | Insufficient data,W,"U > V > W. Y > Z, X < Y, W > X. Possible: U-V-W-Y-X-Z. Third: W.",rohanmistry231/CSE-Aptitude-Test-Practice-Hub,02 Logical Reasoning (Analytical Ability)/03 Advance/README.md
logical-reasoning-advanced-puzzles-0064,logical-reasoning,Logical Reasoning (Analytical Ability),Puzzles,advanced,"Four people A, B, C, D have professions: doctor, lawyer, engineer, teacher. A is not a doctor, B is not a lawyer, C is not an engineer, D is not a teacher. Who is the engineer?",A | None of the above | Both A... and alternative | Insufficient data,A,"A: not doctor (lawyer, engineer, teacher). B: not lawyer (doctor, engineer, teacher). C: not engineer (doctor, lawyer, teacher). D: not teacher (doctor, lawyer, engineer). A is engineer (B, C, D can’t be).",rohanmistry231/CSE-Aptitude-Test-Practice-Hub,02 Logical Reasoning (Analytical Ability)/03 Advance/README.md
logical-reasoning-advanced-puzzles-0065,logical-reasoning,Logical Reasoning (Analytical Ability),Puzzles,advanced,"In a line of 7, P is third from left, Q is fourth from right, R is to the left of Q, S is between P and R. Who is last?",Z | None of the above | Both Z... and alternative | Insufficient data,Z,"P is 3rd. Q is 4th (7-4+1). R left of Q, S between P and R: P-S-R-Q. Order: X-Y-P-S-R-Q-Z. Last: Z.",rohanmistry231/CSE-Aptitude-Test-Practice-Hub,02 Logical Reasoning (Analytical Ability)/03 Advance/README.md
logical-reasoning-advanced-puzzles-0066,logical-reasoning,Logical Reasoning (Analytical Ability),Puzzles,advanced,"Five friends M, N, O, P, Q sit around a table. M is opposite N, O is next to M, P is not next to O. Who is opposite P?",Q | None of the above | Both Q... and alternative | Insufficient data,Q,M opposite N: M-X-N-Y. O next to M: O-M-X-N. P not next to O: M-O-N-P-Q. Opposite P: Q.,rohanmistry231/CSE-Aptitude-Test-Practice-Hub,02 Logical Reasoning (Analytical Ability)/03 Advance/README.md
logical-reasoning-advanced-puzzles-0067,logical-reasoning,Logical Reasoning (Analytical Ability),Puzzles,advanced,"Six people A, B, C, D, E, F stand in a row. A is to the left of B, C is to the right of D, E is not next to F, B is not next to C. Who is in the middle?",B | None of the above | Both B... and alternative | Insufficient data,B,"A-B. C-D. E not next to F, B not next to C. Possible: A-D-C-B-E-F (6th position middle). Middle: B.",rohanmistry231/CSE-Aptitude-Test-Practice-Hub,02 Logical Reasoning (Analytical Ability)/03 Advance/README.md
logical-reasoning-advanced-puzzles-0068,logical-reasoning,Logical Reasoning (Analytical Ability),Puzzles,advanced,"Four cars P, Q, R, S are parked in a row. P is not next to Q, Q is to the left of R, R is not next to S. Where is S?",Rightmost | None of the above | Both Rightmost... and alternative | Insufficient data,Rightmost,"Q-R. P not next to Q, R not next to S. Possible: Q-R-P-S. S is rightmost.",rohanmistry231/CSE-Aptitude-Test-Practice-Hub,02 Logical Reasoning (Analytical Ability)/03 Advance/README.md
logical-reasoning-advanced-puzzles-0069,logical-reasoning,Logical Reasoning (Analytical Ability),Puzzles,advanced,"In a queue of 8, X is fifth from the front, Y is third from the back, Z is between X and Y, W is to the left of X. Who is second?",B | None of the above | Both B... and alternative | Insufficient data,B,X is 5th. Y is 6th (8-3+1). Z between X and Y: X-Z-Y. W left of X: W-X-Z-Y. Order: A-B-C-W-X-Z-Y-D. Second: B.,rohanmistry231/CSE-Aptitude-Test-Practice-Hub,02 Logical Reasoning (Analytical Ability)/03 Advance/README.md
logical-reasoning-advanced-puzzles-0070,logical-reasoning,Logical Reasoning (Analytical Ability),Puzzles,advanced,"Five students A, B, C, D, E sit in a row. A is not next to C, B is next to D, C is to the left of B, E is not at an end. Who is in the middle?",D | None of the above | Both D... and alternative | Insufficient data,D,"C-B-D. A not next to C, E not at ends. Possible: C-B-D-E-A. Middle: D.",rohanmistry231/CSE-Aptitude-Test-Practice-Hub,02 Logical Reasoning (Analytical Ability)/03 Advance/README.md
logical-reasoning-advanced-data-sufficiency-0071,logical-reasoning,Logical Reasoning (Analytical Ability),Data Sufficiency,advanced,Is x > y? (1) x^2 > y^2 (2) x + y > 0,Not sufficient | None of the above | Both Not sufficient... and alternative | Insufficient data,Not sufficient,"(1) x^2 > y^2 implies |x| > |y|. Not sufficient (e.g., x = -3, y = 2). (2) x + y > 0. Not sufficient. Combine: |x| > |y|, x + y > 0. If x > 0, x > |y| > y. If x < 0, check: x = -3, y = -1 fails. Not sufficient.",rohanmistry231/CSE-Aptitude-Test-Practice-Hub,02 Logical Reasoning (Analytical Ability)/03 Advance/README.md
logical-reasoning-advanced-data-sufficiency-0072,logical-reasoning,Logical Reasoning (Analytical Ability),Data Sufficiency,advanced,What is the value of z? (1) z^2 + 3z + 2 = 0 (2) z^2 - 4z + 3 = 0,Not sufficient | None of the above | Both Not sufficient... and alternative | Insufficient data,Not sufficient,"(1) z^2 + 3z + 2 = 0. (z + 1)(z + 2) = 0, z = -1, -2. Not sufficient. (2) z^2 - 4z + 3 = 0. (z - 1)(z - 3) = 0, z = 1, 3. Not sufficient. Combine: No common solution. Not sufficient.",rohanmistry231/CSE-Aptitude-Test-Practice-Hub,02 Logical Reasoning (Analytical Ability)/03 Advance/README.md
logical-reasoning-advanced-data-sufficiency-0073,logical-reasoning,Logical Reasoning (Analytical Ability),Data Sufficiency,advanced,"Is a triangle equilateral? (1) Two sides are equal, and one angle is 60° (2) The perimeter is 18, and one side is 6",Both together are sufficient | None of the above | Both Both together a... and alternative | Insufficient data,Both together are sufficient,"(1) Two sides equal, one angle 60°. Could be isosceles or equilateral. Not sufficient. (2) Perimeter 18, one side 6. Other sides sum to 12. Not sufficient. Combine: Two sides equal, one 6, sum 12, angle 60°. If all sides 6, equilateral. Sufficient.",rohanmistry231/CSE-Aptitude-Test-Practice-Hub,02 Logical Reasoning (Analytical Ability)/03 Advance/README.md
logical-reasoning-advanced-data-sufficiency-0074,logical-reasoning,Logical Reasoning (Analytical Ability),Data Sufficiency,advanced,What is the value of x + y? (1) x^2 + y^2 = 25 (2) xy = 12,Not sufficient | None of the above | Both Not sufficient... and alternative | Insufficient data,Not sufficient,"(1) x^2 + y^2 = 25. Not sufficient. (2) xy = 12. Not sufficient. Combine: (x + y)^2 = x^2 + y^2 + 2xy = 25 + 24 = 49, x + y = ±7. Not sufficient.",rohanmistry231/CSE-Aptitude-Test-Practice-Hub,02 Logical Reasoning (Analytical Ability)/03 Advance/README.md
logical-reasoning-advanced-data-sufficiency-0075,logical-reasoning,Logical Reasoning (Analytical Ability),Data Sufficiency,advanced,Is x divisible by 9? (1) x is divisible by 3 (2) x is divisible by 27,Statement 2 alone is sufficient | Statement 4 alone is sufficient | Statement 1 alone is sufficient | Statement 32 alone is sufficient,Statement 2 alone is sufficient,"(1) Divisible by 3. Not sufficient (e.g., 6). (2) Divisible by 27 implies divisible by 9. Sufficient.",rohanmistry231/CSE-Aptitude-Test-Practice-Hub,02 Logical Reasoning (Analytical Ability)/03 Advance/README.md
logical-reasoning-advanced-data-sufficiency-0076,logical-reasoning,Logical Reasoning (Analytical Ability),Data Sufficiency,advanced,"What is the area of a triangle? (1) Base = 8, height = 6 (2) Two sides are 10 and 10, included angle is 60°",Each alone is sufficient | None of the above | Both Each alone is s... and alternative | Insufficient data,Each alone is sufficient,(1) Area = (1/2) × 8 × 6 = 24. Sufficient. (2) Area = (1/2) × 10 × 10 × sin 60° = 50 × (√3/2) ≈ 43.3. Sufficient.,rohanmistry231/CSE-Aptitude-Test-Practice-Hub,02 Logical Reasoning (Analytical Ability)/03 Advance/README.md
logical-reasoning-advanced-data-sufficiency-0077,logical-reasoning,Logical Reasoning (Analytical Ability),Data Sufficiency,advanced,Is x > 0? (1) x^3 > x^2 (2) x^2 > x,Statement 1 alone is sufficient | Statement 3 alone is sufficient | Statement 2 alone is sufficient | Statement 31 alone is sufficient,Statement 1 alone is sufficient,"(1) x^3 > x^2. Divide by x^2: x > 1. Sufficient. (2) x^2 > x. x(x - 1) > 0, so x < 0 or x > 1. Not sufficient.",rohanmistry231/CSE-Aptitude-Test-Practice-Hub,02 Logical Reasoning (Analytical Ability)/03 Advance/README.md
logical-reasoning-advanced-data-sufficiency-0078,logical-reasoning,Logical Reasoning (Analytical Ability),Data Sufficiency,advanced,What is the value of y? (1) 2x + 3y = 12 (2) 4x + 6y = 24,Not sufficient | None of the above | Both Not sufficient... and alternative | Insufficient data,Not sufficient,"(1) 2x + 3y = 12. Not sufficient. (2) 4x + 6y = 24, same as 2x + 3y = 12. Not sufficient. Combine: Same equation, no unique solution. Not sufficient.",rohanmistry231/CSE-Aptitude-Test-Practice-Hub,02 Logical Reasoning (Analytical Ability)/03 Advance/README.md
logical-reasoning-advanced-data-sufficiency-0079,logical-reasoning,Logical Reasoning (Analytical Ability),Data Sufficiency,advanced,Is a number prime? (1) It is odd (2) It is greater than 10 and less than 20,Both together are sufficient | None of the above | Both Both together a... and alternative | Insufficient data,Both together are sufficient,"(1) Odd. Not sufficient (e.g., 9). (2) 11, 13, 17, 19 are prime, 15 not prime. Not sufficient. Combine: Odd primes: 11, 13, 17, 19. Sufficient.",rohanmistry231/CSE-Aptitude-Test-Practice-Hub,02 Logical Reasoning (Analytical Ability)/03 Advance/README.md
logical-reasoning-advanced-data-sufficiency-0080,logical-reasoning,Logical Reasoning (Analytical Ability),Data Sufficiency,advanced,What is the value of x? (1) x^2 + 2x - 8 = 0 (2) x^2 - 2x - 8 = 0,Not sufficient | None of the above | Both Not sufficient... and alternative | Insufficient data,Not sufficient,"(1) x^2 + 2x - 8 = 0. (x + 4)(x - 2) = 0, x = -4, 2. Not sufficient. (2) x^2 - 2x - 8 = 0. (x - 4)(x + 2) = 0, x = 4, -2. Not sufficient. Combine: No common solution. Not sufficient.",rohanmistry231/CSE-Aptitude-Test-Practice-Hub,02 Logical Reasoning (Analytical Ability)/03 Advance/README.md
logical-reasoning-advanced-critical-reasoning-0081,logical-reasoning,Logical Reasoning (Analytical Ability),Critical Reasoning,advanced,"If all A are B, and no B are C, what must be true?",B | None of the above | Both B... and alternative | Insufficient data,B,"All A are B (A→B), no B are C (No B are C). No A are C.",rohanmistry231/CSE-Aptitude-Test-Practice-Hub,02 Logical Reasoning (Analytical Ability)/03 Advance/README.md
logical-reasoning-advanced-critical-reasoning-0082,logical-reasoning,Logical Reasoning (Analytical Ability),Critical Reasoning,advanced,"If a project succeeds only if funded, and some projects are funded, what must be true?",None | None of the above | Both None... and alternative | Insufficient data,None,Succeeds only if funded (S→F). Some projects funded (Some F). No definite conclusion about success.,rohanmistry231/CSE-Aptitude-Test-Practice-Hub,02 Logical Reasoning (Analytical Ability)/03 Advance/README.md
logical-reasoning-advanced-critical-reasoning-0083,logical-reasoning,Logical Reasoning (Analytical Ability),Critical Reasoning,advanced,"If no X are Y, and some Z are Y, what must be true about X and Z?",None | None of the above | Both None... and alternative | Insufficient data,None,"No X are Y (No X are Y), some Z are Y (Some Z are Y). No conclusion about X and Z.",rohanmistry231/CSE-Aptitude-Test-Practice-Hub,02 Logical Reasoning (Analytical Ability)/03 Advance/README.md
logical-reasoning-advanced-critical-reasoning-0084,logical-reasoning,Logical Reasoning (Analytical Ability),Critical Reasoning,advanced,"If all employees who train improve, and some managers train, what must be true?",A | None of the above | Both A... and alternative | Insufficient data,A,Train implies improve (T→I). Some managers train (Some M are T). Some managers improve.,rohanmistry231/CSE-Aptitude-Test-Practice-Hub,02 Logical Reasoning (Analytical Ability)/03 Advance/README.md
logical-reasoning-advanced-critical-reasoning-0085,logical-reasoning,Logical Reasoning (Analytical Ability),Critical Reasoning,advanced,"If all A require B, and some A lack C, what must be true?",A | None of the above | Both A... and alternative | Insufficient data,A,"All A require B (A→B). Some A lack C (Some A not C). All A have B, so some A have B.",rohanmistry231/CSE-Aptitude-Test-Practice-Hub,02 Logical Reasoning (Analytical Ability)/03 Advance/README.md
logical-reasoning-advanced-critical-reasoning-0086,logical-reasoning,Logical Reasoning (Analytical Ability),Critical Reasoning,advanced,"If no P are Q, and all R are Q, what must be true about P and R?",B | None of the above | Both B... and alternative | Insufficient data,B,"No P are Q (No P are Q), all R are Q (R→Q). No P are R.",rohanmistry231/CSE-Aptitude-Test-Practice-Hub,02 Logical Reasoning (Analytical Ability)/03 Advance/README.md
logical-reasoning-advanced-critical-reasoning-0087,logical-reasoning,Logical Reasoning (Analytical Ability),Critical Reasoning,advanced,"If a system fails only if overloaded, and some systems are not overloaded, what must be true?",B | None of the above | Both B... and alternative | Insufficient data,B,Fails only if overloaded (F→O). Some systems not overloaded (Some not O). Some systems do not fail.,rohanmistry231/CSE-Aptitude-Test-Practice-Hub,02 Logical Reasoning (Analytical Ability)/03 Advance/README.md
logical-reasoning-advanced-critical-reasoning-0088,logical-reasoning,Logical Reasoning (Analytical Ability),Critical Reasoning,advanced,"If all X are Y, and some Y are not Z, what must be true about X and Z?",B | None of the above | Both B... and alternative | Insufficient data,B,"All X are Y (X→Y), some Y are not Z (Some Y not Z). Some X are not Z.",rohanmistry231/CSE-Aptitude-Test-Practice-Hub,02 Logical Reasoning (Analytical Ability)/03 Advance/README.md
logical-reasoning-advanced-critical-reasoning-0089,logical-reasoning,Logical Reasoning (Analytical Ability),Critical Reasoning,advanced,"If no A are B, and some C are B, what must be true about A and C?",None | None of the above | Both None... and alternative | Insufficient data,None,"No A are B (No A are B), some C are B (Some C are B). No conclusion about A and C.",rohanmistry231/CSE-Aptitude-Test-Practice-Hub,02 Logical Reasoning (Analytical Ability)/03 Advance/README.md
logical-reasoning-advanced-critical-reasoning-0090,logical-reasoning,Logical Reasoning (Analytical Ability),Critical Reasoning,advanced,"If all projects need approval, and some projects succeed, what must be true?",A | None of the above | Both A... and alternative | Insufficient data,A,Need approval (S→A). Some projects succeed (Some S). Some projects are approved.,rohanmistry231/CSE-Aptitude-Test-Practice-Hub,02 Logical Reasoning (Analytical Ability)/03 Advance/README.md
logical-reasoning-advanced-non-verbal-reasoning-0091,logical-reasoning,Logical Reasoning (Analytical Ability),Non-Verbal Reasoning,advanced,"A 3x3 grid: Row 1: 2, 4, 6; Row 2: 8, ?, 12; Row 3: 14, 16, 18. What is the missing number?",10 | 15 | 7 | 20,10,"Pattern: sequential even numbers. Row 2: 8, 10, 12. Missing number: 10.",rohanmistry231/CSE-Aptitude-Test-Practice-Hub,02 Logical Reasoning (Analytical Ability)/03 Advance/README.md
logical-reasoning-advanced-non-verbal-reasoning-0092,logical-reasoning,Logical Reasoning (Analytical Ability),Non-Verbal Reasoning,advanced,"A pattern: 1 square, 3 squares, 6 squares, 10 squares. How many squares in the next term?",15 squares | 20 squares | 12 squares | 30 squares,15 squares,"Triangular numbers: 1, 3, 6, 10 (n(n+1)/2). Next: n=5, 5×6/2 = 15.",rohanmistry231/CSE-Aptitude-Test-Practice-Hub,02 Logical Reasoning (Analytical Ability)/03 Advance/README.md
logical-reasoning-advanced-non-verbal-reasoning-0093,logical-reasoning,Logical Reasoning (Analytical Ability),Non-Verbal Reasoning,advanced,"A pentagon rotates 72° clockwise three times. If it starts with vertex A at top, what is the final orientation?",Top | None of the above | Both Top... and alternative | Insufficient data,Top,"72° × 3 = 216°. Pentagon has 5 vertices, 360°/5 = 72°. 216° = 3 full rotations + 0°. Vertex A at top.",rohanmistry231/CSE-Aptitude-Test-Practice-Hub,02 Logical Reasoning (Analytical Ability)/03 Advance/README.md
logical-reasoning-advanced-non-verbal-reasoning-0094,logical-reasoning,Logical Reasoning (Analytical Ability),Non-Verbal Reasoning,advanced,"A 3x3 grid: top-left = 1, top-middle = 3, top-right = 5, sum of each row = 12. What is bottom-right?",9 | 14 | 6 | 18,9,"Row 1: 1 + 3 + 5 ≠ 12 (adjust). Assume sum 12 for bottom row. Bottom row: 14, 16, x. 14 + 16 + x = 12 (impossible). Correct: sequential, bottom-right = 9.",rohanmistry231/CSE-Aptitude-Test-Practice-Hub,02 Logical Reasoning (Analytical Ability)/03 Advance/README.md
logical-reasoning-advanced-non-verbal-reasoning-0095,logical-reasoning,Logical Reasoning (Analytical Ability),Non-Verbal Reasoning,advanced,"A pattern: 2 circles, 5 circles, 11 circles, 20 circles. How many circles in the next term?",32 circles | 37 circles | 29 circles | 64 circles,32 circles,"Differences: 3, 6, 9. Next difference: 12. 20 + 12 = 32.",rohanmistry231/CSE-Aptitude-Test-Practice-Hub,02 Logical Reasoning (Analytical Ability)/03 Advance/README.md
logical-reasoning-advanced-non-verbal-reasoning-0096,logical-reasoning,Logical Reasoning (Analytical Ability),Non-Verbal Reasoning,advanced,A 4x4x4 cube is painted and cut into 64 smaller cubes. How many have exactly two faces painted?,24 | 29 | 21 | 48,24,4x4x4 cube. Two faces painted: edge cubes (not corners). Each edge has 2 such cubes (4-2). 12 edges × 2 = 24.,rohanmistry231/CSE-Aptitude-Test-Practice-Hub,02 Logical Reasoning (Analytical Ability)/03 Advance/README.md
logical-reasoning-advanced-non-verbal-reasoning-0097,logical-reasoning,Logical Reasoning (Analytical Ability),Non-Verbal Reasoning,advanced,"A sequence: Circle, Square, Triangle, Square, Circle, Triangle, Circle, Square. What is next?",Triangle | None of the above | Both Triangle... and alternative | Insufficient data,Triangle,"Pattern: C-S-T, S-C-T, C-S-?. Repeats every 3: next is T.",rohanmistry231/CSE-Aptitude-Test-Practice-Hub,02 Logical Reasoning (Analytical Ability)/03 Advance/README.md
logical-reasoning-advanced-non-verbal-reasoning-0098,logical-reasoning,Logical Reasoning (Analytical Ability),Non-Verbal Reasoning,advanced,"A 3x3 grid: top-left = 1, top-right = 4, bottom-left = 7, sum of diagonals = 12. What is bottom-right?",7 | 12 | 4 | 14,7,"Diagonal 1-4-x = 12. 1 + 4 + x = 12, x = 7.",rohanmistry231/CSE-Aptitude-Test-Practice-Hub,02 Logical Reasoning (Analytical Ability)/03 Advance/README.md
logical-reasoning-advanced-non-verbal-reasoning-0099,logical-reasoning,Logical Reasoning (Analytical Ability),Non-Verbal Reasoning,advanced,"A pattern: 1 star, 4 stars, 10 stars, 20 stars. How many stars in the next term?",35 stars | 40 stars | 32 stars | 70 stars,35 stars,"Differences: 3, 6, 10. Next difference: 15. 20 + 15 = 35.",rohanmistry231/CSE-Aptitude-Test-Practice-Hub,02 Logical Reasoning (Analytical Ability)/03 Advance/README.md
logical-reasoning-advanced-non-verbal-reasoning-0100,logical-reasoning,Logical Reasoning (Analytical Ability),Non-Verbal Reasoning,advanced,"A clock shows 9:00. After rotating 270° clockwise, what time does it show?",6:00 | 11:00 | 3:00 | 12:00,6:00,9:00 points left. 270° clockwise: left to down (6:00).,rohanmistry231/CSE-Aptitude-Test-Practice-Hub,02 Logical Reasoning (Analytical Ability)/03 Advance/README.md
verbal-ability-basic-synonyms-0001,verbal-ability,Verbal Ability (English Comprehension),Synonyms,basic,"Choose the synonym for ""Abundant""",Scarce | Plentiful | Limited | Rare,B) Plentiful,Abundant means existing in large quantities. Plentiful is the closest synonym.,rohanmistry231/CSE-Aptitude-Test-Practice-Hub,03 Verbal Ability (English Comprehension)/01 Basic/README.md
verbal-ability-basic-synonyms-0002,verbal-ability,Verbal Ability (English Comprehension),Synonyms,basic,"Find the synonym for ""Candid""",Deceptive | Honest | Reserved | Shy,B) Honest,Candid means truthful and straightforward. Honest is the closest synonym.,rohanmistry231/CSE-Aptitude-Test-Practice-Hub,03 Verbal Ability (English Comprehension)/01 Basic/README.md
verbal-ability-basic-synonyms-0003,verbal-ability,Verbal Ability (English Comprehension),Synonyms,basic,"Synonym for ""Eloquent""",Silent | Articulate | Hesitant | Vague,B) Articulate,Eloquent means fluent or persuasive in speech. Articulate is the closest synonym.,rohanmistry231/CSE-Aptitude-Test-Practice-Hub,03 Verbal Ability (English Comprehension)/01 Basic/README.md
verbal-ability-basic-synonyms-0004,verbal-ability,Verbal Ability (English Comprehension),Synonyms,basic,"Choose the synonym for ""Fragile""",Sturdy | Delicate | Strong | Robust,B) Delicate,Fragile means easily broken. Delicate is the closest synonym.,rohanmistry231/CSE-Aptitude-Test-Practice-Hub,03 Verbal Ability (English Comprehension)/01 Basic/README.md
verbal-ability-basic-synonyms-0005,verbal-ability,Verbal Ability (English Comprehension),Synonyms,basic,"Synonym for ""Zealous""",Indifferent | Enthusiastic | Lazy | Apathetic,B) Enthusiastic,Zealous means passionate or fervent. Enthusiastic is the closest synonym.,rohanmistry231/CSE-Aptitude-Test-Practice-Hub,03 Verbal Ability (English Comprehension)/01 Basic/README.md
verbal-ability-basic-synonyms-0006,verbal-ability,Verbal Ability (English Comprehension),Synonyms,basic,"Find the synonym for ""Obscure""",Clear | Hidden | Obvious | Transparent,B) Hidden,Obscure means unclear or concealed. Hidden is the closest synonym.,rohanmistry231/CSE-Aptitude-Test-Practice-Hub,03 Verbal Ability (English Comprehension)/01 Basic/README.md
verbal-ability-basic-synonyms-0007,verbal-ability,Verbal Ability (English Comprehension),Synonyms,basic,"Synonym for ""Meticulous""",Careless | Precise | Hasty | Negligent,B) Precise,Meticulous means showing great attention to detail. Precise is the closest synonym.,rohanmistry231/CSE-Aptitude-Test-Practice-Hub,03 Verbal Ability (English Comprehension)/01 Basic/README.md
verbal-ability-basic-synonyms-0008,verbal-ability,Verbal Ability (English Comprehension),Synonyms,basic,"Choose the synonym for ""Vivid""",Dull | Bright | Faint | Pale,B) Bright,Vivid means clear and striking. Bright is the closest synonym.,rohanmistry231/CSE-Aptitude-Test-Practice-Hub,03 Verbal Ability (English Comprehension)/01 Basic/README.md
verbal-ability-basic-synonyms-0009,verbal-ability,Verbal Ability (English Comprehension),Synonyms,basic,"Synonym for ""Prudent""",Reckless | Cautious | Impulsive | Rash,B) Cautious,Prudent means careful and sensible. Cautious is the closest synonym.,rohanmistry231/CSE-Aptitude-Test-Practice-Hub,03 Verbal Ability (English Comprehension)/01 Basic/README.md
verbal-ability-basic-synonyms-0010,verbal-ability,Verbal Ability (English Comprehension),Synonyms,basic,"Find the synonym for ""Amicable""",Hostile | Friendly | Cold | Distant,B) Friendly,Amicable means characterized by friendliness. Friendly is the closest synonym.,rohanmistry231/CSE-Aptitude-Test-Practice-Hub,03 Verbal Ability (English Comprehension)/01 Basic/README.md
verbal-ability-basic-antonyms-0011,verbal-ability,Verbal Ability (English Comprehension),Antonyms,basic,"Choose the antonym for ""Big""",Large | Small | Huge | Vast,B) Small,Big means large in size. Small is the opposite.,rohanmistry231/CSE-Aptitude-Test-Practice-Hub,03 Verbal Ability (English Comprehension)/01 Basic/README.md
verbal-ability-basic-antonyms-0012,verbal-ability,Verbal Ability (English Comprehension),Antonyms,basic,"Find the antonym for ""Bright""",Radiant | Dim | Shiny | Glowing,B) Dim,Bright means full of light. Dim means lacking light.,rohanmistry231/CSE-Aptitude-Test-Practice-Hub,03 Verbal Ability (English Comprehension)/01 Basic/README.md
verbal-ability-basic-antonyms-0013,verbal-ability,Verbal Ability (English Comprehension),Antonyms,basic,"Antonym for ""Fast""",Quick | Slow | Rapid | Swift,B) Slow,Fast means moving quickly. Slow is the opposite.,rohanmistry231/CSE-Aptitude-Test-Practice-Hub,03 Verbal Ability (English Comprehension)/01 Basic/README.md
verbal-ability-basic-antonyms-0014,verbal-ability,Verbal Ability (English Comprehension),Antonyms,basic,"Choose the antonym for ""Happy""",Joyful | Sad | Cheerful | Delighted,B) Sad,Happy means feeling pleasure. Sad is the opposite.,rohanmistry231/CSE-Aptitude-Test-Practice-Hub,03 Verbal Ability (English Comprehension)/01 Basic/README.md
verbal-ability-basic-antonyms-0015,verbal-ability,Verbal Ability (English Comprehension),Antonyms,basic,"Antonym for ""Strong""",Powerful | Weak | Sturdy | Robust,B) Weak,Strong means having power. Weak is the opposite.,rohanmistry231/CSE-Aptitude-Test-Practice-Hub,03 Verbal Ability (English Comprehension)/01 Basic/README.md
verbal-ability-basic-antonyms-0016,verbal-ability,Verbal Ability (English Comprehension),Antonyms,basic,"Find the antonym for ""Open""",Unlocked | Closed | Accessible | Free,B) Closed,Open means not shut. Closed is the opposite.,rohanmistry231/CSE-Aptitude-Test-Practice-Hub,03 Verbal Ability (English Comprehension)/01 Basic/README.md
verbal-ability-basic-antonyms-0017,verbal-ability,Verbal Ability (English Comprehension),Antonyms,basic,"Antonym for ""Old""",Ancient | New | Aged | Vintage,B) New,Old means having existed for a long time. New is the opposite.,rohanmistry231/CSE-Aptitude-Test-Practice-Hub,03 Verbal Ability (English Comprehension)/01 Basic/README.md
verbal-ability-basic-antonyms-0018,verbal-ability,Verbal Ability (English Comprehension),Antonyms,basic,"Choose the antonym for ""Rich""",Wealthy | Poor | Affluent | Prosperous,B) Poor,Rich means having wealth. Poor is the opposite.,rohanmistry231/CSE-Aptitude-Test-Practice-Hub,03 Verbal Ability (English Comprehension)/01 Basic/README.md
verbal-ability-basic-antonyms-0019,verbal-ability,Verbal Ability (English Comprehension),Antonyms,basic,"Antonym for ""Tall""",High | Short | Long | Elevated,B) Short,Tall means having great height. Short is the opposite.,rohanmistry231/CSE-Aptitude-Test-Practice-Hub,03 Verbal Ability (English Comprehension)/01 Basic/README.md
verbal-ability-basic-antonyms-0020,verbal-ability,Verbal Ability (English Comprehension),Antonyms,basic,"Find the antonym for ""Easy""",Simple | Difficult | Effortless | Smooth,B) Difficult,Easy means not hard. Difficult is the opposite.,rohanmistry231/CSE-Aptitude-Test-Practice-Hub,03 Verbal Ability (English Comprehension)/01 Basic/README.md
verbal-ability-basic-sentence-completion-0021,verbal-ability,Verbal Ability (English Comprehension),Sentence Completion,basic,She was ______ to attend the meeting due to her busy schedule.,Able | Unable | Willing | Eager,B) Unable,The context suggests she couldn’t attend due to busyness. Unable fits best.,rohanmistry231/CSE-Aptitude-Test-Practice-Hub,03 Verbal Ability (English Comprehension)/01 Basic/README.md
verbal-ability-basic-sentence-completion-0022,verbal-ability,Verbal Ability (English Comprehension),Sentence Completion,basic,His ______ attitude made everyone feel welcome.,Cold | Friendly | Rude | Distant,B) Friendly,Feeling welcome implies a positive attitude. Friendly is appropriate.,rohanmistry231/CSE-Aptitude-Test-Practice-Hub,03 Verbal Ability (English Comprehension)/01 Basic/README.md
verbal-ability-basic-sentence-completion-0023,verbal-ability,Verbal Ability (English Comprehension),Sentence Completion,basic,The team worked ______ to complete the project on time.,Lazily | Diligently | Carelessly | Slowly,B) Diligently,Completing on time suggests hard work. Diligently fits best.,rohanmistry231/CSE-Aptitude-Test-Practice-Hub,03 Verbal Ability (English Comprehension)/01 Basic/README.md
verbal-ability-basic-sentence-completion-0024,verbal-ability,Verbal Ability (English Comprehension),Sentence Completion,basic,The movie was so ______ that I fell asleep.,Exciting | Boring | Thrilling | Engaging,B) Boring,Falling asleep implies lack of interest. Boring is appropriate.,rohanmistry231/CSE-Aptitude-Test-Practice-Hub,03 Verbal Ability (English Comprehension)/01 Basic/README.md
verbal-ability-basic-sentence-completion-0025,verbal-ability,Verbal Ability (English Comprehension),Sentence Completion,basic,He spoke with such ______ that everyone listened attentively.,Confusion | Clarity | Hesitation | Doubt,B) Clarity,Attentive listening suggests clear speech. Clarity fits best.,rohanmistry231/CSE-Aptitude-Test-Practice-Hub,03 Verbal Ability (English Comprehension)/01 Basic/README.md
verbal-ability-basic-sentence-completion-0026,verbal-ability,Verbal Ability (English Comprehension),Sentence Completion,basic,The instructions were ______ and easy to follow.,Vague | Clear | Complex | Confusing,B) Clear,Easy to follow implies simplicity. Clear is appropriate.,rohanmistry231/CSE-Aptitude-Test-Practice-Hub,03 Verbal Ability (English Comprehension)/01 Basic/README.md
verbal-ability-basic-sentence-completion-0027,verbal-ability,Verbal Ability (English Comprehension),Sentence Completion,basic,She felt ______ after receiving the award.,Sad | Elated | Angry | Tired,B) Elated,Receiving an award suggests happiness. Elated fits best.,rohanmistry231/CSE-Aptitude-Test-Practice-Hub,03 Verbal Ability (English Comprehension)/01 Basic/README.md
verbal-ability-basic-sentence-completion-0028,verbal-ability,Verbal Ability (English Comprehension),Sentence Completion,basic,The room was ______ after the children left.,Tidy | Messy | Clean | Organized,B) Messy,Children leaving often implies disorder. Messy is appropriate.,rohanmistry231/CSE-Aptitude-Test-Practice-Hub,03 Verbal Ability (English Comprehension)/01 Basic/README.md
verbal-ability-basic-sentence-completion-0029,verbal-ability,Verbal Ability (English Comprehension),Sentence Completion,basic,His ______ behavior annoyed everyone.,Polite | Rude | Kind | Gentle,B) Rude,Annoying suggests negative behavior. Rude fits best.,rohanmistry231/CSE-Aptitude-Test-Practice-Hub,03 Verbal Ability (English Comprehension)/01 Basic/README.md
verbal-ability-basic-sentence-completion-0030,verbal-ability,Verbal Ability (English Comprehension),Sentence Completion,basic,The weather was ______ for a picnic.,Terrible | Perfect | Cold | Rainy,B) Perfect,A picnic implies good weather. Perfect is appropriate.,rohanmistry231/CSE-Aptitude-Test-Practice-Hub,03 Verbal Ability (English Comprehension)/01 Basic/README.md
verbal-ability-basic-spotting-errors-0031,verbal-ability,Verbal Ability (English Comprehension),Spotting Errors,basic,Identify the error: She *go* to school every day.,go → goes | None of the above | Both go → goes... and alternative | Insufficient data,go → goes,"Subject ""She"" (third person singular) requires ""goes."" Error: *go*.",rohanmistry231/CSE-Aptitude-Test-Practice-Hub,03 Verbal Ability (English Comprehension)/01 Basic/README.md
verbal-ability-basic-spotting-errors-0032,verbal-ability,Verbal Ability (English Comprehension),Spotting Errors,basic,Find the error: The boys *is* playing football.,is → are | None of the above | Both is → are... and alternative | Insufficient data,is → are,"Plural subject ""boys"" requires ""are."" Error: *is*.",rohanmistry231/CSE-Aptitude-Test-Practice-Hub,03 Verbal Ability (English Comprehension)/01 Basic/README.md
verbal-ability-basic-spotting-errors-0033,verbal-ability,Verbal Ability (English Comprehension),Spotting Errors,basic,Spot the error: He *don’t* like to read books.,don’t → doesn’t | None of the above | Both don’t → doesn’t... and alternative | Insufficient data,don’t → doesn’t,"Third person singular ""He"" requires ""doesn’t."" Error: *don’t*.",rohanmistry231/CSE-Aptitude-Test-Practice-Hub,03 Verbal Ability (English Comprehension)/01 Basic/README.md
verbal-ability-basic-spotting-errors-0034,verbal-ability,Verbal Ability (English Comprehension),Spotting Errors,basic,Identify the error: I saw *a elephant* in the zoo.,a → an | None of the above | Both a → an... and alternative | Insufficient data,a → an,"""Elephant"" starts with a vowel sound, so use ""an."" Error: *a*.",rohanmistry231/CSE-Aptitude-Test-Practice-Hub,03 Verbal Ability (English Comprehension)/01 Basic/README.md
verbal-ability-basic-spotting-errors-0035,verbal-ability,Verbal Ability (English Comprehension),Spotting Errors,basic,Find the error: She is *more taller* than her brother.,more → remove more | None of the above | Both more → remove m... and alternative | Insufficient data,more → remove more,"Comparative ""taller"" doesn’t need ""more."" Error: *more*.",rohanmistry231/CSE-Aptitude-Test-Practice-Hub,03 Verbal Ability (English Comprehension)/01 Basic/README.md
verbal-ability-basic-spotting-errors-0036,verbal-ability,Verbal Ability (English Comprehension),Spotting Errors,basic,Spot the error: They *was* waiting for the bus.,was → were | None of the above | Both was → were... and alternative | Insufficient data,was → were,"Plural subject ""They"" requires ""were."" Error: *was*.",rohanmistry231/CSE-Aptitude-Test-Practice-Hub,03 Verbal Ability (English Comprehension)/01 Basic/README.md
verbal-ability-basic-spotting-errors-0037,verbal-ability,Verbal Ability (English Comprehension),Spotting Errors,basic,Identify the error: The book *is* on the tables.,tables → table | None of the above | Both tables → table... and alternative | Insufficient data,tables → table,"Singular ""book"" implies one table. Error: *tables*.",rohanmistry231/CSE-Aptitude-Test-Practice-Hub,03 Verbal Ability (English Comprehension)/01 Basic/README.md
verbal-ability-basic-spotting-errors-0038,verbal-ability,Verbal Ability (English Comprehension),Spotting Errors,basic,Find the error: He *run* very fast yesterday.,run → ran | None of the above | Both run → ran... and alternative | Insufficient data,run → ran,"Past tense requires ""ran."" Error: *run*.",rohanmistry231/CSE-Aptitude-Test-Practice-Hub,03 Verbal Ability (English Comprehension)/01 Basic/README.md
verbal-ability-basic-spotting-errors-0039,verbal-ability,Verbal Ability (English Comprehension),Spotting Errors,basic,Spot the error: This is *mines* book.,mines → mine | None of the above | Both mines → mine... and alternative | Insufficient data,mines → mine,"Possessive pronoun is ""mine,"" not ""mines."" Error: *mines*.",rohanmistry231/CSE-Aptitude-Test-Practice-Hub,03 Verbal Ability (English Comprehension)/01 Basic/README.md
verbal-ability-basic-spotting-errors-0040,verbal-ability,Verbal Ability (English Comprehension),Spotting Errors,basic,Identify the error: We *goes* to the park on Sundays.,goes → go | None of the above | Both goes → go... and alternative | Insufficient data,goes → go,"Plural subject ""We"" requires ""go."" Error: *goes*.",rohanmistry231/CSE-Aptitude-Test-Practice-Hub,03 Verbal Ability (English Comprehension)/01 Basic/README.md
verbal-ability-basic-reading-comprehension-0041,verbal-ability,Verbal Ability (English Comprehension),Reading Comprehension,basic,What is the sun’s role in the solar system?,It is the central star and maintains planetary orbits | None of the above | Both It is the centr... and alternative | Insufficient data,It is the central star and maintains planetary orbits,The passage states the sun is at the center and keeps planets in orbit via gravity.,rohanmistry231/CSE-Aptitude-Test-Practice-Hub,03 Verbal Ability (English Comprehension)/01 Basic/README.md
verbal-ability-basic-reading-comprehension-0042,verbal-ability,Verbal Ability (English Comprehension),Reading Comprehension,basic,How do plants use sunlight?,For photosynthesis to produce oxygen | None of the above | Both For photosynthe... and alternative | Insufficient data,For photosynthesis to produce oxygen,"Plants use sunlight for photosynthesis, producing oxygen.",rohanmistry231/CSE-Aptitude-Test-Practice-Hub,03 Verbal Ability (English Comprehension)/01 Basic/README.md
verbal-ability-basic-reading-comprehension-0043,verbal-ability,Verbal Ability (English Comprehension),Reading Comprehension,basic,What enables life on Earth according to the passage?,The sun’s energy | None of the above | Both The sun’s energ... and alternative | Insufficient data,The sun’s energy,"The sun provides energy, enabling life.",rohanmistry231/CSE-Aptitude-Test-Practice-Hub,03 Verbal Ability (English Comprehension)/01 Basic/README.md
verbal-ability-basic-reading-comprehension-0044,verbal-ability,Verbal Ability (English Comprehension),Reading Comprehension,basic,How old is the sun?,4.6 billion years | 7.1 billion years | 3.1 billion years | 5.52 billion years,4.6 billion years,The passage states it is about 4.6 billion years old.,rohanmistry231/CSE-Aptitude-Test-Practice-Hub,03 Verbal Ability (English Comprehension)/01 Basic/README.md
verbal-ability-basic-reading-comprehension-0045,verbal-ability,Verbal Ability (English Comprehension),Reading Comprehension,basic,How long is the sun expected to last?,"5 billion years. **Passage (Questions 56–60)**: Books are a source of knowledge and entertainment. They allow readers to explore new worlds and ideas. Reading improves vocabulary and critical thinking. Libraries provide access to books for free, encouraging learning. Digital books are also popular now | 7 billion years. **Passage (Questions 56–60)**: Books are a source of knowledge and entertainment. They allow readers to explore new worlds and ideas. Reading improves vocabulary and critical thinking. Libraries provide access to books for free, encouraging learning. Digital books are also popular now | 2 billion years. **Passage (Questions 56–60)**: Books are a source of knowledge and entertainment. They allow readers to explore new worlds and ideas. Reading improves vocabulary and critical thinking. Libraries provide access to books for free, encouraging learning. Digital books are also popular now | 10 billion years. **Passage (Questions 56–60)**: Books are a source of knowledge and entertainment. They allow readers to explore new worlds and ideas. Reading improves vocabulary and critical thinking. Libraries provide access to books for free, encouraging learning. Digital books are also popular now","5 billion years. **Passage (Questions 56–60)**: Books are a source of knowledge and entertainment. They allow readers to explore new worlds and ideas. Reading improves vocabulary and critical thinking. Libraries provide access to books for free, encouraging learning. Digital books are also popular now",It will last another 5 billion years.,rohanmistry231/CSE-Aptitude-Test-Practice-Hub,03 Verbal Ability (English Comprehension)/01 Basic/README.md
verbal-ability-basic-reading-comprehension-0046,verbal-ability,Verbal Ability (English Comprehension),Reading Comprehension,basic,What are books a source of?,Knowledge and entertainment | None of the above | Both Knowledge and e... and alternative | Insufficient data,Knowledge and entertainment,Books are a source of knowledge and entertainment.,rohanmistry231/CSE-Aptitude-Test-Practice-Hub,03 Verbal Ability (English Comprehension)/01 Basic/README.md
verbal-ability-basic-reading-comprehension-0047,verbal-ability,Verbal Ability (English Comprehension),Reading Comprehension,basic,What do books allow readers to do?,Explore new worlds and ideas | None of the above | Both Explore new wor... and alternative | Insufficient data,Explore new worlds and ideas,Explore new worlds and ideas.,rohanmistry231/CSE-Aptitude-Test-Practice-Hub,03 Verbal Ability (English Comprehension)/01 Basic/README.md
verbal-ability-basic-reading-comprehension-0048,verbal-ability,Verbal Ability (English Comprehension),Reading Comprehension,basic,How does reading benefit readers?,Improves vocabulary and critical thinking | None of the above | Both Improves vocabu... and alternative | Insufficient data,Improves vocabulary and critical thinking,Improves vocabulary and critical thinking.,rohanmistry231/CSE-Aptitude-Test-Practice-Hub,03 Verbal Ability (English Comprehension)/01 Basic/README.md
verbal-ability-basic-reading-comprehension-0049,verbal-ability,Verbal Ability (English Comprehension),Reading Comprehension,basic,What do libraries provide?,Free access to books | None of the above | Both Free access to ... and alternative | Insufficient data,Free access to books,Free access to books.,rohanmistry231/CSE-Aptitude-Test-Practice-Hub,03 Verbal Ability (English Comprehension)/01 Basic/README.md
verbal-ability-basic-reading-comprehension-0050,verbal-ability,Verbal Ability (English Comprehension),Reading Comprehension,basic,What is mentioned about digital books?,They are popular | None of the above | Both They are popula... and alternative | Insufficient data,They are popular,They are popular now.,rohanmistry231/CSE-Aptitude-Test-Practice-Hub,03 Verbal Ability (English Comprehension)/01 Basic/README.md
verbal-ability-basic-jumbled-sentences-0051,verbal-ability,Verbal Ability (English Comprehension),Jumbled Sentences,basic,Arrange: (A) to school (B) every day (C) she (D) walks,C-D-A-B | None of the above | Both C-D-A-B... and alternative | Insufficient data,C-D-A-B,Subject-verb-object: She walks to school every day.,rohanmistry231/CSE-Aptitude-Test-Practice-Hub,03 Verbal Ability (English Comprehension)/01 Basic/README.md
verbal-ability-basic-jumbled-sentences-0052,verbal-ability,Verbal Ability (English Comprehension),Jumbled Sentences,basic,Arrange: (A) the cat (B) on the mat (C) sleeps (D) quietly,A-C-B-D | None of the above | Both A-C-B-D... and alternative | Insufficient data,A-C-B-D,Subject-verb-place-adverb: The cat sleeps on the mat quietly.,rohanmistry231/CSE-Aptitude-Test-Practice-Hub,03 Verbal Ability (English Comprehension)/01 Basic/README.md
verbal-ability-basic-jumbled-sentences-0053,verbal-ability,Verbal Ability (English Comprehension),Jumbled Sentences,basic,Arrange: (A) a book (B) he (C) reads (D) daily,B-C-A-D | None of the above | Both B-C-A-D... and alternative | Insufficient data,B-C-A-D,Subject-verb-object-adverb: He reads a book daily.,rohanmistry231/CSE-Aptitude-Test-Practice-Hub,03 Verbal Ability (English Comprehension)/01 Basic/README.md
verbal-ability-basic-jumbled-sentences-0054,verbal-ability,Verbal Ability (English Comprehension),Jumbled Sentences,basic,Arrange: (A) in the park (B) they (C) play (D) football,B-C-D-A | None of the above | Both B-C-D-A... and alternative | Insufficient data,B-C-D-A,Subject-verb-object-place: They play football in the park.,rohanmistry231/CSE-Aptitude-Test-Practice-Hub,03 Verbal Ability (English Comprehension)/01 Basic/README.md
verbal-ability-basic-jumbled-sentences-0055,verbal-ability,Verbal Ability (English Comprehension),Jumbled Sentences,basic,Arrange: (A) is (B) the sky (C) blue (D) today,B-A-C-D | None of the above | Both B-A-C-D... and alternative | Insufficient data,B-A-C-D,Subject-verb-complement-adverb: The sky is blue today.,rohanmistry231/CSE-Aptitude-Test-Practice-Hub,03 Verbal Ability (English Comprehension)/01 Basic/README.md
verbal-ability-basic-jumbled-sentences-0056,verbal-ability,Verbal Ability (English Comprehension),Jumbled Sentences,basic,Arrange: (A) every morning (B) she (C) jogs (D) in the park,B-C-D-A | None of the above | Both B-C-D-A... and alternative | Insufficient data,B-C-D-A,Subject-verb-place-time: She jogs in the park every morning.,rohanmistry231/CSE-Aptitude-Test-Practice-Hub,03 Verbal Ability (English Comprehension)/01 Basic/README.md
verbal-ability-basic-jumbled-sentences-0057,verbal-ability,Verbal Ability (English Comprehension),Jumbled Sentences,basic,Arrange: (A) the dog (B) barks (C) at strangers (D) loudly,A-B-C-D | None of the above | Both A-B-C-D... and alternative | Insufficient data,A-B-C-D,Subject-verb-object-adverb: The dog barks at strangers loudly.,rohanmistry231/CSE-Aptitude-Test-Practice-Hub,03 Verbal Ability (English Comprehension)/01 Basic/README.md
verbal-ability-basic-jumbled-sentences-0058,verbal-ability,Verbal Ability (English Comprehension),Jumbled Sentences,basic,Arrange: (A) to the store (B) I (C) went (D) yesterday,B-C-A-D | None of the above | Both B-C-A-D... and alternative | Insufficient data,B-C-A-D,Subject-verb-place-time: I went to the store yesterday.,rohanmistry231/CSE-Aptitude-Test-Practice-Hub,03 Verbal Ability (English Comprehension)/01 Basic/README.md
verbal-ability-basic-jumbled-sentences-0059,verbal-ability,Verbal Ability (English Comprehension),Jumbled Sentences,basic,Arrange: (A) is (B) the flower (C) beautiful (D) very,B-A-D-C | None of the above | Both B-A-D-C... and alternative | Insufficient data,B-A-D-C,Subject-verb-complement-adverb: The flower is very beautiful.,rohanmistry231/CSE-Aptitude-Test-Practice-Hub,03 Verbal Ability (English Comprehension)/01 Basic/README.md
verbal-ability-basic-jumbled-sentences-0060,verbal-ability,Verbal Ability (English Comprehension),Jumbled Sentences,basic,Arrange: (A) at night (B) he (C) studies (D) quietly,B-C-D-A | None of the above | Both B-C-D-A... and alternative | Insufficient data,B-C-D-A,Subject-verb-adverb-place: He studies quietly at night.,rohanmistry231/CSE-Aptitude-Test-Practice-Hub,03 Verbal Ability (English Comprehension)/01 Basic/README.md
verbal-ability-basic-cloze-test-0061,verbal-ability,Verbal Ability (English Comprehension),Cloze Test,basic,Choose the word for __71__,Runs | Goes | Walks | Jumps,B) Goes,"""To the park"" suggests movement. Goes is most appropriate.",rohanmistry231/CSE-Aptitude-Test-Practice-Hub,03 Verbal Ability (English Comprehension)/01 Basic/README.md
verbal-ability-basic-cloze-test-0062,verbal-ability,Verbal Ability (English Comprehension),Cloze Test,basic,Choose the word for __72__,Takes | Brings | Carries | Holds,A) Takes,Bringing a dog implies Takes.,rohanmistry231/CSE-Aptitude-Test-Practice-Hub,03 Verbal Ability (English Comprehension)/01 Basic/README.md
verbal-ability-basic-cloze-test-0063,verbal-ability,Verbal Ability (English Comprehension),Cloze Test,basic,Choose the word for __73__,Sit | Play | Sleep | Eat,B) Play,An hour in the park suggests Play.,rohanmistry231/CSE-Aptitude-Test-Practice-Hub,03 Verbal Ability (English Comprehension)/01 Basic/README.md
verbal-ability-basic-cloze-test-0064,verbal-ability,Verbal Ability (English Comprehension),Cloze Test,basic,Choose the word for __74__,Kick | Chase | Throw | Catch,B) Chase,Dogs typically chase balls.,rohanmistry231/CSE-Aptitude-Test-Practice-Hub,03 Verbal Ability (English Comprehension)/01 Basic/README.md
verbal-ability-basic-cloze-test-0065,verbal-ability,Verbal Ability (English Comprehension),Cloze Test,basic,Choose the word for __75__,Sadly | Very | Never | Always,D) Always **Passage (Questions 76–80)**: Reading is a __76__ habit. It helps you __77__ new things. Books are like __78__ who guide you. You can read __79__ you want. It makes life __80__,Returning happy suggests Always.,rohanmistry231/CSE-Aptitude-Test-Practice-Hub,03 Verbal Ability (English Comprehension)/01 Basic/README.md
verbal-ability-basic-cloze-test-0066,verbal-ability,Verbal Ability (English Comprehension),Cloze Test,basic,Choose the word for __76__,Bad | Good | Poor | Weak,B) Good,Reading is positive. Good fits best.,rohanmistry231/CSE-Aptitude-Test-Practice-Hub,03 Verbal Ability (English Comprehension)/01 Basic/README.md
verbal-ability-basic-cloze-test-0067,verbal-ability,Verbal Ability (English Comprehension),Cloze Test,basic,Choose the word for __77__,Forget | Learn | Ignore | Lose,B) Learn,Reading leads to learning.,rohanmistry231/CSE-Aptitude-Test-Practice-Hub,03 Verbal Ability (English Comprehension)/01 Basic/README.md
verbal-ability-basic-cloze-test-0068,verbal-ability,Verbal Ability (English Comprehension),Cloze Test,basic,Choose the word for __78__,Enemies | Friends | Strangers | Foes,B) Friends,"Guides are positive, like Friends.",rohanmistry231/CSE-Aptitude-Test-Practice-Hub,03 Verbal Ability (English Comprehension)/01 Basic/README.md
verbal-ability-basic-cloze-test-0069,verbal-ability,Verbal Ability (English Comprehension),Cloze Test,basic,Choose the word for __79__,Never | Wherever | Rarely | Seldom,B) Wherever,Freedom to read suggests Wherever.,rohanmistry231/CSE-Aptitude-Test-Practice-Hub,03 Verbal Ability (English Comprehension)/01 Basic/README.md
verbal-ability-basic-cloze-test-0070,verbal-ability,Verbal Ability (English Comprehension),Cloze Test,basic,Choose the word for __80__,Dull | Rich | Poor | Sad,B) Rich,"Reading enhances life, so Rich.",rohanmistry231/CSE-Aptitude-Test-Practice-Hub,03 Verbal Ability (English Comprehension)/01 Basic/README.md
verbal-ability-basic-idioms-phrases-0071,verbal-ability,Verbal Ability (English Comprehension),Idioms/Phrases,basic,Meaning of “Break the ice”,Cause trouble | Start a conversation | End a fight | Make a mistake,B) Start a conversation,Break the ice means to initiate conversation.,rohanmistry231/CSE-Aptitude-Test-Practice-Hub,03 Verbal Ability (English Comprehension)/01 Basic/README.md
verbal-ability-basic-idioms-phrases-0072,verbal-ability,Verbal Ability (English Comprehension),Idioms/Phrases,basic,Meaning of “Piece of cake”,Difficult task | Easy task | Expensive item | Rare event,B) Easy task,Piece of cake means something easy.,rohanmistry231/CSE-Aptitude-Test-Practice-Hub,03 Verbal Ability (English Comprehension)/01 Basic/README.md
verbal-ability-basic-idioms-phrases-0073,verbal-ability,Verbal Ability (English Comprehension),Idioms/Phrases,basic,Meaning of “Spill the beans”,Reveal a secret | Cook food | Make a mess | Share money,A) Reveal a secret,Spill the beans means to disclose a secret.,rohanmistry231/CSE-Aptitude-Test-Practice-Hub,03 Verbal Ability (English Comprehension)/01 Basic/README.md
verbal-ability-basic-idioms-phrases-0074,verbal-ability,Verbal Ability (English Comprehension),Idioms/Phrases,basic,Meaning of “Bite the bullet”,Avoid pain | Face a challenge | Run away | Eat quickly,B) Face a challenge,Bite the bullet means to endure a difficult situation.,rohanmistry231/CSE-Aptitude-Test-Practice-Hub,03 Verbal Ability (English Comprehension)/01 Basic/README.md
verbal-ability-basic-idioms-phrases-0075,verbal-ability,Verbal Ability (English Comprehension),Idioms/Phrases,basic,Meaning of “Under the weather”,Feeling well | Feeling unwell | Traveling | Working hard,B) Feeling unwell,Under the weather means feeling sick.,rohanmistry231/CSE-Aptitude-Test-Practice-Hub,03 Verbal Ability (English Comprehension)/01 Basic/README.md
verbal-ability-basic-idioms-phrases-0076,verbal-ability,Verbal Ability (English Comprehension),Idioms/Phrases,basic,Meaning of “Kick the bucket”,Die | Start a fight | Win a game | Begin work,A) Die,Kick the bucket is a euphemism for dying.,rohanmistry231/CSE-Aptitude-Test-Practice-Hub,03 Verbal Ability (English Comprehension)/01 Basic/README.md
verbal-ability-basic-idioms-phrases-0077,verbal-ability,Verbal Ability (English Comprehension),Idioms/Phrases,basic,Meaning of “Let the cat out of the bag”,Buy a pet | Reveal a secret | Start a project | End a meeting,B) Reveal a secret,Let the cat out of the bag means to reveal a secret.,rohanmistry231/CSE-Aptitude-Test-Practice-Hub,03 Verbal Ability (English Comprehension)/01 Basic/README.md
verbal-ability-basic-idioms-phrases-0078,verbal-ability,Verbal Ability (English Comprehension),Idioms/Phrases,basic,Meaning of “Hit the nail on the head”,Make a mistake | Be exactly right | Start a fight | Build something,B) Be exactly right,Hit the nail on the head means to be precise.,rohanmistry231/CSE-Aptitude-Test-Practice-Hub,03 Verbal Ability (English Comprehension)/01 Basic/README.md
verbal-ability-basic-idioms-phrases-0079,verbal-ability,Verbal Ability (English Comprehension),Idioms/Phrases,basic,Meaning of “Bark up the wrong tree”,Make a mistake | Climb a tree | Win a prize | Start a business,A) Make a mistake,Bark up the wrong tree means to be mistaken about something.,rohanmistry231/CSE-Aptitude-Test-Practice-Hub,03 Verbal Ability (English Comprehension)/01 Basic/README.md
verbal-ability-basic-idioms-phrases-0080,verbal-ability,Verbal Ability (English Comprehension),Idioms/Phrases,basic,Meaning of “A dime a dozen”,Very rare | Very common | Expensive | Unique,B) Very common,A dime a dozen means very common.,rohanmistry231/CSE-Aptitude-Test-Practice-Hub,03 Verbal Ability (English Comprehension)/01 Basic/README.md
verbal-ability-basic-verbal-analogies-0081,verbal-ability,Verbal Ability (English Comprehension),Verbal Analogies,basic,Big : Small :: High : ?,Low | None of the above | Both Low... and alternative | Insufficient data,Low,Big is the opposite of small. High’s opposite is low.,rohanmistry231/CSE-Aptitude-Test-Practice-Hub,03 Verbal Ability (English Comprehension)/01 Basic/README.md
verbal-ability-basic-verbal-analogies-0082,verbal-ability,Verbal Ability (English Comprehension),Verbal Analogies,basic,Cat : Kitten :: Dog : ?,Puppy | None of the above | Both Puppy... and alternative | Insufficient data,Puppy,Kitten is a young cat. Puppy is a young dog.,rohanmistry231/CSE-Aptitude-Test-Practice-Hub,03 Verbal Ability (English Comprehension)/01 Basic/README.md
verbal-ability-basic-verbal-analogies-0083,verbal-ability,Verbal Ability (English Comprehension),Verbal Analogies,basic,Pen : Write :: Brush : ?,Paint | None of the above | Both Paint... and alternative | Insufficient data,Paint,A pen is used to write. A brush is used to paint.,rohanmistry231/CSE-Aptitude-Test-Practice-Hub,03 Verbal Ability (English Comprehension)/01 Basic/README.md
verbal-ability-basic-verbal-analogies-0084,verbal-ability,Verbal Ability (English Comprehension),Verbal Analogies,basic,Book : Page :: House : ?,Room | None of the above | Both Room... and alternative | Insufficient data,Room,A book contains pages. A house contains rooms.,rohanmistry231/CSE-Aptitude-Test-Practice-Hub,03 Verbal Ability (English Comprehension)/01 Basic/README.md
verbal-ability-basic-verbal-analogies-0085,verbal-ability,Verbal Ability (English Comprehension),Verbal Analogies,basic,Teacher : Classroom :: Chef : ?,Kitchen | None of the above | Both Kitchen... and alternative | Insufficient data,Kitchen,A teacher works in a classroom. A chef works in a kitchen.,rohanmistry231/CSE-Aptitude-Test-Practice-Hub,03 Verbal Ability (English Comprehension)/01 Basic/README.md
verbal-ability-basic-verbal-analogies-0086,verbal-ability,Verbal Ability (English Comprehension),Verbal Analogies,basic,Sun : Day :: Moon : ?,Night | None of the above | Both Night... and alternative | Insufficient data,Night,The sun is associated with day. The moon is associated with night.,rohanmistry231/CSE-Aptitude-Test-Practice-Hub,03 Verbal Ability (English Comprehension)/01 Basic/README.md
verbal-ability-basic-verbal-analogies-0087,verbal-ability,Verbal Ability (English Comprehension),Verbal Analogies,basic,Car : Wheel :: Table : ?,Leg | None of the above | Both Leg... and alternative | Insufficient data,Leg,A car has wheels as parts. A table has legs as parts.,rohanmistry231/CSE-Aptitude-Test-Practice-Hub,03 Verbal Ability (English Comprehension)/01 Basic/README.md
verbal-ability-basic-verbal-analogies-0088,verbal-ability,Verbal Ability (English Comprehension),Verbal Analogies,basic,Bird : Fly :: Fish : ?,Swim | None of the above | Both Swim... and alternative | Insufficient data,Swim,A bird moves by flying. A fish moves by swimming.,rohanmistry231/CSE-Aptitude-Test-Practice-Hub,03 Verbal Ability (English Comprehension)/01 Basic/README.md
verbal-ability-basic-verbal-analogies-0089,verbal-ability,Verbal Ability (English Comprehension),Verbal Analogies,basic,Clock : Time :: Thermometer : ?,Temperature | None of the above | Both Temperature... and alternative | Insufficient data,Temperature,A clock measures time. A thermometer measures temperature.,rohanmistry231/CSE-Aptitude-Test-Practice-Hub,03 Verbal Ability (English Comprehension)/01 Basic/README.md
verbal-ability-basic-verbal-analogies-0090,verbal-ability,Verbal Ability (English Comprehension),Verbal Analogies,basic,Tree : Leaf :: Flower : ?,Petal | None of the above | Both Petal... and alternative | Insufficient data,Petal,A tree has leaves as parts. A flower has petals as parts.,rohanmistry231/CSE-Aptitude-Test-Practice-Hub,03 Verbal Ability (English Comprehension)/01 Basic/README.md
verbal-ability-intermediate-synonyms-0001,verbal-ability,Verbal Ability (English Comprehension),Synonyms,intermediate,"Choose the synonym for ""Ephemeral""",Permanent | Transient | Enduring | Lasting,B) Transient,Ephemeral means short-lived. Transient is the closest synonym.,rohanmistry231/CSE-Aptitude-Test-Practice-Hub,03 Verbal Ability (English Comprehension)/02 Intermediate/README.md
verbal-ability-intermediate-synonyms-0002,verbal-ability,Verbal Ability (English Comprehension),Synonyms,intermediate,"Find the synonym for ""Perspicuous""",Vague | Clear | Obscure | Complex,B) Clear,Perspicuous means clearly expressed. Clear is the closest synonym.,rohanmistry231/CSE-Aptitude-Test-Practice-Hub,03 Verbal Ability (English Comprehension)/02 Intermediate/README.md
verbal-ability-intermediate-synonyms-0003,verbal-ability,Verbal Ability (English Comprehension),Synonyms,intermediate,"Synonym for ""Tenacious""",Yielding | Persistent | Weak | Flexible,B) Persistent,Tenacious means holding firm. Persistent is the closest synonym.,rohanmistry231/CSE-Aptitude-Test-Practice-Hub,03 Verbal Ability (English Comprehension)/02 Intermediate/README.md
verbal-ability-intermediate-synonyms-0004,verbal-ability,Verbal Ability (English Comprehension),Synonyms,intermediate,"Choose the synonym for ""Obstreperous""",Quiet | Noisy | Calm | Submissive,B) Noisy,Obstreperous means difficult to control and noisy. Noisy is the closest synonym.,rohanmistry231/CSE-Aptitude-Test-Practice-Hub,03 Verbal Ability (English Comprehension)/02 Intermediate/README.md
verbal-ability-intermediate-synonyms-0005,verbal-ability,Verbal Ability (English Comprehension),Synonyms,intermediate,"Synonym for ""Proclivity""",Aversion | Tendency | Dislike | Opposition,B) Tendency,Proclivity means a natural inclination. Tendency is the closest synonym.,rohanmistry231/CSE-Aptitude-Test-Practice-Hub,03 Verbal Ability (English Comprehension)/02 Intermediate/README.md
verbal-ability-intermediate-synonyms-0006,verbal-ability,Verbal Ability (English Comprehension),Synonyms,intermediate,"Find the synonym for ""Ebullient""",Depressed | Enthusiastic | Reserved | Somber,B) Enthusiastic,Ebullient means cheerful and full of energy. Enthusiastic is the closest synonym.,rohanmistry231/CSE-Aptitude-Test-Practice-Hub,03 Verbal Ability (English Comprehension)/02 Intermediate/README.md
verbal-ability-intermediate-synonyms-0007,verbal-ability,Verbal Ability (English Comprehension),Synonyms,intermediate,"Synonym for ""Fastidious""",Careless | Meticulous | Hasty | Negligent,B) Meticulous,Fastidious means very attentive to detail. Meticulous is the closest synonym.,rohanmistry231/CSE-Aptitude-Test-Practice-Hub,03 Verbal Ability (English Comprehension)/02 Intermediate/README.md
verbal-ability-intermediate-synonyms-0008,verbal-ability,Verbal Ability (English Comprehension),Synonyms,intermediate,"Choose the synonym for ""Quixotic""",Practical | Unrealistic | Sensible | Rational,B) Unrealistic,Quixotic means impractical or unrealistic. Unrealistic is the closest synonym.,rohanmistry231/CSE-Aptitude-Test-Practice-Hub,03 Verbal Ability (English Comprehension)/02 Intermediate/README.md
verbal-ability-intermediate-synonyms-0009,verbal-ability,Verbal Ability (English Comprehension),Synonyms,intermediate,"Synonym for ""Sagacious""",Foolish | Wise | Ignorant | Naive,B) Wise,Sagacious means having keen judgment. Wise is the closest synonym.,rohanmistry231/CSE-Aptitude-Test-Practice-Hub,03 Verbal Ability (English Comprehension)/02 Intermediate/README.md
verbal-ability-intermediate-synonyms-0010,verbal-ability,Verbal Ability (English Comprehension),Synonyms,intermediate,"Find the synonym for ""Taciturn""",Talkative | Reserved | Outgoing | Loquacious,B) Reserved,Taciturn means silent or reserved in speech. Reserved is the closest synonym.,rohanmistry231/CSE-Aptitude-Test-Practice-Hub,03 Verbal Ability (English Comprehension)/02 Intermediate/README.md
verbal-ability-intermediate-antonyms-0011,verbal-ability,Verbal Ability (English Comprehension),Antonyms,intermediate,"Choose the antonym for ""Candid""",Honest | Deceptive | Sincere | Open,B) Deceptive,"Candid means truthful. Deceptive means misleading, the opposite.",rohanmistry231/CSE-Aptitude-Test-Practice-Hub,03 Verbal Ability (English Comprehension)/02 Intermediate/README.md
verbal-ability-intermediate-antonyms-0012,verbal-ability,Verbal Ability (English Comprehension),Antonyms,intermediate,"Find the antonym for ""Austere""",Harsh | Luxurious | Severe | Plain,B) Luxurious,Austere means simple or severe. Luxurious is the opposite.,rohanmistry231/CSE-Aptitude-Test-Practice-Hub,03 Verbal Ability (English Comprehension)/02 Intermediate/README.md
verbal-ability-intermediate-antonyms-0013,verbal-ability,Verbal Ability (English Comprehension),Antonyms,intermediate,"Antonym for ""Eminent""",Prominent | Obscure | Notable | Distinguished,B) Obscure,"Eminent means well-known. Obscure means unknown, the opposite.",rohanmistry231/CSE-Aptitude-Test-Practice-Hub,03 Verbal Ability (English Comprehension)/02 Intermediate/README.md
verbal-ability-intermediate-antonyms-0014,verbal-ability,Verbal Ability (English Comprehension),Antonyms,intermediate,"Choose the antonym for ""Prodigal""",Wasteful | Frugal | Extravagant | Lavish,B) Frugal,"Prodigal means wasteful. Frugal means economical, the opposite.",rohanmistry231/CSE-Aptitude-Test-Practice-Hub,03 Verbal Ability (English Comprehension)/02 Intermediate/README.md
verbal-ability-intermediate-antonyms-0015,verbal-ability,Verbal Ability (English Comprehension),Antonyms,intermediate,"Antonym for ""Verbose""",Wordy | Concise | Talkative | Loquacious,B) Concise,"Verbose means using too many words. Concise means brief, the opposite.",rohanmistry231/CSE-Aptitude-Test-Practice-Hub,03 Verbal Ability (English Comprehension)/02 Intermediate/README.md
verbal-ability-intermediate-antonyms-0016,verbal-ability,Verbal Ability (English Comprehension),Antonyms,intermediate,"Find the antonym for ""Obsolete""",Outdated | Modern | Old | Ancient,B) Modern,Obsolete means no longer in use. Modern is the opposite.,rohanmistry231/CSE-Aptitude-Test-Practice-Hub,03 Verbal Ability (English Comprehension)/02 Intermediate/README.md
verbal-ability-intermediate-antonyms-0017,verbal-ability,Verbal Ability (English Comprehension),Antonyms,intermediate,"Antonym for ""Zeal""",Passion | Apathy | Enthusiasm | Fervor,B) Apathy,"Zeal means great enthusiasm. Apathy means lack of interest, the opposite.",rohanmistry231/CSE-Aptitude-Test-Practice-Hub,03 Verbal Ability (English Comprehension)/02 Intermediate/README.md
verbal-ability-intermediate-antonyms-0018,verbal-ability,Verbal Ability (English Comprehension),Antonyms,intermediate,"Choose the antonym for ""Vindictive""",Spiteful | Forgiving | Malicious | Revengeful,B) Forgiving,Vindictive means seeking revenge. Forgiving is the opposite.,rohanmistry231/CSE-Aptitude-Test-Practice-Hub,03 Verbal Ability (English Comprehension)/02 Intermediate/README.md
verbal-ability-intermediate-antonyms-0019,verbal-ability,Verbal Ability (English Comprehension),Antonyms,intermediate,"Antonym for ""Candid""",Frank | Secretive | Honest | Straightforward,B) Secretive,"Candid means open and honest. Secretive means withholding information, the opposite.",rohanmistry231/CSE-Aptitude-Test-Practice-Hub,03 Verbal Ability (English Comprehension)/02 Intermediate/README.md
verbal-ability-intermediate-antonyms-0020,verbal-ability,Verbal Ability (English Comprehension),Antonyms,intermediate,"Find the antonym for ""Transient""",Fleeting | Permanent | Temporary | Brief,B) Permanent,Transient means short-lived. Permanent is the opposite.,rohanmistry231/CSE-Aptitude-Test-Practice-Hub,03 Verbal Ability (English Comprehension)/02 Intermediate/README.md
verbal-ability-intermediate-sentence-completion-0021,verbal-ability,Verbal Ability (English Comprehension),Sentence Completion,intermediate,"Despite his ______ demeanor, he was deeply concerned about the project’s success.",Enthusiastic | Nonchalant | Passionate | Eager,B) Nonchalant,Contrast with “deeply concerned” suggests a lack of outward emotion. Nonchalant (carefree) fits best.,rohanmistry231/CSE-Aptitude-Test-Practice-Hub,03 Verbal Ability (English Comprehension)/02 Intermediate/README.md
verbal-ability-intermediate-sentence-completion-0022,verbal-ability,Verbal Ability (English Comprehension),Sentence Completion,intermediate,The lecture was so ______ that many students lost interest.,Engaging | Tedious | Inspiring | Lively,B) Tedious,Losing interest implies boring content. Tedious is appropriate.,rohanmistry231/CSE-Aptitude-Test-Practice-Hub,03 Verbal Ability (English Comprehension)/02 Intermediate/README.md
verbal-ability-intermediate-sentence-completion-0023,verbal-ability,Verbal Ability (English Comprehension),Sentence Completion,intermediate,Her ______ approach to problem-solving earned her respect from colleagues.,Hasty | Methodical | Careless | Impulsive,B) Methodical,Earning respect suggests careful work. Methodical fits best.,rohanmistry231/CSE-Aptitude-Test-Practice-Hub,03 Verbal Ability (English Comprehension)/02 Intermediate/README.md
verbal-ability-intermediate-sentence-completion-0024,verbal-ability,Verbal Ability (English Comprehension),Sentence Completion,intermediate,The manager’s ______ decision led to unexpected profits.,Reckless | Astute | Foolish | Hasty,B) Astute,Unexpected profits imply a smart choice. Astute (shrewd) is appropriate.,rohanmistry231/CSE-Aptitude-Test-Practice-Hub,03 Verbal Ability (English Comprehension)/02 Intermediate/README.md
verbal-ability-intermediate-sentence-completion-0025,verbal-ability,Verbal Ability (English Comprehension),Sentence Completion,intermediate,The novel’s ______ plot kept readers engaged until the last page.,Predictable | Intricate | Simple | Boring,B) Intricate,Keeping readers engaged suggests complexity. Intricate fits best.,rohanmistry231/CSE-Aptitude-Test-Practice-Hub,03 Verbal Ability (English Comprehension)/02 Intermediate/README.md
verbal-ability-intermediate-sentence-completion-0026,verbal-ability,Verbal Ability (English Comprehension),Sentence Completion,intermediate,His ______ remarks offended the audience.,Polite | Caustic | Kind | Gentle,B) Caustic,Offending suggests harsh words. Caustic (biting) is appropriate.,rohanmistry231/CSE-Aptitude-Test-Practice-Hub,03 Verbal Ability (English Comprehension)/02 Intermediate/README.md
verbal-ability-intermediate-sentence-completion-0027,verbal-ability,Verbal Ability (English Comprehension),Sentence Completion,intermediate,The team’s ______ efforts resulted in a flawless presentation.,Disorganized | Concerted | Haphazard | Careless,B) Concerted,Flawless suggests coordinated work. Concerted fits best.,rohanmistry231/CSE-Aptitude-Test-Practice-Hub,03 Verbal Ability (English Comprehension)/02 Intermediate/README.md
verbal-ability-intermediate-sentence-completion-0028,verbal-ability,Verbal Ability (English Comprehension),Sentence Completion,intermediate,She handled the crisis with ______ composure.,Nervous | Remarkable | Fragile | Unsteady,B) Remarkable,Handling a crisis well suggests calmness. Remarkable fits best.,rohanmistry231/CSE-Aptitude-Test-Practice-Hub,03 Verbal Ability (English Comprehension)/02 Intermediate/README.md
verbal-ability-intermediate-sentence-completion-0029,verbal-ability,Verbal Ability (English Comprehension),Sentence Completion,intermediate,The politician’s ______ promises failed to convince voters.,Sincere | Hollow | Genuine | Heartfelt,B) Hollow,Failing to convince suggests lack of sincerity. Hollow is appropriate.,rohanmistry231/CSE-Aptitude-Test-Practice-Hub,03 Verbal Ability (English Comprehension)/02 Intermediate/README.md
verbal-ability-intermediate-sentence-completion-0030,verbal-ability,Verbal Ability (English Comprehension),Sentence Completion,intermediate,His ______ attitude made negotiations difficult.,Flexible | Inflexible | Cooperative | Amiable,B) Inflexible,Difficult negotiations suggest rigidity. Inflexible fits best.,rohanmistry231/CSE-Aptitude-Test-Practice-Hub,03 Verbal Ability (English Comprehension)/02 Intermediate/README.md
verbal-ability-intermediate-spotting-errors-0031,verbal-ability,Verbal Ability (English Comprehension),Spotting Errors,intermediate,Identify the error: Neither of the boys *have* finished their work.,have → has | None of the above | Both have → has... and alternative | Insufficient data,have → has,"“Neither” is singular, requiring “has.” Error: *have*.",rohanmistry231/CSE-Aptitude-Test-Practice-Hub,03 Verbal Ability (English Comprehension)/02 Intermediate/README.md
verbal-ability-intermediate-spotting-errors-0032,verbal-ability,Verbal Ability (English Comprehension),Spotting Errors,intermediate,Find the error: She *lay* the book on the table yesterday.,lay → laid | None of the above | Both lay → laid... and alternative | Insufficient data,lay → laid,"Past tense of “lie” (recline) is “lay”; for “place,” use “laid.” Error: *lay*.",rohanmistry231/CSE-Aptitude-Test-Practice-Hub,03 Verbal Ability (English Comprehension)/02 Intermediate/README.md
verbal-ability-intermediate-spotting-errors-0033,verbal-ability,Verbal Ability (English Comprehension),Spotting Errors,intermediate,Spot the error: The team *comprises* of five members.,of → remove of | None of the above | Both of → remove of... and alternative | Insufficient data,of → remove of,"“Comprises” means includes, not followed by “of.” Error: *of*.",rohanmistry231/CSE-Aptitude-Test-Practice-Hub,03 Verbal Ability (English Comprehension)/02 Intermediate/README.md
verbal-ability-intermediate-spotting-errors-0034,verbal-ability,Verbal Ability (English Comprehension),Spotting Errors,intermediate,Identify the error: He is *more* interested in games than *study*.,study → studying | None of the above | Both study → studyin... and alternative | Insufficient data,study → studying,Parallel structure requires “studying” or “studies.” Error: *study*.,rohanmistry231/CSE-Aptitude-Test-Practice-Hub,03 Verbal Ability (English Comprehension)/02 Intermediate/README.md
verbal-ability-intermediate-spotting-errors-0035,verbal-ability,Verbal Ability (English Comprehension),Spotting Errors,intermediate,Find the error: Each of the students *were* given a book.,were → was | None of the above | Both were → was... and alternative | Insufficient data,were → was,"“Each” is singular, requiring “was.” Error: *were*.",rohanmistry231/CSE-Aptitude-Test-Practice-Hub,03 Verbal Ability (English Comprehension)/02 Intermediate/README.md
verbal-ability-intermediate-spotting-errors-0036,verbal-ability,Verbal Ability (English Comprehension),Spotting Errors,intermediate,Spot the error: She *has been* working here *since* five years.,since → for | None of the above | Both since → for... and alternative | Insufficient data,since → for,"“Since” refers to a point in time, not duration. Use “for.” Error: *since*.",rohanmistry231/CSE-Aptitude-Test-Practice-Hub,03 Verbal Ability (English Comprehension)/02 Intermediate/README.md
verbal-ability-intermediate-spotting-errors-0037,verbal-ability,Verbal Ability (English Comprehension),Spotting Errors,intermediate,Identify the error: The data *is* insufficient to draw conclusions.,is → are | None of the above | Both is → are... and alternative | Insufficient data,is → are,"“Data” is plural, requiring “are.” Error: *is*.",rohanmistry231/CSE-Aptitude-Test-Practice-Hub,03 Verbal Ability (English Comprehension)/02 Intermediate/README.md
verbal-ability-intermediate-spotting-errors-0038,verbal-ability,Verbal Ability (English Comprehension),Spotting Errors,intermediate,Find the error: He *insisted* to attend the meeting.,to → on | None of the above | Both to → on... and alternative | Insufficient data,to → on,"“Insist” is followed by “on” or a clause, not “to.” Error: *to*.",rohanmistry231/CSE-Aptitude-Test-Practice-Hub,03 Verbal Ability (English Comprehension)/02 Intermediate/README.md
verbal-ability-intermediate-spotting-errors-0039,verbal-ability,Verbal Ability (English Comprehension),Spotting Errors,intermediate,"Spot the error: The boy, along with his friends, *were* playing.",were → was | None of the above | Both were → was... and alternative | Insufficient data,were → was,"Subject “boy” is singular, requiring “was.” Error: *were*.",rohanmistry231/CSE-Aptitude-Test-Practice-Hub,03 Verbal Ability (English Comprehension)/02 Intermediate/README.md
verbal-ability-intermediate-spotting-errors-0040,verbal-ability,Verbal Ability (English Comprehension),Spotting Errors,intermediate,Identify the error: This is *one of the best book* I have read.,book → books | None of the above | Both book → books... and alternative | Insufficient data,book → books,“One of” refers to singular “book.” Error: *book*.,rohanmistry231/CSE-Aptitude-Test-Practice-Hub,03 Verbal Ability (English Comprehension)/02 Intermediate/README.md
verbal-ability-intermediate-reading-comprehension-0041,verbal-ability,Verbal Ability (English Comprehension),Reading Comprehension,intermediate,How has technology impacted education?,It has made learning more accessible through online platforms | None of the above | Both It has made lea... and alternative | Insufficient data,It has made learning more accessible through online platforms,It has transformed education by offering accessible online courses.,rohanmistry231/CSE-Aptitude-Test-Practice-Hub,03 Verbal Ability (English Comprehension)/02 Intermediate/README.md
verbal-ability-intermediate-reading-comprehension-0042,verbal-ability,Verbal Ability (English Comprehension),Reading Comprehension,intermediate,What is a drawback of digital learning?,Lack of personal interaction | None of the above | Both Lack of persona... and alternative | Insufficient data,Lack of personal interaction,It lacks personal interaction of traditional classrooms.,rohanmistry231/CSE-Aptitude-Test-Practice-Hub,03 Verbal Ability (English Comprehension)/02 Intermediate/README.md
verbal-ability-intermediate-reading-comprehension-0043,verbal-ability,Verbal Ability (English Comprehension),Reading Comprehension,intermediate,What is the most effective learning method according to studies?,Blended learning | None of the above | Both Blended learnin... and alternative | Insufficient data,Blended learning,"Blended learning, combining online and in-person methods.",rohanmistry231/CSE-Aptitude-Test-Practice-Hub,03 Verbal Ability (English Comprehension)/02 Intermediate/README.md
verbal-ability-intermediate-reading-comprehension-0044,verbal-ability,Verbal Ability (English Comprehension),Reading Comprehension,intermediate,What must teachers do to stay relevant?,Adapt to changes | None of the above | Both Adapt to change... and alternative | Insufficient data,Adapt to changes,Adapt to technological changes.,rohanmistry231/CSE-Aptitude-Test-Practice-Hub,03 Verbal Ability (English Comprehension)/02 Intermediate/README.md
verbal-ability-intermediate-reading-comprehension-0045,verbal-ability,Verbal Ability (English Comprehension),Reading Comprehension,intermediate,What do online platforms offer?,Courses from top universities. **Passage (Questions 56–60)**: Climate change is a pressing global issue. Rising temperatures lead to extreme weather events like floods and droughts. Governments must implement policies to reduce carbon emissions. Individuals can contribute by using public transport and reducing waste. Collective action is essential to mitigate its effects | Courses from top universities. **Passage (Questions 61–60)**: Climate change is a pressing global issue. Rising temperatures lead to extreme weather events like floods and droughts. Governments must implement policies to reduce carbon emissions. Individuals can contribute by using public transport and reducing waste. Collective action is essential to mitigate its effects | Courses from top universities. **Passage (Questions 53–60)**: Climate change is a pressing global issue. Rising temperatures lead to extreme weather events like floods and droughts. Governments must implement policies to reduce carbon emissions. Individuals can contribute by using public transport and reducing waste. Collective action is essential to mitigate its effects | Courses from top universities. **Passage (Questions 112–60)**: Climate change is a pressing global issue. Rising temperatures lead to extreme weather events like floods and droughts. Governments must implement policies to reduce carbon emissions. Individuals can contribute by using public transport and reducing waste. Collective action is essential to mitigate its effects,Courses from top universities. **Passage (Questions 56–60)**: Climate change is a pressing global issue. Rising temperatures lead to extreme weather events like floods and droughts. Governments must implement policies to reduce carbon emissions. Individuals can contribute by using public transport and reducing waste. Collective action is essential to mitigate its effects,Courses from top universities.,rohanmistry231/CSE-Aptitude-Test-Practice-Hub,03 Verbal Ability (English Comprehension)/02 Intermediate/README.md
verbal-ability-intermediate-reading-comprehension-0046,verbal-ability,Verbal Ability (English Comprehension),Reading Comprehension,intermediate,What is climate change described as?,A pressing global issue | None of the above | Both A pressing glob... and alternative | Insufficient data,A pressing global issue,A pressing global issue.,rohanmistry231/CSE-Aptitude-Test-Practice-Hub,03 Verbal Ability (English Comprehension)/02 Intermediate/README.md
verbal-ability-intermediate-reading-comprehension-0047,verbal-ability,Verbal Ability (English Comprehension),Reading Comprehension,intermediate,What are the effects of rising temperatures?,Floods and droughts | None of the above | Both Floods and drou... and alternative | Insufficient data,Floods and droughts,Extreme weather events like floods and droughts.,rohanmistry231/CSE-Aptitude-Test-Practice-Hub,03 Verbal Ability (English Comprehension)/02 Intermediate/README.md
verbal-ability-intermediate-reading-comprehension-0048,verbal-ability,Verbal Ability (English Comprehension),Reading Comprehension,intermediate,What should governments do to address climate change?,Reduce carbon emissions through policies | None of the above | Both Reduce carbon e... and alternative | Insufficient data,Reduce carbon emissions through policies,Implement policies to reduce carbon emissions.,rohanmistry231/CSE-Aptitude-Test-Practice-Hub,03 Verbal Ability (English Comprehension)/02 Intermediate/README.md
verbal-ability-intermediate-reading-comprehension-0049,verbal-ability,Verbal Ability (English Comprehension),Reading Comprehension,intermediate,How can individuals contribute to fighting climate change?,Use public transport and reduce waste | None of the above | Both Use public tran... and alternative | Insufficient data,Use public transport and reduce waste,Use public transport and reduce waste.,rohanmistry231/CSE-Aptitude-Test-Practice-Hub,03 Verbal Ability (English Comprehension)/02 Intermediate/README.md
verbal-ability-intermediate-reading-comprehension-0050,verbal-ability,Verbal Ability (English Comprehension),Reading Comprehension,intermediate,What is essential to mitigate climate change effects?,Collective action | None of the above | Both Collective acti... and alternative | Insufficient data,Collective action,Collective action.,rohanmistry231/CSE-Aptitude-Test-Practice-Hub,03 Verbal Ability (English Comprehension)/02 Intermediate/README.md
verbal-ability-intermediate-jumbled-sentences-0051,verbal-ability,Verbal Ability (English Comprehension),Jumbled Sentences,intermediate,Arrange: (A) delivered (B) the speaker (C) an inspiring (D) speech,B-A-C-D | None of the above | Both B-A-C-D... and alternative | Insufficient data,B-A-C-D,Subject-verb-object-adjective: The speaker delivered an inspiring speech.,rohanmistry231/CSE-Aptitude-Test-Practice-Hub,03 Verbal Ability (English Comprehension)/02 Intermediate/README.md
verbal-ability-intermediate-jumbled-sentences-0052,verbal-ability,Verbal Ability (English Comprehension),Jumbled Sentences,intermediate,Arrange: (A) the project (B) successfully (C) they (D) completed,C-D-A-B | None of the above | Both C-D-A-B... and alternative | Insufficient data,C-D-A-B,Subject-verb-object-adverb: They completed the project successfully.,rohanmistry231/CSE-Aptitude-Test-Practice-Hub,03 Verbal Ability (English Comprehension)/02 Intermediate/README.md
verbal-ability-intermediate-jumbled-sentences-0053,verbal-ability,Verbal Ability (English Comprehension),Jumbled Sentences,intermediate,Arrange: (A) in the garden (B) blooms (C) the rose (D) beautifully,C-B-D-A | None of the above | Both C-B-D-A... and alternative | Insufficient data,C-B-D-A,Subject-verb-place-adverb: The rose blooms beautifully in the garden.,rohanmistry231/CSE-Aptitude-Test-Practice-Hub,03 Verbal Ability (English Comprehension)/02 Intermediate/README.md
verbal-ability-intermediate-jumbled-sentences-0054,verbal-ability,Verbal Ability (English Comprehension),Jumbled Sentences,intermediate,Arrange: (A) every weekend (B) she (C) visits (D) her grandparents,B-C-D-A | None of the above | Both B-C-D-A... and alternative | Insufficient data,B-C-D-A,Subject-verb-object-time: She visits her grandparents every weekend.,rohanmistry231/CSE-Aptitude-Test-Practice-Hub,03 Verbal Ability (English Comprehension)/02 Intermediate/README.md
verbal-ability-intermediate-jumbled-sentences-0055,verbal-ability,Verbal Ability (English Comprehension),Jumbled Sentences,intermediate,Arrange: (A) with confidence (B) he (C) spoke (D) at the conference,B-C-D-A | None of the above | Both B-C-D-A... and alternative | Insufficient data,B-C-D-A,Subject-verb-place-adverb: He spoke at the conference with confidence.,rohanmistry231/CSE-Aptitude-Test-Practice-Hub,03 Verbal Ability (English Comprehension)/02 Intermediate/README.md
verbal-ability-intermediate-jumbled-sentences-0056,verbal-ability,Verbal Ability (English Comprehension),Jumbled Sentences,intermediate,Arrange: (A) the book (B) carefully (C) she (D) read,C-D-A-B | None of the above | Both C-D-A-B... and alternative | Insufficient data,C-D-A-B,Subject-verb-object-adverb: She read the book carefully.,rohanmistry231/CSE-Aptitude-Test-Practice-Hub,03 Verbal Ability (English Comprehension)/02 Intermediate/README.md
verbal-ability-intermediate-jumbled-sentences-0057,verbal-ability,Verbal Ability (English Comprehension),Jumbled Sentences,intermediate,Arrange: (A) to the team (B) the manager (C) gave (D) instructions,B-C-D-A | None of the above | Both B-C-D-A... and alternative | Insufficient data,B-C-D-A,Subject-verb-object-recipient: The manager gave instructions to the team.,rohanmistry231/CSE-Aptitude-Test-Practice-Hub,03 Verbal Ability (English Comprehension)/02 Intermediate/README.md
verbal-ability-intermediate-jumbled-sentences-0058,verbal-ability,Verbal Ability (English Comprehension),Jumbled Sentences,intermediate,Arrange: (A) in the sky (B) brightly (C) the stars (D) shine,C-D-B-A | None of the above | Both C-D-B-A... and alternative | Insufficient data,C-D-B-A,Subject-verb-place-adverb: The stars shine brightly in the sky.,rohanmistry231/CSE-Aptitude-Test-Practice-Hub,03 Verbal Ability (English Comprehension)/02 Intermediate/README.md
verbal-ability-intermediate-jumbled-sentences-0059,verbal-ability,Verbal Ability (English Comprehension),Jumbled Sentences,intermediate,Arrange: (A) the exam (B) with ease (C) he (D) passed,C-D-A-B | None of the above | Both C-D-A-B... and alternative | Insufficient data,C-D-A-B,Subject-verb-object-adverb: He passed the exam with ease.,rohanmistry231/CSE-Aptitude-Test-Practice-Hub,03 Verbal Ability (English Comprehension)/02 Intermediate/README.md
verbal-ability-intermediate-jumbled-sentences-0060,verbal-ability,Verbal Ability (English Comprehension),Jumbled Sentences,intermediate,Arrange: (A) every morning (B) the birds (C) sing (D) melodiously,B-C-D-A | None of the above | Both B-C-D-A... and alternative | Insufficient data,B-C-D-A,Subject-verb-adverb-time: The birds sing melodiously every morning.,rohanmistry231/CSE-Aptitude-Test-Practice-Hub,03 Verbal Ability (English Comprehension)/02 Intermediate/README.md
verbal-ability-intermediate-cloze-test-0061,verbal-ability,Verbal Ability (English Comprehension),Cloze Test,intermediate,Choose the word for __71__,Ignore | Explore | Avoid | Reject,B) Explore,Travelling involves discovering cultures. Explore fits best.,rohanmistry231/CSE-Aptitude-Test-Practice-Hub,03 Verbal Ability (English Comprehension)/02 Intermediate/README.md
verbal-ability-intermediate-cloze-test-0062,verbal-ability,Verbal Ability (English Comprehension),Cloze Test,intermediate,Choose the word for __72__,Narrows | Broadens | Limits | Restricts,B) Broadens,New experiences expand views. Broadens is appropriate.,rohanmistry231/CSE-Aptitude-Test-Practice-Hub,03 Verbal Ability (English Comprehension)/02 Intermediate/README.md
verbal-ability-intermediate-cloze-test-0063,verbal-ability,Verbal Ability (English Comprehension),Cloze Test,intermediate,Choose the word for __73__,Dislike | Appreciate | Criticize | Ignore,B) Appreciate,Learning suggests positive regard. Appreciate fits best.,rohanmistry231/CSE-Aptitude-Test-Practice-Hub,03 Verbal Ability (English Comprehension)/02 Intermediate/README.md
verbal-ability-intermediate-cloze-test-0064,verbal-ability,Verbal Ability (English Comprehension),Cloze Test,intermediate,Choose the word for __74__,Easy | Challenging | Simple | Effortless,B) Challenging,Poor planning leads to difficulties. Challenging is appropriate.,rohanmistry231/CSE-Aptitude-Test-Practice-Hub,03 Verbal Ability (English Comprehension)/02 Intermediate/README.md
verbal-ability-intermediate-cloze-test-0065,verbal-ability,Verbal Ability (English Comprehension),Cloze Test,intermediate,Choose the word for __75__,Budget | Destination | Luggage | Schedule,"B) Destination **Passage (Questions 76–80)**: Teamwork is __76__ in achieving success. It requires __77__ and mutual respect. Effective teams __78__ ideas openly. Conflicts may arise, but they can be __79__ through communication. A strong team __80__ great results",Researching a place suggests destination.,rohanmistry231/CSE-Aptitude-Test-Practice-Hub,03 Verbal Ability (English Comprehension)/02 Intermediate/README.md
verbal-ability-intermediate-cloze-test-0066,verbal-ability,Verbal Ability (English Comprehension),Cloze Test,intermediate,Choose the word for __76__,Irrelevant | Crucial | Optional | Unnecessary,B) Crucial,Teamwork is key to success. Crucial fits best.,rohanmistry231/CSE-Aptitude-Test-Practice-Hub,03 Verbal Ability (English Comprehension)/02 Intermediate/README.md
verbal-ability-intermediate-cloze-test-0067,verbal-ability,Verbal Ability (English Comprehension),Cloze Test,intermediate,Choose the word for __77__,Competition | Collaboration | Rivalry | Isolation,B) Collaboration,Teamwork involves working together. Collaboration is appropriate.,rohanmistry231/CSE-Aptitude-Test-Practice-Hub,03 Verbal Ability (English Comprehension)/02 Intermediate/README.md
verbal-ability-intermediate-cloze-test-0068,verbal-ability,Verbal Ability (English Comprehension),Cloze Test,intermediate,Choose the word for __78__,Suppress | Share | Hide | Ignore,B) Share,Effective teams exchange ideas. Share fits best.,rohanmistry231/CSE-Aptitude-Test-Practice-Hub,03 Verbal Ability (English Comprehension)/02 Intermediate/README.md
verbal-ability-intermediate-cloze-test-0069,verbal-ability,Verbal Ability (English Comprehension),Cloze Test,intermediate,Choose the word for __79__,Ignored | Resolved | Avoided | Escalated,B) Resolved,Communication handles conflicts. Resolved is appropriate.,rohanmistry231/CSE-Aptitude-Test-Practice-Hub,03 Verbal Ability (English Comprehension)/02 Intermediate/README.md
verbal-ability-intermediate-cloze-test-0070,verbal-ability,Verbal Ability (English Comprehension),Cloze Test,intermediate,Choose the word for __80__,Fails | Delivers | Misses | Avoids,B) Delivers,Strong teams succeed. Delivers fits best.,rohanmistry231/CSE-Aptitude-Test-Practice-Hub,03 Verbal Ability (English Comprehension)/02 Intermediate/README.md
verbal-ability-intermediate-idioms-phrases-0071,verbal-ability,Verbal Ability (English Comprehension),Idioms/Phrases,intermediate,Meaning of “Burn the midnight oil”,Waste time | Work late | Start early | Avoid work,B) Work late,Burn the midnight oil means working late into the night.,rohanmistry231/CSE-Aptitude-Test-Practice-Hub,03 Verbal Ability (English Comprehension)/02 Intermediate/README.md
verbal-ability-intermediate-idioms-phrases-0072,verbal-ability,Verbal Ability (English Comprehension),Idioms/Phrases,intermediate,Meaning of “Beat around the bush”,Speak directly | Avoid the main topic | Solve quickly | Act boldly,B) Avoid the main topic,Beat around the bush means avoiding the main issue.,rohanmistry231/CSE-Aptitude-Test-Practice-Hub,03 Verbal Ability (English Comprehension)/02 Intermediate/README.md
verbal-ability-intermediate-idioms-phrases-0073,verbal-ability,Verbal Ability (English Comprehension),Idioms/Phrases,intermediate,Meaning of “The apple doesn’t fall far from the tree”,Children are independent | Children resemble parents | Family is distant | Parents are strict,B) Children resemble parents,Means children are similar to parents.,rohanmistry231/CSE-Aptitude-Test-Practice-Hub,03 Verbal Ability (English Comprehension)/02 Intermediate/README.md
verbal-ability-intermediate-idioms-phrases-0074,verbal-ability,Verbal Ability (English Comprehension),Idioms/Phrases,intermediate,Meaning of “Put your best foot forward”,Make a mistake | Make a strong effort | Run away | Ignore tasks,B) Make a strong effort,Means to make your best effort.,rohanmistry231/CSE-Aptitude-Test-Practice-Hub,03 Verbal Ability (English Comprehension)/02 Intermediate/README.md
verbal-ability-intermediate-idioms-phrases-0075,verbal-ability,Verbal Ability (English Comprehension),Idioms/Phrases,intermediate,Meaning of “Bite off more than you can chew”,Take small tasks | Take on too much | Eat quickly | Share work,B) Take on too much,Means taking on more than you can handle.,rohanmistry231/CSE-Aptitude-Test-Practice-Hub,03 Verbal Ability (English Comprehension)/02 Intermediate/README.md
verbal-ability-intermediate-idioms-phrases-0076,verbal-ability,Verbal Ability (English Comprehension),Idioms/Phrases,intermediate,Meaning of “Cry over spilt milk”,Plan ahead | Regret the past | Celebrate success | Ignore mistakes,B) Regret the past,Means regretting something unchangeable.,rohanmistry231/CSE-Aptitude-Test-Practice-Hub,03 Verbal Ability (English Comprehension)/02 Intermediate/README.md
verbal-ability-intermediate-idioms-phrases-0077,verbal-ability,Verbal Ability (English Comprehension),Idioms/Phrases,intermediate,Meaning of “Every cloud has a silver lining”,Problems are unsolvable | Every problem has a positive aspect | Storms are dangerous | Optimism is foolish,B) Every problem has a positive aspect,Means every difficulty has a hopeful aspect.,rohanmistry231/CSE-Aptitude-Test-Practice-Hub,03 Verbal Ability (English Comprehension)/02 Intermediate/README.md
verbal-ability-intermediate-idioms-phrases-0078,verbal-ability,Verbal Ability (English Comprehension),Idioms/Phrases,intermediate,Meaning of “Throw in the towel”,Keep fighting | Give up | Start over | Work harder,B) Give up,Means to surrender or quit.,rohanmistry231/CSE-Aptitude-Test-Practice-Hub,03 Verbal Ability (English Comprehension)/02 Intermediate/README.md
verbal-ability-intermediate-idioms-phrases-0079,verbal-ability,Verbal Ability (English Comprehension),Idioms/Phrases,intermediate,Meaning of “Cut corners”,Work thoroughly | Take shortcuts | Plan carefully | Be honest,B) Take shortcuts,Means to do something in a cheaper or easier way.,rohanmistry231/CSE-Aptitude-Test-Practice-Hub,03 Verbal Ability (English Comprehension)/02 Intermediate/README.md
verbal-ability-intermediate-idioms-phrases-0080,verbal-ability,Verbal Ability (English Comprehension),Idioms/Phrases,intermediate,Meaning of “On the ball”,Confused | Alert and efficient | Lazy | Distracted,B) Alert and efficient,Means being quick and competent.,rohanmistry231/CSE-Aptitude-Test-Practice-Hub,03 Verbal Ability (English Comprehension)/02 Intermediate/README.md
verbal-ability-intermediate-verbal-analogies-0081,verbal-ability,Verbal Ability (English Comprehension),Verbal Analogies,intermediate,Symphony : Composer :: Painting : ?,Painter | None of the above | Both Painter... and alternative | Insufficient data,Painter,A symphony is created by a composer. A painting is created by a painter.,rohanmistry231/CSE-Aptitude-Test-Practice-Hub,03 Verbal Ability (English Comprehension)/02 Intermediate/README.md
verbal-ability-intermediate-verbal-analogies-0082,verbal-ability,Verbal Ability (English Comprehension),Verbal Analogies,intermediate,Feather : Bird :: Scale : ?,Fish | None of the above | Both Fish... and alternative | Insufficient data,Fish,Feathers cover birds; scales cover fish.,rohanmistry231/CSE-Aptitude-Test-Practice-Hub,03 Verbal Ability (English Comprehension)/02 Intermediate/README.md
verbal-ability-intermediate-verbal-analogies-0083,verbal-ability,Verbal Ability (English Comprehension),Verbal Analogies,intermediate,Library : Books :: Museum : ?,Artifacts | None of the above | Both Artifacts... and alternative | Insufficient data,Artifacts,A library contains books; a museum contains artifacts.,rohanmistry231/CSE-Aptitude-Test-Practice-Hub,03 Verbal Ability (English Comprehension)/02 Intermediate/README.md
verbal-ability-intermediate-verbal-analogies-0084,verbal-ability,Verbal Ability (English Comprehension),Verbal Analogies,intermediate,Hammer : Nail :: Screwdriver : ?,Screw | None of the above | Both Screw... and alternative | Insufficient data,Screw,A hammer drives a nail; a screwdriver drives a screw.,rohanmistry231/CSE-Aptitude-Test-Practice-Hub,03 Verbal Ability (English Comprehension)/02 Intermediate/README.md
verbal-ability-intermediate-verbal-analogies-0085,verbal-ability,Verbal Ability (English Comprehension),Verbal Analogies,intermediate,Doctor : Patient :: Lawyer : ?,Client | None of the above | Both Client... and alternative | Insufficient data,Client,A doctor treats a patient; a lawyer represents a client.,rohanmistry231/CSE-Aptitude-Test-Practice-Hub,03 Verbal Ability (English Comprehension)/02 Intermediate/README.md
verbal-ability-intermediate-verbal-analogies-0086,verbal-ability,Verbal Ability (English Comprehension),Verbal Analogies,intermediate,Ocean : Wave :: Desert : ?,Dune | None of the above | Both Dune... and alternative | Insufficient data,Dune,Oceans have waves as features. Deserts have dunes.,rohanmistry231/CSE-Aptitude-Test-Practice-Hub,03 Verbal Ability (English Comprehension)/02 Intermediate/README.md
verbal-ability-intermediate-verbal-analogies-0087,verbal-ability,Verbal Ability (English Comprehension),Verbal Analogies,intermediate,Key : Piano :: String : ?,Guitar | None of the above | Both Guitar... and alternative | Insufficient data,Guitar,Keys are used to play a piano. Strings are used to play a guitar.,rohanmistry231/CSE-Aptitude-Test-Practice-Hub,03 Verbal Ability (English Comprehension)/02 Intermediate/README.md
verbal-ability-intermediate-verbal-analogies-0088,verbal-ability,Verbal Ability (English Comprehension),Verbal Analogies,intermediate,Telescope : Astronomer :: Microscope : ?,Biologist | None of the above | Both Biologist... and alternative | Insufficient data,Biologist,A telescope is used by an astronomer. A microscope is used by a biologist.,rohanmistry231/CSE-Aptitude-Test-Practice-Hub,03 Verbal Ability (English Comprehension)/02 Intermediate/README.md
verbal-ability-intermediate-verbal-analogies-0089,verbal-ability,Verbal Ability (English Comprehension),Verbal Analogies,intermediate,Map : Geography :: Blueprint : ?,Architecture | None of the above | Both Architecture... and alternative | Insufficient data,Architecture,A map is a tool for geography. A blueprint is a tool for architecture.,rohanmistry231/CSE-Aptitude-Test-Practice-Hub,03 Verbal Ability (English Comprehension)/02 Intermediate/README.md
verbal-ability-intermediate-verbal-analogies-0090,verbal-ability,Verbal Ability (English Comprehension),Verbal Analogies,intermediate,Seed : Plant :: Egg : ?,Bird | None of the above | Both Bird... and alternative | Insufficient data,Bird,A seed grows into a plant. An egg develops into a bird.,rohanmistry231/CSE-Aptitude-Test-Practice-Hub,03 Verbal Ability (English Comprehension)/02 Intermediate/README.md
verbal-ability-advanced-synonyms-0001,verbal-ability,Verbal Ability (English Comprehension),Synonyms,advanced,"Choose the synonym for ""Acerbic""",Sweet | Caustic | Mild | Gentle,B) Caustic,"Acerbic means sharp or biting in tone. Caustic, meaning harshly critical, is the closest synonym.",rohanmistry231/CSE-Aptitude-Test-Practice-Hub,03 Verbal Ability (English Comprehension)/03 Advance/README.md
verbal-ability-advanced-synonyms-0002,verbal-ability,Verbal Ability (English Comprehension),Synonyms,advanced,"Find the synonym for ""Esoteric""",Common | Arcane | Accessible | Obvious,B) Arcane,"Esoteric means understood by few. Arcane, meaning mysterious or secret, is the closest synonym.",rohanmistry231/CSE-Aptitude-Test-Practice-Hub,03 Verbal Ability (English Comprehension)/03 Advance/README.md
verbal-ability-advanced-synonyms-0003,verbal-ability,Verbal Ability (English Comprehension),Synonyms,advanced,"Synonym for ""Nefarious""",Virtuous | Wicked | Honorable | Ethical,B) Wicked,Nefarious means despicable or evil. Wicked is the closest synonym.,rohanmistry231/CSE-Aptitude-Test-Practice-Hub,03 Verbal Ability (English Comprehension)/03 Advance/README.md
verbal-ability-advanced-synonyms-0004,verbal-ability,Verbal Ability (English Comprehension),Synonyms,advanced,"Choose the synonym for ""Obfuscate""",Clarify | Confuse | Simplify | Illuminate,B) Confuse,Obfuscate means to make unclear. Confuse is the closest synonym.,rohanmistry231/CSE-Aptitude-Test-Practice-Hub,03 Verbal Ability (English Comprehension)/03 Advance/README.md
verbal-ability-advanced-synonyms-0005,verbal-ability,Verbal Ability (English Comprehension),Synonyms,advanced,"Synonym for ""Propinquity""",Distance | Proximity | Isolation | Separation,B) Proximity,Propinquity means nearness or kinship. Proximity is the closest synonym.,rohanmistry231/CSE-Aptitude-Test-Practice-Hub,03 Verbal Ability (English Comprehension)/03 Advance/README.md
verbal-ability-advanced-synonyms-0006,verbal-ability,Verbal Ability (English Comprehension),Synonyms,advanced,"Find the synonym for ""Recalcitrant""",Compliant | Defiant | Obedient | Submissive,B) Defiant,Recalcitrant means stubbornly resistant. Defiant is the closest synonym.,rohanmistry231/CSE-Aptitude-Test-Practice-Hub,03 Verbal Ability (English Comprehension)/03 Advance/README.md
verbal-ability-advanced-synonyms-0007,verbal-ability,Verbal Ability (English Comprehension),Synonyms,advanced,"Synonym for ""Supercilious""",Humble | Arrogant | Modest | Courteous,B) Arrogant,Supercilious means haughty or disdainful. Arrogant is the closest synonym.,rohanmistry231/CSE-Aptitude-Test-Practice-Hub,03 Verbal Ability (English Comprehension)/03 Advance/README.md
verbal-ability-advanced-synonyms-0008,verbal-ability,Verbal Ability (English Comprehension),Synonyms,advanced,"Choose the synonym for ""Temerity""",Caution | Audacity | Prudence | Restraint,B) Audacity,Temerity means reckless boldness. Audacity is the closest synonym.,rohanmistry231/CSE-Aptitude-Test-Practice-Hub,03 Verbal Ability (English Comprehension)/03 Advance/README.md
verbal-ability-advanced-synonyms-0009,verbal-ability,Verbal Ability (English Comprehension),Synonyms,advanced,"Synonym for ""Ubiquitous""",Rare | Omnipresent | Scarce | Limited,B) Omnipresent,Ubiquitous means present everywhere. Omnipresent is the closest synonym.,rohanmistry231/CSE-Aptitude-Test-Practice-Hub,03 Verbal Ability (English Comprehension)/03 Advance/README.md
verbal-ability-advanced-synonyms-0010,verbal-ability,Verbal Ability (English Comprehension),Synonyms,advanced,"Find the synonym for ""Vituperative""",Complimentary | Abusive | Flattering | Kind,B) Abusive,Vituperative means bitterly critical. Abusive is the closest synonym.,rohanmistry231/CSE-Aptitude-Test-Practice-Hub,03 Verbal Ability (English Comprehension)/03 Advance/README.md
verbal-ability-advanced-antonyms-0011,verbal-ability,Verbal Ability (English Comprehension),Antonyms,advanced,"Choose the antonym for ""Aplomb""",Confidence | Fluster | Poise | Assurance,B) Fluster,"Aplomb means self-confidence. Fluster, meaning nervous agitation, is the opposite.",rohanmistry231/CSE-Aptitude-Test-Practice-Hub,03 Verbal Ability (English Comprehension)/03 Advance/README.md
verbal-ability-advanced-antonyms-0012,verbal-ability,Verbal Ability (English Comprehension),Antonyms,advanced,"Find the antonym for ""Cacophony""",Discord | Harmony | Noise | Clamor,B) Harmony,"Cacophony means harsh sound. Harmony, meaning pleasant sound, is the opposite.",rohanmistry231/CSE-Aptitude-Test-Practice-Hub,03 Verbal Ability (English Comprehension)/03 Advance/README.md
verbal-ability-advanced-antonyms-0013,verbal-ability,Verbal Ability (English Comprehension),Antonyms,advanced,"Antonym for ""Epiphany""",Revelation | Ignorance | Insight | Realization,B) Ignorance,"Epiphany means sudden understanding. Ignorance, meaning lack of knowledge, is the opposite.",rohanmistry231/CSE-Aptitude-Test-Practice-Hub,03 Verbal Ability (English Comprehension)/03 Advance/README.md
verbal-ability-advanced-antonyms-0014,verbal-ability,Verbal Ability (English Comprehension),Antonyms,advanced,"Choose the antonym for ""Magnanimous""",Generous | Petty | Noble | Charitable,B) Petty,"Magnanimous means generous in spirit. Petty, meaning small-minded, is the opposite.",rohanmistry231/CSE-Aptitude-Test-Practice-Hub,03 Verbal Ability (English Comprehension)/03 Advance/README.md
verbal-ability-advanced-antonyms-0015,verbal-ability,Verbal Ability (English Comprehension),Antonyms,advanced,"Antonym for ""Pernicious""",Harmful | Beneficial | Destructive | Toxic,B) Beneficial,"Pernicious means harmful. Beneficial, meaning helpful, is the opposite.",rohanmistry231/CSE-Aptitude-Test-Practice-Hub,03 Verbal Ability (English Comprehension)/03 Advance/README.md
verbal-ability-advanced-antonyms-0016,verbal-ability,Verbal Ability (English Comprehension),Antonyms,advanced,"Find the antonym for ""Quell""",Suppress | Incite | Pacify | Subdue,B) Incite,"Quell means to calm or suppress. Incite, meaning to stir up, is the opposite.",rohanmistry231/CSE-Aptitude-Test-Practice-Hub,03 Verbal Ability (English Comprehension)/03 Advance/README.md
verbal-ability-advanced-antonyms-0017,verbal-ability,Verbal Ability (English Comprehension),Antonyms,advanced,"Antonym for ""Reticent""",Reserved | Talkative | Silent | Restrained,B) Talkative,Reticent means reluctant to speak. Talkative is the opposite.,rohanmistry231/CSE-Aptitude-Test-Practice-Hub,03 Verbal Ability (English Comprehension)/03 Advance/README.md
verbal-ability-advanced-antonyms-0018,verbal-ability,Verbal Ability (English Comprehension),Antonyms,advanced,"Choose the antonym for ""Soporific""",Sleep-inducing | Stimulating | Sedative | Lulling,B) Stimulating,"Soporific means causing sleep. Stimulating, meaning energizing, is the opposite.",rohanmistry231/CSE-Aptitude-Test-Practice-Hub,03 Verbal Ability (English Comprehension)/03 Advance/README.md
verbal-ability-advanced-antonyms-0019,verbal-ability,Verbal Ability (English Comprehension),Antonyms,advanced,"Antonym for ""Turgid""",Swollen | Concise | Inflated | Bloated,B) Concise,"Turgid means overly complex or swollen. Concise, meaning brief, is the opposite.",rohanmistry231/CSE-Aptitude-Test-Practice-Hub,03 Verbal Ability (English Comprehension)/03 Advance/README.md
verbal-ability-advanced-antonyms-0020,verbal-ability,Verbal Ability (English Comprehension),Antonyms,advanced,"Find the antonym for ""Voracious""",Greedy | Restrained | Ravenous | Insatiable,B) Restrained,"Voracious means excessively eager. Restrained, meaning controlled, is the opposite.",rohanmistry231/CSE-Aptitude-Test-Practice-Hub,03 Verbal Ability (English Comprehension)/03 Advance/README.md
verbal-ability-advanced-sentence-completion-0021,verbal-ability,Verbal Ability (English Comprehension),Sentence Completion,advanced,"Her ______ critique, though harsh, was instrumental in refining the proposal.",Flattering | Incisive | Vague | Ambiguous,B) Incisive,Harsh but refining suggests sharp analysis. Incisive (penetrating) fits best.,rohanmistry231/CSE-Aptitude-Test-Practice-Hub,03 Verbal Ability (English Comprehension)/03 Advance/README.md
verbal-ability-advanced-sentence-completion-0022,verbal-ability,Verbal Ability (English Comprehension),Sentence Completion,advanced,The politician’s ______ rhetoric failed to address the economic concerns.,Cogent | Grandiloquent | Lucid | Persuasive,B) Grandiloquent,Failing to address concerns suggests exaggerated speech. Grandiloquent (pompous) fits best.,rohanmistry231/CSE-Aptitude-Test-Practice-Hub,03 Verbal Ability (English Comprehension)/03 Advance/README.md
verbal-ability-advanced-sentence-completion-0023,verbal-ability,Verbal Ability (English Comprehension),Sentence Completion,advanced,His ______ demeanor belied the complexity of his strategic thinking.,Arrogant | Unassuming | Ostentatious | Haughty,B) Unassuming,Contrast with complex thinking suggests simplicity. Unassuming fits best.,rohanmistry231/CSE-Aptitude-Test-Practice-Hub,03 Verbal Ability (English Comprehension)/03 Advance/README.md
verbal-ability-advanced-sentence-completion-0024,verbal-ability,Verbal Ability (English Comprehension),Sentence Completion,advanced,The novel’s ______ prose captivated readers with its depth and nuance.,Pedestrian | Eloquent | Trite | Banal,B) Eloquent,Captivating suggests expressive language. Eloquent fits best.,rohanmistry231/CSE-Aptitude-Test-Practice-Hub,03 Verbal Ability (English Comprehension)/03 Advance/README.md
verbal-ability-advanced-sentence-completion-0025,verbal-ability,Verbal Ability (English Comprehension),Sentence Completion,advanced,The scientist’s ______ hypothesis was met with skepticism by peers.,Conventional | Audacious | Orthodox | Traditional,B) Audacious,Skepticism suggests boldness. Audacious (daring) fits best.,rohanmistry231/CSE-Aptitude-Test-Practice-Hub,03 Verbal Ability (English Comprehension)/03 Advance/README.md
verbal-ability-advanced-sentence-completion-0026,verbal-ability,Verbal Ability (English Comprehension),Sentence Completion,advanced,Her ______ refusal to compromise frustrated the negotiators.,Flexible | Adamant | Amicable | Conciliatory,B) Adamant,Frustration suggests inflexibility. Adamant fits best.,rohanmistry231/CSE-Aptitude-Test-Practice-Hub,03 Verbal Ability (English Comprehension)/03 Advance/README.md
verbal-ability-advanced-sentence-completion-0027,verbal-ability,Verbal Ability (English Comprehension),Sentence Completion,advanced,The ______ atmosphere in the room made open discussion impossible.,Cordial | Acrimonious | Harmonious | Amiable,B) Acrimonious,Impossible discussion suggests hostility. Acrimonious fits best.,rohanmistry231/CSE-Aptitude-Test-Practice-Hub,03 Verbal Ability (English Comprehension)/03 Advance/README.md
verbal-ability-advanced-sentence-completion-0028,verbal-ability,Verbal Ability (English Comprehension),Sentence Completion,advanced,His ______ wit often diffused tense situations.,Caustic | Disarming | Sarcastic | Biting,B) Disarming,Diffusing tension suggests charm. Disarming fits best.,rohanmistry231/CSE-Aptitude-Test-Practice-Hub,03 Verbal Ability (English Comprehension)/03 Advance/README.md
verbal-ability-advanced-sentence-completion-0029,verbal-ability,Verbal Ability (English Comprehension),Sentence Completion,advanced,The policy’s ______ implications were overlooked during its hasty adoption.,Benign | Deleterious | Neutral | Beneficial,B) Deleterious,Overlooked suggests negative outcomes. Deleterious (harmful) fits best.,rohanmistry231/CSE-Aptitude-Test-Practice-Hub,03 Verbal Ability (English Comprehension)/03 Advance/README.md
verbal-ability-advanced-sentence-completion-0030,verbal-ability,Verbal Ability (English Comprehension),Sentence Completion,advanced,Her ______ approach to leadership fostered innovation among her team.,Autocratic | Visionary | Bureaucratic | Restrictive,B) Visionary,Fostering innovation suggests foresight. Visionary fits best.,rohanmistry231/CSE-Aptitude-Test-Practice-Hub,03 Verbal Ability (English Comprehension)/03 Advance/README.md
verbal-ability-advanced-spotting-errors-0031,verbal-ability,Verbal Ability (English Comprehension),Spotting Errors,advanced,Identify the error: The phenomena *is* being studied extensively.,is → are | None of the above | Both is → are... and alternative | Insufficient data,is → are,"“Phenomena” is plural, requiring “are.” Error: *is*.",rohanmistry231/CSE-Aptitude-Test-Practice-Hub,03 Verbal Ability (English Comprehension)/03 Advance/README.md
verbal-ability-advanced-spotting-errors-0032,verbal-ability,Verbal Ability (English Comprehension),Spotting Errors,advanced,Find the error: He *implied* that she was not *capable to* lead.,to → of | None of the above | Both to → of... and alternative | Insufficient data,to → of,"“Capable” is followed by “of,” not “to.” Error: *to*.",rohanmistry231/CSE-Aptitude-Test-Practice-Hub,03 Verbal Ability (English Comprehension)/03 Advance/README.md
verbal-ability-advanced-spotting-errors-0033,verbal-ability,Verbal Ability (English Comprehension),Spotting Errors,advanced,Spot the error: Neither the manager nor the employees *was* informed.,was → were | None of the above | Both was → were... and alternative | Insufficient data,was → were,"“Neither…nor” takes verb agreement with the closer subject “employees” (plural), requiring “were.” Error: *was*.",rohanmistry231/CSE-Aptitude-Test-Practice-Hub,03 Verbal Ability (English Comprehension)/03 Advance/README.md
verbal-ability-advanced-spotting-errors-0034,verbal-ability,Verbal Ability (English Comprehension),Spotting Errors,advanced,Identify the error: The company *has lain* dormant for years.,lain → laid | None of the above | Both lain → laid... and alternative | Insufficient data,lain → laid,"“Lie” (recline) past participle is “lain”; for “lay” (place), use “laid.” Error: *lain*.",rohanmistry231/CSE-Aptitude-Test-Practice-Hub,03 Verbal Ability (English Comprehension)/03 Advance/README.md
verbal-ability-advanced-spotting-errors-0035,verbal-ability,Verbal Ability (English Comprehension),Spotting Errors,advanced,Find the error: Who *did* you *speak* with yesterday?,who → whom | None of the above | Both who → whom... and alternative | Insufficient data,who → whom,"“Who” is correct, but “with” should precede “whom” in formal usage. Error: *who*.",rohanmistry231/CSE-Aptitude-Test-Practice-Hub,03 Verbal Ability (English Comprehension)/03 Advance/README.md
verbal-ability-advanced-spotting-errors-0036,verbal-ability,Verbal Ability (English Comprehension),Spotting Errors,advanced,Spot the error: The data *suggests* a strong correlation.,suggests → suggest | None of the above | Both suggests → sugg... and alternative | Insufficient data,suggests → suggest,"“Data” is plural, requiring “suggest.” Error: *suggests*.",rohanmistry231/CSE-Aptitude-Test-Practice-Hub,03 Verbal Ability (English Comprehension)/03 Advance/README.md
verbal-ability-advanced-spotting-errors-0037,verbal-ability,Verbal Ability (English Comprehension),Spotting Errors,advanced,Identify the error: She is *one of those* who *prefers* solitude.,prefers → prefer | None of the above | Both prefers → prefe... and alternative | Insufficient data,prefers → prefer,"“Who” refers to “those” (plural), requiring “prefer.” Error: *prefers*.",rohanmistry231/CSE-Aptitude-Test-Practice-Hub,03 Verbal Ability (English Comprehension)/03 Advance/README.md
verbal-ability-advanced-spotting-errors-0038,verbal-ability,Verbal Ability (English Comprehension),Spotting Errors,advanced,Find the error: He *alluded* that the plan was flawed.,alluded → alluded to | None of the above | Both alluded → allud... and alternative | Insufficient data,alluded → alluded to,"“Allude” is intransitive, requiring “to.” Error: *alluded*.",rohanmistry231/CSE-Aptitude-Test-Practice-Hub,03 Verbal Ability (English Comprehension)/03 Advance/README.md
verbal-ability-advanced-spotting-errors-0039,verbal-ability,Verbal Ability (English Comprehension),Spotting Errors,advanced,Spot the error: The criteria *was* not met by the proposal.,was → were | None of the above | Both was → were... and alternative | Insufficient data,was → were,"“Criteria” is plural, requiring “were.” Error: *was*.",rohanmistry231/CSE-Aptitude-Test-Practice-Hub,03 Verbal Ability (English Comprehension)/03 Advance/README.md
verbal-ability-advanced-spotting-errors-0040,verbal-ability,Verbal Ability (English Comprehension),Spotting Errors,advanced,Identify the error: Less *workers* are needed due to automation.,less → fewer | None of the above | Both less → fewer... and alternative | Insufficient data,less → fewer,“Fewer” is used for countable nouns like “workers.” Error: *less*.,rohanmistry231/CSE-Aptitude-Test-Practice-Hub,03 Verbal Ability (English Comprehension)/03 Advance/README.md
verbal-ability-advanced-reading-comprehension-0041,verbal-ability,Verbal Ability (English Comprehension),Reading Comprehension,advanced,What is AI doing to industries?,Reshaping industries | None of the above | Both Reshaping indus... and alternative | Insufficient data,Reshaping industries,It is reshaping industries.,rohanmistry231/CSE-Aptitude-Test-Practice-Hub,03 Verbal Ability (English Comprehension)/03 Advance/README.md
verbal-ability-advanced-reading-comprehension-0042,verbal-ability,Verbal Ability (English Comprehension),Reading Comprehension,advanced,What enables predictive analytics in AI?,Machine learning models | None of the above | Both Machine learnin... and alternative | Insufficient data,Machine learning models,Machine learning models trained on vast datasets.,rohanmistry231/CSE-Aptitude-Test-Practice-Hub,03 Verbal Ability (English Comprehension)/03 Advance/README.md
verbal-ability-advanced-reading-comprehension-0043,verbal-ability,Verbal Ability (English Comprehension),Reading Comprehension,advanced,What are the ethical concerns mentioned?,Bias and privacy issues | None of the above | Both Bias and privac... and alternative | Insufficient data,Bias and privacy issues,Bias in algorithms and data privacy.,rohanmistry231/CSE-Aptitude-Test-Practice-Hub,03 Verbal Ability (English Comprehension)/03 Advance/README.md
verbal-ability-advanced-reading-comprehension-0044,verbal-ability,Verbal Ability (English Comprehension),Reading Comprehension,advanced,What is the status of regulatory frameworks for AI?,Evolving without global consensus | None of the above | Both Evolving withou... and alternative | Insufficient data,Evolving without global consensus,"They are evolving, but global consensus is elusive.",rohanmistry231/CSE-Aptitude-Test-Practice-Hub,03 Verbal Ability (English Comprehension)/03 Advance/README.md
verbal-ability-advanced-reading-comprehension-0045,verbal-ability,Verbal Ability (English Comprehension),Reading Comprehension,advanced,What is AI’s potential if deployed responsibly?,"Augment human capabilities. **Passage (Questions 56–60)**: Globalization has interconnected economies, fostering trade and cultural exchange. However, it exacerbates income inequality and environmental degradation. Critics argue that multinational corporations exploit developing nations, while proponents claim globalization drives innovation. Balancing economic growth with sustainability requires nuanced policies and international cooperation | Augment human capabilities. **Passage (Questions 61–60)**: Globalization has interconnected economies, fostering trade and cultural exchange. However, it exacerbates income inequality and environmental degradation. Critics argue that multinational corporations exploit developing nations, while proponents claim globalization drives innovation. Balancing economic growth with sustainability requires nuanced policies and international cooperation | Augment human capabilities. **Passage (Questions 53–60)**: Globalization has interconnected economies, fostering trade and cultural exchange. However, it exacerbates income inequality and environmental degradation. Critics argue that multinational corporations exploit developing nations, while proponents claim globalization drives innovation. Balancing economic growth with sustainability requires nuanced policies and international cooperation | Augment human capabilities. **Passage (Questions 112–60)**: Globalization has interconnected economies, fostering trade and cultural exchange. However, it exacerbates income inequality and environmental degradation. Critics argue that multinational corporations exploit developing nations, while proponents claim globalization drives innovation. Balancing economic growth with sustainability requires nuanced policies and international cooperation","Augment human capabilities. **Passage (Questions 56–60)**: Globalization has interconnected economies, fostering trade and cultural exchange. However, it exacerbates income inequality and environmental degradation. Critics argue that multinational corporations exploit developing nations, while proponents claim globalization drives innovation. Balancing economic growth with sustainability requires nuanced policies and international cooperation",To augment human capabilities.,rohanmistry231/CSE-Aptitude-Test-Practice-Hub,03 Verbal Ability (English Comprehension)/03 Advance/README.md
verbal-ability-advanced-reading-comprehension-0046,verbal-ability,Verbal Ability (English Comprehension),Reading Comprehension,advanced,What has globalization done to economies?,Interconnected economies | None of the above | Both Interconnected ... and alternative | Insufficient data,Interconnected economies,"Interconnected them, fostering trade and cultural exchange.",rohanmistry231/CSE-Aptitude-Test-Practice-Hub,03 Verbal Ability (English Comprehension)/03 Advance/README.md
verbal-ability-advanced-reading-comprehension-0047,verbal-ability,Verbal Ability (English Comprehension),Reading Comprehension,advanced,What negative effects does globalization have?,Increases inequality and environmental harm | None of the above | Both Increases inequ... and alternative | Insufficient data,Increases inequality and environmental harm,Exacerbates income inequality and environmental degradation.,rohanmistry231/CSE-Aptitude-Test-Practice-Hub,03 Verbal Ability (English Comprehension)/03 Advance/README.md
verbal-ability-advanced-reading-comprehension-0048,verbal-ability,Verbal Ability (English Comprehension),Reading Comprehension,advanced,What do critics say about multinational corporations?,Exploit developing nations | None of the above | Both Exploit develop... and alternative | Insufficient data,Exploit developing nations,They exploit developing nations.,rohanmistry231/CSE-Aptitude-Test-Practice-Hub,03 Verbal Ability (English Comprehension)/03 Advance/README.md
verbal-ability-advanced-reading-comprehension-0049,verbal-ability,Verbal Ability (English Comprehension),Reading Comprehension,advanced,What do proponents of globalization claim?,Drives innovation | None of the above | Both Drives innovati... and alternative | Insufficient data,Drives innovation,It drives innovation.,rohanmistry231/CSE-Aptitude-Test-Practice-Hub,03 Verbal Ability (English Comprehension)/03 Advance/README.md
verbal-ability-advanced-reading-comprehension-0050,verbal-ability,Verbal Ability (English Comprehension),Reading Comprehension,advanced,What is required to balance economic growth and sustainability?,Nuanced policies and cooperation | None of the above | Both Nuanced policie... and alternative | Insufficient data,Nuanced policies and cooperation,Nuanced policies and international cooperation.,rohanmistry231/CSE-Aptitude-Test-Practice-Hub,03 Verbal Ability (English Comprehension)/03 Advance/README.md
verbal-ability-advanced-jumbled-sentences-0051,verbal-ability,Verbal Ability (English Comprehension),Jumbled Sentences,advanced,"Arrange: (A) with remarkable (B) the scientist (C) presented (D) clarity, (E) her findings",B-C-E-A-D | None of the above | Both B-C-E-A-D... and alternative | Insufficient data,B-C-E-A-D,Subject-verb-object-adverb: The scientist presented her findings with remarkable clarity.,rohanmistry231/CSE-Aptitude-Test-Practice-Hub,03 Verbal Ability (English Comprehension)/03 Advance/README.md
verbal-ability-advanced-jumbled-sentences-0052,verbal-ability,Verbal Ability (English Comprehension),Jumbled Sentences,advanced,"Arrange: (A) despite (B) succeeded, (C) the team (D) challenges, (E) formidable",C-B-A-E-D | None of the above | Both C-B-A-E-D... and alternative | Insufficient data,C-B-A-E-D,Subject-verb-adverb-object: The team succeeded despite formidable challenges.,rohanmistry231/CSE-Aptitude-Test-Practice-Hub,03 Verbal Ability (English Comprehension)/03 Advance/README.md
verbal-ability-advanced-jumbled-sentences-0053,verbal-ability,Verbal Ability (English Comprehension),Jumbled Sentences,advanced,"Arrange: (A) the novel, (B) with intricate (C) captivated (D) readers, (E) plots",A-B-E-C-D | None of the above | Both A-B-E-C-D... and alternative | Insufficient data,A-B-E-C-D,"Subject-verb-object-adverb: The novel, with intricate plots, captivated readers.",rohanmistry231/CSE-Aptitude-Test-Practice-Hub,03 Verbal Ability (English Comprehension)/03 Advance/README.md
verbal-ability-advanced-jumbled-sentences-0054,verbal-ability,Verbal Ability (English Comprehension),Jumbled Sentences,advanced,"Arrange: (A) in crisis, (B) with composure, (C) she (D) handled (E) situations",C-D-E-A-B | None of the above | Both C-D-E-A-B... and alternative | Insufficient data,C-D-E-A-B,Subject-verb-object-adverb: She handled situations in crisis with composure.,rohanmistry231/CSE-Aptitude-Test-Practice-Hub,03 Verbal Ability (English Comprehension)/03 Advance/README.md
verbal-ability-advanced-jumbled-sentences-0055,verbal-ability,Verbal Ability (English Comprehension),Jumbled Sentences,advanced,"Arrange: (A) the policy, (B) with unintended (C) consequences, (D) was implemented, (E) severe",A-D-B-E-C | None of the above | Both A-D-B-E-C... and alternative | Insufficient data,A-D-B-E-C,Subject-verb-adverb-object: The policy was implemented with unintended severe consequences.,rohanmistry231/CSE-Aptitude-Test-Practice-Hub,03 Verbal Ability (English Comprehension)/03 Advance/README.md
verbal-ability-advanced-jumbled-sentences-0056,verbal-ability,Verbal Ability (English Comprehension),Jumbled Sentences,advanced,"Arrange: (A) the artist, (B) with bold (C) created, (D) strokes, (E) a masterpiece",A-B-D-C-E | None of the above | Both A-B-D-C-E... and alternative | Insufficient data,A-B-D-C-E,"Subject-verb-object-adverb: The artist, with bold strokes, created a masterpiece.",rohanmistry231/CSE-Aptitude-Test-Practice-Hub,03 Verbal Ability (English Comprehension)/03 Advance/README.md
verbal-ability-advanced-jumbled-sentences-0057,verbal-ability,Verbal Ability (English Comprehension),Jumbled Sentences,advanced,"Arrange: (A) the lecture, (B) with profound (C) inspired, (D) insights, (E) students",A-B-D-C-E | None of the above | Both A-B-D-C-E... and alternative | Insufficient data,A-B-D-C-E,"Subject-verb-object-adverb: The lecture, with profound insights, inspired students.",rohanmistry231/CSE-Aptitude-Test-Practice-Hub,03 Verbal Ability (English Comprehension)/03 Advance/README.md
verbal-ability-advanced-jumbled-sentences-0058,verbal-ability,Verbal Ability (English Comprehension),Jumbled Sentences,advanced,"Arrange: (A) with unwavering (B) he (C) pursued, (D) determination, (E) his goals",B-C-E-A-D | None of the above | Both B-C-E-A-D... and alternative | Insufficient data,B-C-E-A-D,Subject-verb-object-adverb: He pursued his goals with unwavering determination.,rohanmistry231/CSE-Aptitude-Test-Practice-Hub,03 Verbal Ability (English Comprehension)/03 Advance/README.md
verbal-ability-advanced-jumbled-sentences-0059,verbal-ability,Verbal Ability (English Comprehension),Jumbled Sentences,advanced,"Arrange: (A) the decision, (B) with far-reaching (C) was made, (D) implications, (E) hastily",A-C-E-B-D | None of the above | Both A-C-E-B-D... and alternative | Insufficient data,A-C-E-B-D,Subject-verb-adverb-object: The decision was made hastily with far-reaching implications.,rohanmistry231/CSE-Aptitude-Test-Practice-Hub,03 Verbal Ability (English Comprehension)/03 Advance/README.md
verbal-ability-advanced-jumbled-sentences-0060,verbal-ability,Verbal Ability (English Comprehension),Jumbled Sentences,advanced,"Arrange: (A) the debate, (B) with compelling (C) arguments, (D) concluded, (E) decisively",A-D-E-B-C | None of the above | Both A-D-E-B-C... and alternative | Insufficient data,A-D-E-B-C,Subject-verb-adverb-object: The debate concluded decisively with compelling arguments.,rohanmistry231/CSE-Aptitude-Test-Practice-Hub,03 Verbal Ability (English Comprehension)/03 Advance/README.md
verbal-ability-advanced-cloze-test-0061,verbal-ability,Verbal Ability (English Comprehension),Cloze Test,advanced,Choose the word for __71__,Commanding | Inspiring | Controlling | Directing,B) Inspiring,Shared vision suggests motivation. Inspiring fits best.,rohanmistry231/CSE-Aptitude-Test-Practice-Hub,03 Verbal Ability (English Comprehension)/03 Advance/README.md
verbal-ability-advanced-cloze-test-0062,verbal-ability,Verbal Ability (English Comprehension),Cloze Test,advanced,Choose the word for __72__,Undermine | Cultivate | Ignore | Suppress,B) Cultivate,Trust is built actively. Cultivate is appropriate.,rohanmistry231/CSE-Aptitude-Test-Practice-Hub,03 Verbal Ability (English Comprehension)/03 Advance/README.md
verbal-ability-advanced-cloze-test-0063,verbal-ability,Verbal Ability (English Comprehension),Cloze Test,advanced,Choose the word for __73__,Stability | Challenges | Routine | Predictability,B) Challenges,Resilience implies difficulties. Challenges fits best.,rohanmistry231/CSE-Aptitude-Test-Practice-Hub,03 Verbal Ability (English Comprehension)/03 Advance/README.md
verbal-ability-advanced-cloze-test-0064,verbal-ability,Verbal Ability (English Comprehension),Cloze Test,advanced,Choose the word for __74__,Indifference | Adherence | Resistance | Deviation,B) Adherence,Ethics requires commitment. Adherence is appropriate.,rohanmistry231/CSE-Aptitude-Test-Practice-Hub,03 Verbal Ability (English Comprehension)/03 Advance/README.md
verbal-ability-advanced-cloze-test-0065,verbal-ability,Verbal Ability (English Comprehension),Cloze Test,advanced,Choose the word for __75__,Amplified | Diminished | Sustained | Enhanced,"B) Diminished **Passage (Questions 76–80)**: Innovation drives progress but often __76__ resistance. New ideas challenge __77__ norms, causing discomfort. Successful innovators __78__ this opposition by demonstrating value. However, innovation must be __79__ with caution to avoid unintended consequences. Ultimately, it __80__ society forward",Lack of integrity weakens influence. Diminished fits best.,rohanmistry231/CSE-Aptitude-Test-Practice-Hub,03 Verbal Ability (English Comprehension)/03 Advance/README.md
verbal-ability-advanced-cloze-test-0066,verbal-ability,Verbal Ability (English Comprehension),Cloze Test,advanced,Choose the word for __76__,Eliminates | Encounters | Ignores | Bypasses,B) Encounters,Innovation faces obstacles. Encounters fits best.,rohanmistry231/CSE-Aptitude-Test-Practice-Hub,03 Verbal Ability (English Comprehension)/03 Advance/README.md
verbal-ability-advanced-cloze-test-0067,verbal-ability,Verbal Ability (English Comprehension),Cloze Test,advanced,Choose the word for __77__,Flexible | Established | Temporary | Evolving,B) Established,Norms resisted are set. Established is appropriate.,rohanmistry231/CSE-Aptitude-Test-Practice-Hub,03 Verbal Ability (English Comprehension)/03 Advance/README.md
verbal-ability-advanced-cloze-test-0068,verbal-ability,Verbal Ability (English Comprehension),Cloze Test,advanced,Choose the word for __78**,Avoid | Overcome | Accept | Dismiss,B) Overcome,Innovators address opposition. Overcome fits best.,rohanmistry231/CSE-Aptitude-Test-Practice-Hub,03 Verbal Ability (English Comprehension)/03 Advance/README.md
verbal-ability-advanced-cloze-test-0069,verbal-ability,Verbal Ability (English Comprehension),Cloze Test,advanced,Choose the word for __79**,Pursued | Tempered | Ignored | Accelerated,B) Tempered,Caution balances innovation. Tempered is appropriate.,rohanmistry231/CSE-Aptitude-Test-Practice-Hub,03 Verbal Ability (English Comprehension)/03 Advance/README.md
verbal-ability-advanced-cloze-test-0070,verbal-ability,Verbal Ability (English Comprehension),Cloze Test,advanced,Choose the word for __80__,Stagnates | Propels | Hinders | Delays,B) Propels,Innovation advances society. Propels fits best.,rohanmistry231/CSE-Aptitude-Test-Practice-Hub,03 Verbal Ability (English Comprehension)/03 Advance/README.md
verbal-ability-advanced-idioms-phrases-0071,verbal-ability,Verbal Ability (English Comprehension),Idioms/Phrases,advanced,Meaning of “Cast pearls before swine”,Share wisdom with the wise | Waste value on the unworthy | Teach valuable lessons | Reward the undeserving,B) Waste value on the unworthy,Means giving something valuable to those who don’t appreciate it.,rohanmistry231/CSE-Aptitude-Test-Practice-Hub,03 Verbal Ability (English Comprehension)/03 Advance/README.md
verbal-ability-advanced-idioms-phrases-0072,verbal-ability,Verbal Ability (English Comprehension),Idioms/Phrases,advanced,Meaning of “Gild the lily”,Improve something simple | Overembellish something already beautiful | Simplify a complex issue | Clarify a misunderstanding,B) Overembellish something already beautiful,Means adding unnecessary adornment.,rohanmistry231/CSE-Aptitude-Test-Practice-Hub,03 Verbal Ability (English Comprehension)/03 Advance/README.md
verbal-ability-advanced-idioms-phrases-0073,verbal-ability,Verbal Ability (English Comprehension),Idioms/Phrases,advanced,Meaning of “Hobson’s choice”,Multiple options | No real choice | Best option | Risky decision,B) No real choice,Means a choice where only one option is offered.,rohanmistry231/CSE-Aptitude-Test-Practice-Hub,03 Verbal Ability (English Comprehension)/03 Advance/README.md
verbal-ability-advanced-idioms-phrases-0074,verbal-ability,Verbal Ability (English Comprehension),Idioms/Phrases,advanced,Meaning of “In the doldrums”,Highly active | In a slump | Full of energy | Making progress,B) In a slump,Means in a state of stagnation or depression.,rohanmistry231/CSE-Aptitude-Test-Practice-Hub,03 Verbal Ability (English Comprehension)/03 Advance/README.md
verbal-ability-advanced-idioms-phrases-0075,verbal-ability,Verbal Ability (English Comprehension),Idioms/Phrases,advanced,Meaning of “Take the bull by the horns”,Avoid confrontation | Face a problem directly | Delay action | Delegate responsibility,B) Face a problem directly,Means to tackle a challenge head-on.,rohanmistry231/CSE-Aptitude-Test-Practice-Hub,03 Verbal Ability (English Comprehension)/03 Advance/README.md
verbal-ability-advanced-idioms-phrases-0076,verbal-ability,Verbal Ability (English Comprehension),Idioms/Phrases,advanced,Meaning of “A Pyrrhic victory”,Decisive win | Victory at great cost | Easy triumph | Shared success,B) Victory at great cost,Means a win that inflicts heavy losses.,rohanmistry231/CSE-Aptitude-Test-Practice-Hub,03 Verbal Ability (English Comprehension)/03 Advance/README.md
verbal-ability-advanced-idioms-phrases-0077,verbal-ability,Verbal Ability (English Comprehension),Idioms/Phrases,advanced,Meaning of “Bête noire”,Close friend | Object of dislike | Favorite hobby | Trusted ally,B) Object of dislike,Means something or someone strongly disliked.,rohanmistry231/CSE-Aptitude-Test-Practice-Hub,03 Verbal Ability (English Comprehension)/03 Advance/README.md
verbal-ability-advanced-idioms-phrases-0078,verbal-ability,Verbal Ability (English Comprehension),Idioms/Phrases,advanced,Meaning of “Run the gauntlet”,Escape danger | Face severe criticism | Win easily | Avoid challenges,B) Face severe criticism,Means enduring harsh trials or criticism.,rohanmistry231/CSE-Aptitude-Test-Practice-Hub,03 Verbal Ability (English Comprehension)/03 Advance/README.md
verbal-ability-advanced-idioms-phrases-0079,verbal-ability,Verbal Ability (English Comprehension),Idioms/Phrases,advanced,Meaning of “Turn a blind eye”,Pay close attention | Ignore deliberately | Investigate thoroughly | Act cautiously,B) Ignore deliberately,Means to pretend not to notice.,rohanmistry231/CSE-Aptitude-Test-Practice-Hub,03 Verbal Ability (English Comprehension)/03 Advance/README.md
verbal-ability-advanced-idioms-phrases-0080,verbal-ability,Verbal Ability (English Comprehension),Idioms/Phrases,advanced,Meaning of “Wear your heart on your sleeve”,Hide emotions | Show emotions openly | Act rationally | Suppress feelings,B) Show emotions openly,Means to display emotions openly.,rohanmistry231/CSE-Aptitude-Test-Practice-Hub,03 Verbal Ability (English Comprehension)/03 Advance/README.md
verbal-ability-advanced-verbal-analogies-0081,verbal-ability,Verbal Ability (English Comprehension),Verbal Analogies,advanced,Lexicon : Words :: Palette : ?,Colors | None of the above | Both Colors... and alternative | Insufficient data,Colors,A lexicon contains words for language; a palette contains colors for painting.,rohanmistry231/CSE-Aptitude-Test-Practice-Hub,03 Verbal Ability (English Comprehension)/03 Advance/README.md
verbal-ability-advanced-verbal-analogies-0082,verbal-ability,Verbal Ability (English Comprehension),Verbal Analogies,advanced,Symphony : Orchestra :: Theorem : ?,Mathematician | None of the above | Both Mathematician... and alternative | Insufficient data,Mathematician,A symphony is performed by an orchestra; a theorem is developed by a mathematician.,rohanmistry231/CSE-Aptitude-Test-Practice-Hub,03 Verbal Ability (English Comprehension)/03 Advance/README.md
verbal-ability-advanced-verbal-analogies-0083,verbal-ability,Verbal Ability (English Comprehension),Verbal Analogies,advanced,Compass : Navigation :: Sextant : ?,Astronomy | None of the above | Both Astronomy... and alternative | Insufficient data,Astronomy,A compass aids navigation; a sextant aids astronomy (for navigation).,rohanmistry231/CSE-Aptitude-Test-Practice-Hub,03 Verbal Ability (English Comprehension)/03 Advance/README.md
verbal-ability-advanced-verbal-analogies-0084,verbal-ability,Verbal Ability (English Comprehension),Verbal Analogies,advanced,Glacier : Ice :: Volcano : ?,Lava | None of the above | Both Lava... and alternative | Insufficient data,Lava,A glacier is composed of ice; a volcano is composed of lava.,rohanmistry231/CSE-Aptitude-Test-Practice-Hub,03 Verbal Ability (English Comprehension)/03 Advance/README.md
verbal-ability-advanced-verbal-analogies-0085,verbal-ability,Verbal Ability (English Comprehension),Verbal Analogies,advanced,Canvas : Painter :: Manuscript : ?,Writer | None of the above | Both Writer... and alternative | Insufficient data,Writer,A canvas is a painter’s medium; a manuscript is a writer’s medium.,rohanmistry231/CSE-Aptitude-Test-Practice-Hub,03 Verbal Ability (English Comprehension)/03 Advance/README.md
verbal-ability-advanced-verbal-analogies-0086,verbal-ability,Verbal Ability (English Comprehension),Verbal Analogies,advanced,Neuron : Brain :: Circuit : ?,Computer | None of the above | Both Computer... and alternative | Insufficient data,Computer,Neurons are units of the brain; circuits are units of a computer.,rohanmistry231/CSE-Aptitude-Test-Practice-Hub,03 Verbal Ability (English Comprehension)/03 Advance/README.md
verbal-ability-advanced-verbal-analogies-0087,verbal-ability,Verbal Ability (English Comprehension),Verbal Analogies,advanced,Rudder : Ship :: Joystick : ?,Aircraft | None of the above | Both Aircraft... and alternative | Insufficient data,Aircraft,A rudder controls a ship’s direction; a joystick controls an aircraft’s direction.,rohanmistry231/CSE-Aptitude-Test-Practice-Hub,03 Verbal Ability (English Comprehension)/03 Advance/README.md
verbal-ability-advanced-verbal-analogies-0088,verbal-ability,Verbal Ability (English Comprehension),Verbal Analogies,advanced,Microscope : Cell :: Telescope : ?,Stars | None of the above | Both Stars... and alternative | Insufficient data,Stars,A microscope reveals cells; a telescope reveals stars.,rohanmistry231/CSE-Aptitude-Test-Practice-Hub,03 Verbal Ability (English Comprehension)/03 Advance/README.md
verbal-ability-advanced-verbal-analogies-0089,verbal-ability,Verbal Ability (English Comprehension),Verbal Analogies,advanced,Algorithm : Programming :: Recipe : ?,Cooking | None of the above | Both Cooking... and alternative | Insufficient data,Cooking,An algorithm is a procedure in programming; a recipe is a procedure in cooking.,rohanmistry231/CSE-Aptitude-Test-Practice-Hub,03 Verbal Ability (English Comprehension)/03 Advance/README.md
verbal-ability-advanced-verbal-analogies-0090,verbal-ability,Verbal Ability (English Comprehension),Verbal Analogies,advanced,Anvil : Blacksmith :: Beaker : ?,Chemist | None of the above | Both Chemist... and alternative | Insufficient data,Chemist,An anvil is a tool for a blacksmith; a beaker is a tool for a chemist.,rohanmistry231/CSE-Aptitude-Test-Practice-Hub,03 Verbal Ability (English Comprehension)/03 Advance/README.md
data-interpretation-basic-table-based-questions-0001,data-interpretation,Data Interpretation and Analysis,Table-Based Questions,basic,"Data Context: Total sales = 200 + 250 + 300 + 350 = 1100 units

What is the total sales of Product A across all months?",1100 units | 1105 units | 1097 units | 2200 units,1100 units,Total sales = 200 + 250 + 300 + 350 = 1100 units.,rohanmistry231/CSE-Aptitude-Test-Practice-Hub,04 Data Interpretation and Analysis/01 Basic/README.md
data-interpretation-basic-table-based-questions-0002,data-interpretation,Data Interpretation and Analysis,Table-Based Questions,basic,Which product had the highest sales in February?,Product D | None of the above | Both Product D... and alternative | Insufficient data,Product D,"Feb sales: A (250), B (180), C (120), D (280), E (270). Highest is D (280).",rohanmistry231/CSE-Aptitude-Test-Practice-Hub,04 Data Interpretation and Analysis/01 Basic/README.md
data-interpretation-basic-table-based-questions-0003,data-interpretation,Data Interpretation and Analysis,Table-Based Questions,basic,"Data Context: Total sales = 150 + 180 + 200 + 220 = 750, Average = 750 ÷ 4 = 187

What is the average monthly sales of Product B?",187.5 units | 190 units | 186 units | 225 units,187.5 units,Total sales = 150 + 180 + 200 + 220 = 750. Average = 750 ÷ 4 = 187.5 units.,rohanmistry231/CSE-Aptitude-Test-Practice-Hub,04 Data Interpretation and Analysis/01 Basic/README.md
data-interpretation-basic-table-based-questions-0004,data-interpretation,Data Interpretation and Analysis,Table-Based Questions,basic,"Data Context: Increase = Apr (160) - Jan (100) = 60 units

By how much did Product C’s sales increase from Jan to Apr?",60 units | 65 units | 57 units | 120 units,60 units,Increase = Apr (160) - Jan (100) = 60 units.,rohanmistry231/CSE-Aptitude-Test-Practice-Hub,04 Data Interpretation and Analysis/01 Basic/README.md
data-interpretation-basic-table-based-questions-0005,data-interpretation,Data Interpretation and Analysis,Table-Based Questions,basic,"Data Context: Mar sales: A (300) + B (200) + C (140) + D (260) + E (290) = 1190 units

What is the total sales of all products in March?",1190 units | 1195 units | 1187 units | 2380 units,1190 units,Mar sales: A (300) + B (200) + C (140) + D (260) + E (290) = 1190 units.,rohanmistry231/CSE-Aptitude-Test-Practice-Hub,04 Data Interpretation and Analysis/01 Basic/README.md
data-interpretation-basic-table-based-questions-0006,data-interpretation,Data Interpretation and Analysis,Table-Based Questions,basic,Which product had the lowest sales in April?,Product C | None of the above | Both Product C... and alternative | Insufficient data,Product C,"Apr sales: A (350), B (220), C (160), D (240), E (310). Lowest is C (160).",rohanmistry231/CSE-Aptitude-Test-Practice-Hub,04 Data Interpretation and Analysis/01 Basic/README.md
data-interpretation-basic-table-based-questions-0007,data-interpretation,Data Interpretation and Analysis,Table-Based Questions,basic,"Data Context: Increase = 250 - 200 = 50, % Increase = (50 ÷ 200) × 100 = 25%

What is the percentage increase in Product A’s sales from Jan to Feb?",25% | 30% | 22% | 50%,25%,Increase = 250 - 200 = 50. % Increase = (50 ÷ 200) × 100 = 25%.,rohanmistry231/CSE-Aptitude-Test-Practice-Hub,04 Data Interpretation and Analysis/01 Basic/README.md
data-interpretation-basic-table-based-questions-0008,data-interpretation,Data Interpretation and Analysis,Table-Based Questions,basic,"Data Context: Feb (180) : Mar (200) = 180 : 200 = 9 : 10

What is the ratio of Product B’s sales in Feb to Mar?",9 : 10 | 14 : 10 | 6 : 10 | 18 : 10,9 : 10,Feb (180) : Mar (200) = 180 : 200 = 9 : 10.,rohanmistry231/CSE-Aptitude-Test-Practice-Hub,04 Data Interpretation and Analysis/01 Basic/README.md
data-interpretation-basic-table-based-questions-0009,data-interpretation,Data Interpretation and Analysis,Table-Based Questions,basic,"Data Context: Jan sales: D (300) + E (250) = 550 units

What is the total sales of Products D and E in Jan?",550 units | 555 units | 547 units | 1100 units,550 units,Jan sales: D (300) + E (250) = 550 units.,rohanmistry231/CSE-Aptitude-Test-Practice-Hub,04 Data Interpretation and Analysis/01 Basic/README.md
data-interpretation-basic-table-based-questions-0010,data-interpretation,Data Interpretation and Analysis,Table-Based Questions,basic,"Data Context: Total sales: Jan (1000), Feb (1100), Mar (1190), Apr (1280)

Which month had the highest total sales?",April **Table 2: Number of Students in Five Classes (A–E) in Two Years** | Class | 2022 | 2023 | |-------|------|------| | A | 40 | 50 | | B | 30 | 35 | | C | 50 | 45 | | D | 60 | 70 | | E | 20 | 25 | | April **Table 4: Number of Students in Five Classes (A–E) in Two Years** | Class | 2022 | 2023 | |-------|------|------| | A | 40 | 50 | | B | 30 | 35 | | C | 50 | 45 | | D | 60 | 70 | | E | 20 | 25 | | April **Table 1: Number of Students in Five Classes (A–E) in Two Years** | Class | 2022 | 2023 | |-------|------|------| | A | 40 | 50 | | B | 30 | 35 | | C | 50 | 45 | | D | 60 | 70 | | E | 20 | 25 | | April **Table 32: Number of Students in Five Classes (A–E) in Two Years** | Class | 2022 | 2023 | |-------|------|------| | A | 40 | 50 | | B | 30 | 35 | | C | 50 | 45 | | D | 60 | 70 | | E | 20 | 25 |,April **Table 2: Number of Students in Five Classes (A–E) in Two Years** | Class | 2022 | 2023 | |-------|------|------| | A | 40 | 50 | | B | 30 | 35 | | C | 50 | 45 | | D | 60 | 70 | | E | 20 | 25 |,"Total sales: Jan (1000), Feb (1100), Mar (1190), Apr (1280). Highest is Apr.",rohanmistry231/CSE-Aptitude-Test-Practice-Hub,04 Data Interpretation and Analysis/01 Basic/README.md
data-interpretation-basic-table-based-questions-0011,data-interpretation,Data Interpretation and Analysis,Table-Based Questions,basic,"Data Context: Total = 60 + 70 = 130 students

What is the total number of students in Class D across both years?",130 students | 135 students | 127 students | 260 students,130 students,Total = 60 + 70 = 130 students.,rohanmistry231/CSE-Aptitude-Test-Practice-Hub,04 Data Interpretation and Analysis/01 Basic/README.md
data-interpretation-basic-table-based-questions-0012,data-interpretation,Data Interpretation and Analysis,Table-Based Questions,basic,Which class had the highest number of students in 2023?,Class D | None of the above | Both Class D... and alternative | Insufficient data,Class D,"2023: A (50), B (35), C (45), D (70), E (25). Highest is D (70).",rohanmistry231/CSE-Aptitude-Test-Practice-Hub,04 Data Interpretation and Analysis/01 Basic/README.md
data-interpretation-basic-table-based-questions-0013,data-interpretation,Data Interpretation and Analysis,Table-Based Questions,basic,"Data Context: Total = 40 + 50 = 90, Average = 90 ÷ 2 = 45 students

What is the average number of students in Class A over the two years?",45 students | 50 students | 42 students | 90 students,45 students,Total = 40 + 50 = 90. Average = 90 ÷ 2 = 45 students.,rohanmistry231/CSE-Aptitude-Test-Practice-Hub,04 Data Interpretation and Analysis/01 Basic/README.md
data-interpretation-basic-table-based-questions-0014,data-interpretation,Data Interpretation and Analysis,Table-Based Questions,basic,"Data Context: Increase = 35 - 30 = 5 students

By how much did Class B’s student count increase from 2022 to 2023?",5 students | 7 students | 2 students | 10 students,5 students,Increase = 35 - 30 = 5 students.,rohanmistry231/CSE-Aptitude-Test-Practice-Hub,04 Data Interpretation and Analysis/01 Basic/README.md
data-interpretation-basic-table-based-questions-0015,data-interpretation,Data Interpretation and Analysis,Table-Based Questions,basic,"Data Context: Total = 40 + 30 + 50 + 60 + 20 = 200 students

What is the total number of students in 2022 across all classes?",200 students | 205 students | 197 students | 400 students,200 students,Total = 40 + 30 + 50 + 60 + 20 = 200 students.,rohanmistry231/CSE-Aptitude-Test-Practice-Hub,04 Data Interpretation and Analysis/01 Basic/README.md
data-interpretation-basic-table-based-questions-0016,data-interpretation,Data Interpretation and Analysis,Table-Based Questions,basic,Which class had the lowest number of students in 2022?,Class E | None of the above | Both Class E... and alternative | Insufficient data,Class E,"2022: A (40), B (30), C (50), D (60), E (20). Lowest is E (20).",rohanmistry231/CSE-Aptitude-Test-Practice-Hub,04 Data Interpretation and Analysis/01 Basic/README.md
data-interpretation-basic-table-based-questions-0017,data-interpretation,Data Interpretation and Analysis,Table-Based Questions,basic,"Data Context: Increase = 50 - 40 = 10, % Increase = (10 ÷ 40) × 100 = 25%

What is the percentage increase in Class A’s students from 2022 to 2023?",25% | 30% | 22% | 50%,25%,Increase = 50 - 40 = 10. % Increase = (10 ÷ 40) × 100 = 25%.,rohanmistry231/CSE-Aptitude-Test-Practice-Hub,04 Data Interpretation and Analysis/01 Basic/README.md
data-interpretation-basic-table-based-questions-0018,data-interpretation,Data Interpretation and Analysis,Table-Based Questions,basic,"Data Context: 2022 (50) : 2023 (45) = 50 : 45 = 10 : 9

What is the ratio of students in Class C in 2022 to 2023?",10 : 9 | 15 : 9 | 7 : 9 | 20 : 9,10 : 9,2022 (50) : 2023 (45) = 50 : 45 = 10 : 9.,rohanmistry231/CSE-Aptitude-Test-Practice-Hub,04 Data Interpretation and Analysis/01 Basic/README.md
data-interpretation-basic-table-based-questions-0019,data-interpretation,Data Interpretation and Analysis,Table-Based Questions,basic,"Data Context: 2023: A (50) + B (35) = 85 students

What is the total number of students in Classes A and B in 2023?",85 students | 90 students | 82 students | 170 students,85 students,2023: A (50) + B (35) = 85 students.,rohanmistry231/CSE-Aptitude-Test-Practice-Hub,04 Data Interpretation and Analysis/01 Basic/README.md
data-interpretation-basic-table-based-questions-0020,data-interpretation,Data Interpretation and Analysis,Table-Based Questions,basic,"Data Context: 2023: 50 + 35 + 45 + 70 + 25 = 225 students

Which year had more total students?",2023 | 2028 | 2020 | 4046,2023,2022: 200 students. 2023: 50 + 35 + 45 + 70 + 25 = 225 students. 2023 is higher.,rohanmistry231/CSE-Aptitude-Test-Practice-Hub,04 Data Interpretation and Analysis/01 Basic/README.md
data-interpretation-basic-bar-graph-based-questions-0021,data-interpretation,Data Interpretation and Analysis,Bar Graph-Based Questions,basic,"Bar Graph Context: Book Sales Data
- 2022 Total Sales: 500 books
- 2023 Total Sales: 560 books (Q1: 220, Q2: 160, Q3: 120, Q4: 60)

What is Company P’s total revenue over the three years?","$165,000 | $170,000 | $162,000 | $330,000","$165,000",Total = 50 + 55 + 60 = 165 ($1000).,rohanmistry231/CSE-Aptitude-Test-Practice-Hub,04 Data Interpretation and Analysis/01 Basic/README.md
data-interpretation-basic-bar-graph-based-questions-0022,data-interpretation,Data Interpretation and Analysis,Bar Graph-Based Questions,basic,"Bar Graph Context: Book Sales Data
- 2022 Total Sales: 500 books
- 2023 Total Sales: 560 books (Q1: 220, Q2: 160, Q3: 120, Q4: 60)

Which company had the highest revenue in 2020?",Company R | None of the above | Both Company R... and alternative | Insufficient data,Company R,"2020: P (55), Q (45), R (65), S (35). Highest is R (65).",rohanmistry231/CSE-Aptitude-Test-Practice-Hub,04 Data Interpretation and Analysis/01 Basic/README.md
data-interpretation-basic-bar-graph-based-questions-0023,data-interpretation,Data Interpretation and Analysis,Bar Graph-Based Questions,basic,"Bar Graph Context: Book Sales Data
- 2022 Total Sales: 500 books
- 2023 Total Sales: 560 books (Q1: 220, Q2: 160, Q3: 120, Q4: 60)

What is the average revenue of Company Q over the three years?","$45,000 | $50,000 | $42,000 | $90,000","$45,000",Total = 40 + 45 + 50 = 135. Average = 135 ÷ 3 = 45 ($1000).,rohanmistry231/CSE-Aptitude-Test-Practice-Hub,04 Data Interpretation and Analysis/01 Basic/README.md
data-interpretation-basic-bar-graph-based-questions-0024,data-interpretation,Data Interpretation and Analysis,Bar Graph-Based Questions,basic,"Bar Graph Context: Book Sales Data
- 2022 Total Sales: 500 books
- 2023 Total Sales: 560 books (Q1: 220, Q2: 160, Q3: 120, Q4: 60)

By how much did Company S’s revenue increase from 2019 to 2021?","$10,000 | $15,000 | $7,000 | $20,000","$10,000",Increase = 40 - 30 = 10 ($1000).,rohanmistry231/CSE-Aptitude-Test-Practice-Hub,04 Data Interpretation and Analysis/01 Basic/README.md
data-interpretation-basic-bar-graph-based-questions-0025,data-interpretation,Data Interpretation and Analysis,Bar Graph-Based Questions,basic,"Bar Graph Context: Book Sales Data
- 2022 Total Sales: 500 books
- 2023 Total Sales: 560 books (Q1: 220, Q2: 160, Q3: 120, Q4: 60)

What is the total revenue of all companies in 2019?","$180,000 | $185,000 | $177,000 | $360,000","$180,000",2019: 50 + 40 + 60 + 30 = 180 ($1000).,rohanmistry231/CSE-Aptitude-Test-Practice-Hub,04 Data Interpretation and Analysis/01 Basic/README.md
data-interpretation-basic-bar-graph-based-questions-0026,data-interpretation,Data Interpretation and Analysis,Bar Graph-Based Questions,basic,"Bar Graph Context: Book Sales Data
- 2022 Total Sales: 500 books
- 2023 Total Sales: 560 books (Q1: 220, Q2: 160, Q3: 120, Q4: 60)

Which company had the lowest revenue in 2021?",Company S | None of the above | Both Company S... and alternative | Insufficient data,Company S,"2021: P (60), Q (50), R (70), S (40). Lowest is S (40).",rohanmistry231/CSE-Aptitude-Test-Practice-Hub,04 Data Interpretation and Analysis/01 Basic/README.md
data-interpretation-basic-bar-graph-based-questions-0027,data-interpretation,Data Interpretation and Analysis,Bar Graph-Based Questions,basic,"Bar Graph Context: Book Sales Data
- 2022 Total Sales: 500 books
- 2023 Total Sales: 560 books (Q1: 220, Q2: 160, Q3: 120, Q4: 60)

What is the percentage increase in Company P’s revenue from 2019 to 2020?",10% | 15% | 7% | 20%,10%,Increase = 55 - 50 = 5. % Increase = (5 ÷ 50) × 100 = 10%.,rohanmistry231/CSE-Aptitude-Test-Practice-Hub,04 Data Interpretation and Analysis/01 Basic/README.md
data-interpretation-basic-bar-graph-based-questions-0028,data-interpretation,Data Interpretation and Analysis,Bar Graph-Based Questions,basic,"Bar Graph Context: Book Sales Data
- 2022 Total Sales: 500 books
- 2023 Total Sales: 560 books (Q1: 220, Q2: 160, Q3: 120, Q4: 60)

What is the ratio of Company Q’s revenue in 2020 to 2021?",9 : 10 | 14 : 10 | 6 : 10 | 18 : 10,9 : 10,2020 (45) : 2021 (50) = 45 : 50 = 9 : 10.,rohanmistry231/CSE-Aptitude-Test-Practice-Hub,04 Data Interpretation and Analysis/01 Basic/README.md
data-interpretation-basic-bar-graph-based-questions-0029,data-interpretation,Data Interpretation and Analysis,Bar Graph-Based Questions,basic,"Bar Graph Context: Book Sales Data
- 2022 Total Sales: 500 books
- 2023 Total Sales: 560 books (Q1: 220, Q2: 160, Q3: 120, Q4: 60)

What is the total revenue of Companies R and S in 2020?","$100,000 | $105,000 | $97,000 | $200,000","$100,000",2020: R (65) + S (35) = 100 ($1000).,rohanmistry231/CSE-Aptitude-Test-Practice-Hub,04 Data Interpretation and Analysis/01 Basic/README.md
data-interpretation-basic-bar-graph-based-questions-0030,data-interpretation,Data Interpretation and Analysis,Bar Graph-Based Questions,basic,"Bar Graph Context: Book Sales Data
- 2022 Total Sales: 500 books
- 2023 Total Sales: 560 books (Q1: 220, Q2: 160, Q3: 120, Q4: 60)

Which year had the highest total revenue?","2021 **Bar Graph 2: Number of Books Sold by Four Genres (2022–2023)** - 2022: Fiction (200), Non-Fiction (150), Mystery (100), Sci-Fi (50) - 2023: Fiction (220), Non-Fiction (160), Mystery (120), Sci-Fi (60) | 2026 **Bar Graph 2: Number of Books Sold by Four Genres (2022–2023)** - 2022: Fiction (200), Non-Fiction (150), Mystery (100), Sci-Fi (50) - 2023: Fiction (220), Non-Fiction (160), Mystery (120), Sci-Fi (60) | 2018 **Bar Graph 2: Number of Books Sold by Four Genres (2022–2023)** - 2022: Fiction (200), Non-Fiction (150), Mystery (100), Sci-Fi (50) - 2023: Fiction (220), Non-Fiction (160), Mystery (120), Sci-Fi (60) | 4042 **Bar Graph 2: Number of Books Sold by Four Genres (2022–2023)** - 2022: Fiction (200), Non-Fiction (150), Mystery (100), Sci-Fi (50) - 2023: Fiction (220), Non-Fiction (160), Mystery (120), Sci-Fi (60)","2021 **Bar Graph 2: Number of Books Sold by Four Genres (2022–2023)** - 2022: Fiction (200), Non-Fiction (150), Mystery (100), Sci-Fi (50) - 2023: Fiction (220), Non-Fiction (160), Mystery (120), Sci-Fi (60)",2019: 180. 2020: 55 + 45 + 65 + 35 = 200. 2021: 60 + 50 + 70 + 40 = 220 ($1000). Highest is 2021.,rohanmistry231/CSE-Aptitude-Test-Practice-Hub,04 Data Interpretation and Analysis/01 Basic/README.md
data-interpretation-basic-bar-graph-based-questions-0031,data-interpretation,Data Interpretation and Analysis,Bar Graph-Based Questions,basic,"Bar Graph Context: Book Sales Data
- 2022 Total Sales: 500 books
- 2023 Total Sales: 560 books (Q1: 220, Q2: 160, Q3: 120, Q4: 60)

What is the total number of Fiction books sold over the two years?",420 books | 425 books | 417 books | 840 books,420 books,Total = 200 + 220 = 420 books.,rohanmistry231/CSE-Aptitude-Test-Practice-Hub,04 Data Interpretation and Analysis/01 Basic/README.md
data-interpretation-basic-bar-graph-based-questions-0032,data-interpretation,Data Interpretation and Analysis,Bar Graph-Based Questions,basic,"Bar Graph Context: Book Sales Data
- 2022 Total Sales: 500 books
- 2023 Total Sales: 560 books (Q1: 220, Q2: 160, Q3: 120, Q4: 60)

Which genre sold the most books in 2023?",Fiction | None of the above | Both Fiction... and alternative | Insufficient data,Fiction,"2023: Fiction (220), Non-Fiction (160), Mystery (120), Sci-Fi (60). Highest is Fiction.",rohanmistry231/CSE-Aptitude-Test-Practice-Hub,04 Data Interpretation and Analysis/01 Basic/README.md
data-interpretation-basic-bar-graph-based-questions-0033,data-interpretation,Data Interpretation and Analysis,Bar Graph-Based Questions,basic,"Bar Graph Context: Book Sales Data
- 2022 Total Sales: 500 books
- 2023 Total Sales: 560 books (Q1: 220, Q2: 160, Q3: 120, Q4: 60)

What is the average number of Mystery books sold over the two years?",110 books | 115 books | 107 books | 220 books,110 books,Total = 100 + 120 = 220. Average = 220 ÷ 2 = 110 books.,rohanmistry231/CSE-Aptitude-Test-Practice-Hub,04 Data Interpretation and Analysis/01 Basic/README.md
data-interpretation-basic-bar-graph-based-questions-0034,data-interpretation,Data Interpretation and Analysis,Bar Graph-Based Questions,basic,"Bar Graph Context: Book Sales Data
- 2022 Total Sales: 500 books
- 2023 Total Sales: 560 books (Q1: 220, Q2: 160, Q3: 120, Q4: 60)

By how many books did Sci-Fi sales increase from 2022 to 2023?",10 books | 15 books | 7 books | 20 books,10 books,Increase = 60 - 50 = 10 books.,rohanmistry231/CSE-Aptitude-Test-Practice-Hub,04 Data Interpretation and Analysis/01 Basic/README.md
data-interpretation-basic-bar-graph-based-questions-0035,data-interpretation,Data Interpretation and Analysis,Bar Graph-Based Questions,basic,"Bar Graph Context: Book Sales Data
- 2022 Total Sales: 500 books
- 2023 Total Sales: 560 books (Q1: 220, Q2: 160, Q3: 120, Q4: 60)

What is the total number of books sold in 2022?",500 books | 505 books | 497 books | 1000 books,500 books,2022: 200 + 150 + 100 + 50 = 500 books.,rohanmistry231/CSE-Aptitude-Test-Practice-Hub,04 Data Interpretation and Analysis/01 Basic/README.md
data-interpretation-basic-bar-graph-based-questions-0036,data-interpretation,Data Interpretation and Analysis,Bar Graph-Based Questions,basic,"Bar Graph Context: Book Sales Data
- 2022 Total Sales: 500 books
- 2023 Total Sales: 560 books (Q1: 220, Q2: 160, Q3: 120, Q4: 60)

Which genre sold the fewest books in 2022?",Sci-Fi | None of the above | Both Sci-Fi... and alternative | Insufficient data,Sci-Fi,"2022: Fiction (200), Non-Fiction (150), Mystery (100), Sci-Fi (50). Lowest is Sci-Fi.",rohanmistry231/CSE-Aptitude-Test-Practice-Hub,04 Data Interpretation and Analysis/01 Basic/README.md
data-interpretation-basic-bar-graph-based-questions-0037,data-interpretation,Data Interpretation and Analysis,Bar Graph-Based Questions,basic,"Bar Graph Context: Book Sales Data
- 2022 Total Sales: 500 books
- 2023 Total Sales: 560 books (Q1: 220, Q2: 160, Q3: 120, Q4: 60)

What is the percentage increase in Fiction sales from 2022 to 2023?",10% | 15% | 7% | 20%,10%,Increase = 220 - 200 = 20. % Increase = (20 ÷ 200) × 100 = 10%.,rohanmistry231/CSE-Aptitude-Test-Practice-Hub,04 Data Interpretation and Analysis/01 Basic/README.md
data-interpretation-basic-bar-graph-based-questions-0038,data-interpretation,Data Interpretation and Analysis,Bar Graph-Based Questions,basic,"Bar Graph Context: Book Sales Data
- 2022 Total Sales: 500 books
- 2023 Total Sales: 560 books (Q1: 220, Q2: 160, Q3: 120, Q4: 60)

What is the ratio of Non-Fiction sales in 2022 to 2023?",15 : 16 | 20 : 16 | 12 : 16 | 30 : 16,15 : 16,2022 (150) : 2023 (160) = 150 : 160 = 15 : 16.,rohanmistry231/CSE-Aptitude-Test-Practice-Hub,04 Data Interpretation and Analysis/01 Basic/README.md
data-interpretation-basic-bar-graph-based-questions-0039,data-interpretation,Data Interpretation and Analysis,Bar Graph-Based Questions,basic,"Bar Graph Context: Book Sales Data
- 2022 Total Sales: 500 books
- 2023 Total Sales: 560 books (Q1: 220, Q2: 160, Q3: 120, Q4: 60)

What is the total number of Mystery and Sci-Fi books sold in 2023?",180 books | 185 books | 177 books | 360 books,180 books,2023: Mystery (120) + Sci-Fi (60) = 180 books.,rohanmistry231/CSE-Aptitude-Test-Practice-Hub,04 Data Interpretation and Analysis/01 Basic/README.md
data-interpretation-basic-bar-graph-based-questions-0040,data-interpretation,Data Interpretation and Analysis,Bar Graph-Based Questions,basic,"Bar Graph Context: Book Sales Data
- 2022 Total Sales: 500 books
- 2023 Total Sales: 560 books (Q1: 220, Q2: 160, Q3: 120, Q4: 60)

Which year had more total book sales?",2023 | 2028 | 2020 | 4046,2023,2022: 500. 2023: 220 + 160 + 120 + 60 = 560 books. 2023 is higher.,rohanmistry231/CSE-Aptitude-Test-Practice-Hub,04 Data Interpretation and Analysis/01 Basic/README.md
data-interpretation-basic-pie-chart-based-questions-0041,data-interpretation,Data Interpretation and Analysis,Pie Chart-Based Questions,basic,"Pie Chart Context: Company Annual Budget = $100,000 Total
- Salaries: 40%
- Rent: 20%
- Supplies: 15%
- Marketing: 15%
- Miscellaneous: 10%

How much is allocated to Salaries?","$40,000 | $45,000 | $37,000 | $80,000","$40,000","Salaries = 40% of 100,000 = (40 ÷ 100) × 100,000 = $40,000.",rohanmistry231/CSE-Aptitude-Test-Practice-Hub,04 Data Interpretation and Analysis/01 Basic/README.md
data-interpretation-basic-pie-chart-based-questions-0042,data-interpretation,Data Interpretation and Analysis,Pie Chart-Based Questions,basic,"Pie Chart Context: Company Annual Budget = $100,000 Total
- Salaries: 40%
- Rent: 20%
- Supplies: 15%
- Marketing: 15%
- Miscellaneous: 10%

What is the amount allocated to Rent?","$20,000 | $25,000 | $17,000 | $40,000","$20,000","Rent = 20% of 100,000 = (20 ÷ 100) × 100,000 = $20,000.",rohanmistry231/CSE-Aptitude-Test-Practice-Hub,04 Data Interpretation and Analysis/01 Basic/README.md
data-interpretation-basic-pie-chart-based-questions-0043,data-interpretation,Data Interpretation and Analysis,Pie Chart-Based Questions,basic,"Pie Chart Context: Company Annual Budget = $100,000 Total
- Salaries: 40%
- Rent: 20%
- Supplies: 15%
- Marketing: 15%
- Miscellaneous: 10%

What is the total allocation for Supplies and Marketing?","$30,000 | $35,000 | $27,000 | $60,000","$30,000","Supplies (15%) + Marketing (15%) = 30%. 30% of 100,000 = $30,000.",rohanmistry231/CSE-Aptitude-Test-Practice-Hub,04 Data Interpretation and Analysis/01 Basic/README.md
data-interpretation-basic-pie-chart-based-questions-0044,data-interpretation,Data Interpretation and Analysis,Pie Chart-Based Questions,basic,"Pie Chart Context: Company Annual Budget = $100,000 Total
- Salaries: 40%
- Rent: 20%
- Supplies: 15%
- Marketing: 15%
- Miscellaneous: 10%

How much more is allocated to Salaries than to Miscellaneous?","$30,000 | $35,000 | $27,000 | $60,000","$30,000","Salaries ($40,000) - Miscellaneous (10% = $10,000) = 40,000 - 10,000 = $30,000.",rohanmistry231/CSE-Aptitude-Test-Practice-Hub,04 Data Interpretation and Analysis/01 Basic/README.md
data-interpretation-basic-pie-chart-based-questions-0045,data-interpretation,Data Interpretation and Analysis,Pie Chart-Based Questions,basic,"Pie Chart Context: Company Annual Budget = $100,000 Total
- Salaries: 40%
- Rent: 20%
- Supplies: 15%
- Marketing: 15%
- Miscellaneous: 10%

What percentage of the budget is allocated to Rent and Supplies combined?",35% | 40% | 32% | 70%,35%,Rent (20%) + Supplies (15%) = 35%.,rohanmistry231/CSE-Aptitude-Test-Practice-Hub,04 Data Interpretation and Analysis/01 Basic/README.md
data-interpretation-basic-pie-chart-based-questions-0046,data-interpretation,Data Interpretation and Analysis,Pie Chart-Based Questions,basic,"Pie Chart Context: Company Annual Budget = $100,000 Total
- Salaries: 40%
- Rent: 20%
- Supplies: 15%
- Marketing: 15%
- Miscellaneous: 10%

Which category has the smallest allocation?",Miscellaneous | None of the above | Both Miscellaneous... and alternative | Insufficient data,Miscellaneous,Miscellaneous (10%) is the smallest.,rohanmistry231/CSE-Aptitude-Test-Practice-Hub,04 Data Interpretation and Analysis/01 Basic/README.md
data-interpretation-basic-pie-chart-based-questions-0047,data-interpretation,Data Interpretation and Analysis,Pie Chart-Based Questions,basic,"Pie Chart Context: Company Annual Budget = $100,000 Total
- Salaries: 40%
- Rent: 20%
- Supplies: 15%
- Marketing: 15%
- Miscellaneous: 10%

What is the ratio of Salaries to Marketing allocation?",8 : 3 | 13 : 3 | 5 : 3 | 16 : 3,8 : 3,Salaries (40%) : Marketing (15%) = 40 : 15 = 8 : 3.,rohanmistry231/CSE-Aptitude-Test-Practice-Hub,04 Data Interpretation and Analysis/01 Basic/README.md
data-interpretation-basic-pie-chart-based-questions-0048,data-interpretation,Data Interpretation and Analysis,Pie Chart-Based Questions,basic,"Pie Chart Context: Company Annual Budget = $100,000 Total
- Salaries: 40%
- Rent: 20%
- Supplies: 15%
- Marketing: 15%
- Miscellaneous: 10%

How much is allocated to Miscellaneous?","$10,000 | $15,000 | $7,000 | $20,000","$10,000","Miscellaneous = 10% of 100,000 = $10,000.",rohanmistry231/CSE-Aptitude-Test-Practice-Hub,04 Data Interpretation and Analysis/01 Basic/README.md
data-interpretation-basic-pie-chart-based-questions-0049,data-interpretation,Data Interpretation and Analysis,Pie Chart-Based Questions,basic,"Pie Chart Context: Company Annual Budget = $100,000 Total
- Salaries: 40%
- Rent: 20%
- Supplies: 15%
- Marketing: 15%
- Miscellaneous: 10%

What is the difference between Rent and Marketing allocations?","$5,000 | $7,000 | $2,000 | $10,000","$5,000","Rent (20% = $20,000) - Marketing (15% = $15,000) = $5,000.",rohanmistry231/CSE-Aptitude-Test-Practice-Hub,04 Data Interpretation and Analysis/01 Basic/README.md
data-interpretation-basic-pie-chart-based-questions-0050,data-interpretation,Data Interpretation and Analysis,Pie Chart-Based Questions,basic,"Pie Chart Context: Company Annual Budget = $100,000 Total
- Salaries: 40%
- Rent: 20%
- Supplies: 15%
- Marketing: 15%
- Miscellaneous: 10%

What is the total percentage allocated to Salaries and Rent?",60% **Pie Chart 2: Distribution of 500 Students by Department** - CS: 30% - EE: 25% - ME: 20% - CE: 15% - CH: 10% | 65% **Pie Chart 2: Distribution of 500 Students by Department** - CS: 30% - EE: 25% - ME: 20% - CE: 15% - CH: 10% | 57% **Pie Chart 2: Distribution of 500 Students by Department** - CS: 30% - EE: 25% - ME: 20% - CE: 15% - CH: 10% | 120% **Pie Chart 2: Distribution of 500 Students by Department** - CS: 30% - EE: 25% - ME: 20% - CE: 15% - CH: 10%,60% **Pie Chart 2: Distribution of 500 Students by Department** - CS: 30% - EE: 25% - ME: 20% - CE: 15% - CH: 10%,Salaries (40%) + Rent (20%) = 60%.,rohanmistry231/CSE-Aptitude-Test-Practice-Hub,04 Data Interpretation and Analysis/01 Basic/README.md
data-interpretation-basic-pie-chart-based-questions-0051,data-interpretation,Data Interpretation and Analysis,Pie Chart-Based Questions,basic,"Pie Chart Context: Company Annual Budget = $100,000 Total
- Salaries: 40%
- Rent: 20%
- Supplies: 15%
- Marketing: 15%
- Miscellaneous: 10%

How many students are in the CS department?",150 students | 155 students | 147 students | 300 students,150 students,CS = 30% of 500 = (30 ÷ 100) × 500 = 150 students.,rohanmistry231/CSE-Aptitude-Test-Practice-Hub,04 Data Interpretation and Analysis/01 Basic/README.md
data-interpretation-basic-pie-chart-based-questions-0052,data-interpretation,Data Interpretation and Analysis,Pie Chart-Based Questions,basic,"Pie Chart Context: Company Annual Budget = $100,000 Total
- Salaries: 40%
- Rent: 20%
- Supplies: 15%
- Marketing: 15%
- Miscellaneous: 10%

How many students are in the EE department?",125 students | 130 students | 122 students | 250 students,125 students,EE = 25% of 500 = (25 ÷ 100) × 500 = 125 students.,rohanmistry231/CSE-Aptitude-Test-Practice-Hub,04 Data Interpretation and Analysis/01 Basic/README.md
data-interpretation-basic-pie-chart-based-questions-0053,data-interpretation,Data Interpretation and Analysis,Pie Chart-Based Questions,basic,"Pie Chart Context: Company Annual Budget = $100,000 Total
- Salaries: 40%
- Rent: 20%
- Supplies: 15%
- Marketing: 15%
- Miscellaneous: 10%

What is the total number of students in ME and CE?",175 students | 180 students | 172 students | 350 students,175 students,ME (20%) + CE (15%) = 35%. 35% of 500 = (35 ÷ 100) × 500 = 175 students.,rohanmistry231/CSE-Aptitude-Test-Practice-Hub,04 Data Interpretation and Analysis/01 Basic/README.md
data-interpretation-basic-pie-chart-based-questions-0054,data-interpretation,Data Interpretation and Analysis,Pie Chart-Based Questions,basic,"Pie Chart Context: Company Annual Budget = $100,000 Total
- Salaries: 40%
- Rent: 20%
- Supplies: 15%
- Marketing: 15%
- Miscellaneous: 10%

How many more students are in CS than in CH?",100 students | 105 students | 97 students | 200 students,100 students,CS (30% = 150) - CH (10% = 50) = 150 - 50 = 100 students.,rohanmistry231/CSE-Aptitude-Test-Practice-Hub,04 Data Interpretation and Analysis/01 Basic/README.md
data-interpretation-basic-pie-chart-based-questions-0055,data-interpretation,Data Interpretation and Analysis,Pie Chart-Based Questions,basic,"Pie Chart Context: Company Annual Budget = $100,000 Total
- Salaries: 40%
- Rent: 20%
- Supplies: 15%
- Marketing: 15%
- Miscellaneous: 10%

What percentage of students are in EE and ME combined?",45% | 50% | 42% | 90%,45%,EE (25%) + ME (20%) = 45%.,rohanmistry231/CSE-Aptitude-Test-Practice-Hub,04 Data Interpretation and Analysis/01 Basic/README.md
data-interpretation-basic-pie-chart-based-questions-0056,data-interpretation,Data Interpretation and Analysis,Pie Chart-Based Questions,basic,"Pie Chart Context: Company Annual Budget = $100,000 Total
- Salaries: 40%
- Rent: 20%
- Supplies: 15%
- Marketing: 15%
- Miscellaneous: 10%

Which department has the fewest students?",CH | None of the above | Both CH... and alternative | Insufficient data,CH,CH (10%) is the smallest.,rohanmistry231/CSE-Aptitude-Test-Practice-Hub,04 Data Interpretation and Analysis/01 Basic/README.md
data-interpretation-basic-pie-chart-based-questions-0057,data-interpretation,Data Interpretation and Analysis,Pie Chart-Based Questions,basic,"Pie Chart Context: Company Annual Budget = $100,000 Total
- Salaries: 40%
- Rent: 20%
- Supplies: 15%
- Marketing: 15%
- Miscellaneous: 10%

What is the ratio of CS to CE students?",2 : 1 | 4 : 1 | 1 : 1 | 32 : 1,2 : 1,CS (30%) : CE (15%) = 30 : 15 = 2 : 1.,rohanmistry231/CSE-Aptitude-Test-Practice-Hub,04 Data Interpretation and Analysis/01 Basic/README.md
data-interpretation-basic-pie-chart-based-questions-0058,data-interpretation,Data Interpretation and Analysis,Pie Chart-Based Questions,basic,"Pie Chart Context: Company Annual Budget = $100,000 Total
- Salaries: 40%
- Rent: 20%
- Supplies: 15%
- Marketing: 15%
- Miscellaneous: 10%

How many students are in the CH department?",50 students | 55 students | 47 students | 100 students,50 students,CH = 10% of 500 = (10 ÷ 100) × 500 = 50 students.,rohanmistry231/CSE-Aptitude-Test-Practice-Hub,04 Data Interpretation and Analysis/01 Basic/README.md
data-interpretation-basic-pie-chart-based-questions-0059,data-interpretation,Data Interpretation and Analysis,Pie Chart-Based Questions,basic,"Pie Chart Context: Company Annual Budget = $100,000 Total
- Salaries: 40%
- Rent: 20%
- Supplies: 15%
- Marketing: 15%
- Miscellaneous: 10%

What is the difference between EE and ME student counts?",25 students | 30 students | 22 students | 50 students,25 students,EE (25% = 125) - ME (20% = 100) = 125 - 100 = 25 students.,rohanmistry231/CSE-Aptitude-Test-Practice-Hub,04 Data Interpretation and Analysis/01 Basic/README.md
data-interpretation-basic-pie-chart-based-questions-0060,data-interpretation,Data Interpretation and Analysis,Pie Chart-Based Questions,basic,"Pie Chart Context: Company Annual Budget = $100,000 Total
- Salaries: 40%
- Rent: 20%
- Supplies: 15%
- Marketing: 15%
- Miscellaneous: 10%

What is the total percentage of CS and EE students?",55% | 60% | 52% | 110%,55%,CS (30%) + EE (25%) = 55%.,rohanmistry231/CSE-Aptitude-Test-Practice-Hub,04 Data Interpretation and Analysis/01 Basic/README.md
data-interpretation-basic-line-graph-based-questions-0061,data-interpretation,Data Interpretation and Analysis,Line Graph-Based Questions,basic,"Line Graph Context: Monthly Website Visitors
- Jan: 10k, Feb: 15k, Mar: 25k, Apr: 20k, May: 35k

What is the temperature in March?",15°C | 20°C | 12°C | 30°C,15°C,Mar = 15°C.,rohanmistry231/CSE-Aptitude-Test-Practice-Hub,04 Data Interpretation and Analysis/01 Basic/README.md
data-interpretation-basic-line-graph-based-questions-0062,data-interpretation,Data Interpretation and Analysis,Line Graph-Based Questions,basic,"Line Graph Context: Monthly Website Visitors
- Jan: 10k, Feb: 15k, Mar: 25k, Apr: 20k, May: 35k

What is the highest temperature recorded?",25°C | 30°C | 22°C | 50°C,25°C,Highest is Jun (25°C).,rohanmistry231/CSE-Aptitude-Test-Practice-Hub,04 Data Interpretation and Analysis/01 Basic/README.md
data-interpretation-basic-line-graph-based-questions-0063,data-interpretation,Data Interpretation and Analysis,Line Graph-Based Questions,basic,"Line Graph Context: Monthly Website Visitors
- Jan: 10k, Feb: 15k, Mar: 25k, Apr: 20k, May: 35k

What is the average temperature over the six months?",17°C | 22°C | 14°C | 34°C,17°C,Total = 10 + 12 + 15 + 18 + 22 + 25 = 102. Average = 102 ÷ 6 = 17°C.,rohanmistry231/CSE-Aptitude-Test-Practice-Hub,04 Data Interpretation and Analysis/01 Basic/README.md
data-interpretation-basic-line-graph-based-questions-0064,data-interpretation,Data Interpretation and Analysis,Line Graph-Based Questions,basic,"Line Graph Context: Monthly Website Visitors
- Jan: 10k, Feb: 15k, Mar: 25k, Apr: 20k, May: 35k

By how much did the temperature increase from Feb to Mar?",3°C | 5°C | 1°C | 6°C,3°C,Increase = 15 - 12 = 3°C.,rohanmistry231/CSE-Aptitude-Test-Practice-Hub,04 Data Interpretation and Analysis/01 Basic/README.md
data-interpretation-basic-line-graph-based-questions-0065,data-interpretation,Data Interpretation and Analysis,Line Graph-Based Questions,basic,"Line Graph Context: Monthly Website Visitors
- Jan: 10k, Feb: 15k, Mar: 25k, Apr: 20k, May: 35k

What is the total temperature for Jan and Feb?",22°C | 27°C | 19°C | 44°C,22°C,Jan (10) + Feb (12) = 22°C.,rohanmistry231/CSE-Aptitude-Test-Practice-Hub,04 Data Interpretation and Analysis/01 Basic/README.md
data-interpretation-basic-line-graph-based-questions-0066,data-interpretation,Data Interpretation and Analysis,Line Graph-Based Questions,basic,"Line Graph Context: Monthly Website Visitors
- Jan: 10k, Feb: 15k, Mar: 25k, Apr: 20k, May: 35k

Which month had the lowest temperature?",January | None of the above | Both January... and alternative | Insufficient data,January,Lowest is Jan (10°C).,rohanmistry231/CSE-Aptitude-Test-Practice-Hub,04 Data Interpretation and Analysis/01 Basic/README.md
data-interpretation-basic-line-graph-based-questions-0067,data-interpretation,Data Interpretation and Analysis,Line Graph-Based Questions,basic,"Line Graph Context: Monthly Website Visitors
- Jan: 10k, Feb: 15k, Mar: 25k, Apr: 20k, May: 35k

What is the percentage increase in temperature from Jan to Feb?",20% | 25% | 17% | 40%,20%,Increase = 12 - 10 = 2. % Increase = (2 ÷ 10) × 100 = 20%.,rohanmistry231/CSE-Aptitude-Test-Practice-Hub,04 Data Interpretation and Analysis/01 Basic/README.md
data-interpretation-basic-line-graph-based-questions-0068,data-interpretation,Data Interpretation and Analysis,Line Graph-Based Questions,basic,"Line Graph Context: Monthly Website Visitors
- Jan: 10k, Feb: 15k, Mar: 25k, Apr: 20k, May: 35k

What is the ratio of temperature in Mar to Apr?",5 : 6 | 7 : 6 | 2 : 6 | 10 : 6,5 : 6,Mar (15) : Apr (18) = 15 : 18 = 5 : 6.,rohanmistry231/CSE-Aptitude-Test-Practice-Hub,04 Data Interpretation and Analysis/01 Basic/README.md
data-interpretation-basic-line-graph-based-questions-0069,data-interpretation,Data Interpretation and Analysis,Line Graph-Based Questions,basic,"Line Graph Context: Monthly Website Visitors
- Jan: 10k, Feb: 15k, Mar: 25k, Apr: 20k, May: 35k

What is the temperature difference between May and Jun?",3°C | 5°C | 1°C | 6°C,3°C,Jun (25) - May (22) = 3°C.,rohanmistry231/CSE-Aptitude-Test-Practice-Hub,04 Data Interpretation and Analysis/01 Basic/README.md
data-interpretation-basic-line-graph-based-questions-0070,data-interpretation,Data Interpretation and Analysis,Line Graph-Based Questions,basic,"Line Graph Context: Monthly Website Visitors
- Jan: 10k, Feb: 15k, Mar: 25k, Apr: 20k, May: 35k

Which month had a temperature of 18°C?","April **Line Graph 2: Monthly Website Visitors (in thousands, Jan–Jun)** - Jan: 20 - Feb: 25 - Mar: 30 - Apr: 35 - May: 40 - Jun: 45 | April **Line Graph 4: Monthly Website Visitors (in thousands, Jan–Jun)** - Jan: 20 - Feb: 25 - Mar: 30 - Apr: 35 - May: 40 - Jun: 45 | April **Line Graph 1: Monthly Website Visitors (in thousands, Jan–Jun)** - Jan: 20 - Feb: 25 - Mar: 30 - Apr: 35 - May: 40 - Jun: 45 | April **Line Graph 32: Monthly Website Visitors (in thousands, Jan–Jun)** - Jan: 20 - Feb: 25 - Mar: 30 - Apr: 35 - May: 40 - Jun: 45","April **Line Graph 2: Monthly Website Visitors (in thousands, Jan–Jun)** - Jan: 20 - Feb: 25 - Mar: 30 - Apr: 35 - May: 40 - Jun: 45",Apr = 18°C.,rohanmistry231/CSE-Aptitude-Test-Practice-Hub,04 Data Interpretation and Analysis/01 Basic/README.md
data-interpretation-basic-line-graph-based-questions-0071,data-interpretation,Data Interpretation and Analysis,Line Graph-Based Questions,basic,"Line Graph Context: Monthly Website Visitors
- Jan: 10k, Feb: 15k, Mar: 25k, Apr: 20k, May: 35k

How many visitors were there in April?","35,000 visitors | 40,000 visitors | 32,000 visitors | 70,000 visitors","35,000 visitors","Apr = 35 (thousand) = 35,000 visitors.",rohanmistry231/CSE-Aptitude-Test-Practice-Hub,04 Data Interpretation and Analysis/01 Basic/README.md
data-interpretation-basic-line-graph-based-questions-0072,data-interpretation,Data Interpretation and Analysis,Line Graph-Based Questions,basic,"Line Graph Context: Monthly Website Visitors
- Jan: 10k, Feb: 15k, Mar: 25k, Apr: 20k, May: 35k

What is the highest number of visitors recorded?","45,000 visitors | 50,000 visitors | 42,000 visitors | 90,000 visitors","45,000 visitors","Highest is Jun (45,000).",rohanmistry231/CSE-Aptitude-Test-Practice-Hub,04 Data Interpretation and Analysis/01 Basic/README.md
data-interpretation-basic-line-graph-based-questions-0073,data-interpretation,Data Interpretation and Analysis,Line Graph-Based Questions,basic,"Line Graph Context: Monthly Website Visitors
- Jan: 10k, Feb: 15k, Mar: 25k, Apr: 20k, May: 35k

What is the average number of visitors over the six months?","32,500 visitors | 37,500 visitors | 29,500 visitors | 64,500 visitors","32,500 visitors","Total = 20 + 25 + 30 + 35 + 40 + 45 = 195. Average = 195 ÷ 6 = 32.5 (thousand) = 32,500.",rohanmistry231/CSE-Aptitude-Test-Practice-Hub,04 Data Interpretation and Analysis/01 Basic/README.md
data-interpretation-basic-line-graph-based-questions-0074,data-interpretation,Data Interpretation and Analysis,Line Graph-Based Questions,basic,"Line Graph Context: Monthly Website Visitors
- Jan: 10k, Feb: 15k, Mar: 25k, Apr: 20k, May: 35k

By how many visitors did the count increase from Mar to Apr?","5,000 visitors | 7,000 visitors | 2,000 visitors | 10,000 visitors","5,000 visitors","Increase = 35 - 30 = 5 (thousand) = 5,000 visitors.",rohanmistry231/CSE-Aptitude-Test-Practice-Hub,04 Data Interpretation and Analysis/01 Basic/README.md
data-interpretation-basic-line-graph-based-questions-0075,data-interpretation,Data Interpretation and Analysis,Line Graph-Based Questions,basic,"Line Graph Context: Monthly Website Visitors
- Jan: 10k, Feb: 15k, Mar: 25k, Apr: 20k, May: 35k

What is the total number of visitors in Jan and Feb?","45,000 visitors | 50,000 visitors | 42,000 visitors | 90,000 visitors","45,000 visitors","Jan (20) + Feb (25) = 45 (thousand) = 45,000 visitors.",rohanmistry231/CSE-Aptitude-Test-Practice-Hub,04 Data Interpretation and Analysis/01 Basic/README.md
data-interpretation-basic-line-graph-based-questions-0076,data-interpretation,Data Interpretation and Analysis,Line Graph-Based Questions,basic,"Line Graph Context: Monthly Website Visitors
- Jan: 10k, Feb: 15k, Mar: 25k, Apr: 20k, May: 35k

Which month had the fewest visitors?",January | None of the above | Both January... and alternative | Insufficient data,January,"Lowest is Jan (20,000).",rohanmistry231/CSE-Aptitude-Test-Practice-Hub,04 Data Interpretation and Analysis/01 Basic/README.md
data-interpretation-basic-line-graph-based-questions-0077,data-interpretation,Data Interpretation and Analysis,Line Graph-Based Questions,basic,"Line Graph Context: Monthly Website Visitors
- Jan: 10k, Feb: 15k, Mar: 25k, Apr: 20k, May: 35k

What is the percentage increase in visitors from Feb to Mar?",20% | 25% | 17% | 40%,20%,Increase = 30 - 25 = 5. % Increase = (5 ÷ 25) × 100 = 20%.,rohanmistry231/CSE-Aptitude-Test-Practice-Hub,04 Data Interpretation and Analysis/01 Basic/README.md
data-interpretation-basic-line-graph-based-questions-0078,data-interpretation,Data Interpretation and Analysis,Line Graph-Based Questions,basic,"Line Graph Context: Monthly Website Visitors
- Jan: 10k, Feb: 15k, Mar: 25k, Apr: 20k, May: 35k

What is the ratio of visitors in May to Jun?",8 : 9 | 13 : 9 | 5 : 9 | 16 : 9,8 : 9,May (40) : Jun (45) = 40 : 45 = 8 : 9.,rohanmistry231/CSE-Aptitude-Test-Practice-Hub,04 Data Interpretation and Analysis/01 Basic/README.md
data-interpretation-basic-line-graph-based-questions-0079,data-interpretation,Data Interpretation and Analysis,Line Graph-Based Questions,basic,"Line Graph Context: Monthly Website Visitors
- Jan: 10k, Feb: 15k, Mar: 25k, Apr: 20k, May: 35k

What is the difference in visitors between Apr and May?","5,000 visitors | 7,000 visitors | 2,000 visitors | 10,000 visitors","5,000 visitors","May (40) - Apr (35) = 5 (thousand) = 5,000 visitors.",rohanmistry231/CSE-Aptitude-Test-Practice-Hub,04 Data Interpretation and Analysis/01 Basic/README.md
data-interpretation-basic-line-graph-based-questions-0080,data-interpretation,Data Interpretation and Analysis,Line Graph-Based Questions,basic,"Line Graph Context: Monthly Website Visitors
- Jan: 10k, Feb: 15k, Mar: 25k, Apr: 20k, May: 35k

Which month had 30,000 visitors?",March | None of the above | Both March... and alternative | Insufficient data,March,"Mar = 30 (thousand) = 30,000.",rohanmistry231/CSE-Aptitude-Test-Practice-Hub,04 Data Interpretation and Analysis/01 Basic/README.md
data-interpretation-basic-caselet-based-questions-0081,data-interpretation,Data Interpretation and Analysis,Caselet-Based Questions,basic,"Data Context: Revenue = 100 × 2 = $200

What is the total revenue from Apples?",$200 | $205 | $197 | $400,$200,Revenue = 100 × 2 = $200.,rohanmistry231/CSE-Aptitude-Test-Practice-Hub,04 Data Interpretation and Analysis/01 Basic/README.md
data-interpretation-basic-caselet-based-questions-0082,data-interpretation,Data Interpretation and Analysis,Caselet-Based Questions,basic,"Data Context: Revenue = 150 × 1 = $150

What is the total revenue from Bananas?",$150 | $155 | $147 | $300,$150,Revenue = 150 × 1 = $150.,rohanmistry231/CSE-Aptitude-Test-Practice-Hub,04 Data Interpretation and Analysis/01 Basic/README.md
data-interpretation-basic-caselet-based-questions-0083,data-interpretation,Data Interpretation and Analysis,Caselet-Based Questions,basic,"Data Context: Revenue = 200 × 1, 5 = $300

What is the total revenue from Oranges?",$300 | $305 | $297 | $600,$300,Revenue = 200 × 1.5 = $300.,rohanmistry231/CSE-Aptitude-Test-Practice-Hub,04 Data Interpretation and Analysis/01 Basic/README.md
data-interpretation-basic-caselet-based-questions-0084,data-interpretation,Data Interpretation and Analysis,Caselet-Based Questions,basic,"Data Context: Total = 200 + 150 + 300 = $650

What is the total revenue from all fruits?",$650 | $655 | $647 | $1300,$650,Total = 200 + 150 + 300 = $650.,rohanmistry231/CSE-Aptitude-Test-Practice-Hub,04 Data Interpretation and Analysis/01 Basic/README.md
data-interpretation-basic-caselet-based-questions-0085,data-interpretation,Data Interpretation and Analysis,Caselet-Based Questions,basic,Which fruit generated the highest revenue?,Oranges | None of the above | Both Oranges... and alternative | Insufficient data,Oranges,"Apples ($200), Bananas ($150), Oranges ($300). Highest is Oranges.",rohanmistry231/CSE-Aptitude-Test-Practice-Hub,04 Data Interpretation and Analysis/01 Basic/README.md
data-interpretation-basic-caselet-based-questions-0086,data-interpretation,Data Interpretation and Analysis,Caselet-Based Questions,basic,"Data Context: Total revenue = $650, Total kg = 100 + 150 + 200 = 450, Average price = 650 ÷ 450 ≈ $1

What is the average price per kg of the fruits sold?",$1.44/kg | $3.94/kg | $0.1/kg | $1.73/kg,$1.44/kg,Total revenue = $650. Total kg = 100 + 150 + 200 = 450. Average price = 650 ÷ 450 ≈ $1.44/kg.,rohanmistry231/CSE-Aptitude-Test-Practice-Hub,04 Data Interpretation and Analysis/01 Basic/README.md
data-interpretation-basic-caselet-based-questions-0087,data-interpretation,Data Interpretation and Analysis,Caselet-Based Questions,basic,"Data Context: Apples (100) : Bananas (150) = 100 : 150 = 2 : 3

What is the ratio of Apples sold to Bananas sold (in kg)?",2 : 3 | 4 : 3 | 1 : 3 | 32 : 3,2 : 3,Apples (100) : Bananas (150) = 100 : 150 = 2 : 3.,rohanmistry231/CSE-Aptitude-Test-Practice-Hub,04 Data Interpretation and Analysis/01 Basic/README.md
data-interpretation-basic-caselet-based-questions-0088,data-interpretation,Data Interpretation and Analysis,Caselet-Based Questions,basic,"Data Context: Oranges ($300) - Bananas ($150) = $150

How much more revenue did Oranges generate than Bananas?",$150 | $155 | $147 | $300,$150,Oranges ($300) - Bananas ($150) = $150.,rohanmistry231/CSE-Aptitude-Test-Practice-Hub,04 Data Interpretation and Analysis/01 Basic/README.md
data-interpretation-basic-caselet-based-questions-0089,data-interpretation,Data Interpretation and Analysis,Caselet-Based Questions,basic,"Data Context: Apples ($200) ÷ Total ($650) × 100 ≈ 30, 77%

What percentage of total revenue came from Apples?",30.77% | 33.27% | 29.27% | 36.92%,30.77%,Apples ($200) ÷ Total ($650) × 100 ≈ 30.77%.,rohanmistry231/CSE-Aptitude-Test-Practice-Hub,04 Data Interpretation and Analysis/01 Basic/README.md
data-interpretation-basic-caselet-based-questions-0090,data-interpretation,Data Interpretation and Analysis,Caselet-Based Questions,basic,"Data Context: Total = 100 + 150 + 200 = 450 kg

What is the total weight of fruits sold?","450 kg **Caselet 2: A School’s Sports Day Points** - Team A: 50 points (Athletics), 30 points (Swimming), 20 points (Others) - Team B: 40 points (Athletics), 20 points (Swimming), 30 points (Others) - Team C: 30 points (Athletics), 40 points (Swimming), 10 points (Others) | 455 kg **Caselet 2: A School’s Sports Day Points** - Team A: 50 points (Athletics), 30 points (Swimming), 20 points (Others) - Team B: 40 points (Athletics), 20 points (Swimming), 30 points (Others) - Team C: 30 points (Athletics), 40 points (Swimming), 10 points (Others) | 447 kg **Caselet 2: A School’s Sports Day Points** - Team A: 50 points (Athletics), 30 points (Swimming), 20 points (Others) - Team B: 40 points (Athletics), 20 points (Swimming), 30 points (Others) - Team C: 30 points (Athletics), 40 points (Swimming), 10 points (Others) | 900 kg **Caselet 2: A School’s Sports Day Points** - Team A: 50 points (Athletics), 30 points (Swimming), 20 points (Others) - Team B: 40 points (Athletics), 20 points (Swimming), 30 points (Others) - Team C: 30 points (Athletics), 40 points (Swimming), 10 points (Others)","450 kg **Caselet 2: A School’s Sports Day Points** - Team A: 50 points (Athletics), 30 points (Swimming), 20 points (Others) - Team B: 40 points (Athletics), 20 points (Swimming), 30 points (Others) - Team C: 30 points (Athletics), 40 points (Swimming), 10 points (Others)",Total = 100 + 150 + 200 = 450 kg.,rohanmistry231/CSE-Aptitude-Test-Practice-Hub,04 Data Interpretation and Analysis/01 Basic/README.md
data-interpretation-basic-caselet-based-questions-0091,data-interpretation,Data Interpretation and Analysis,Caselet-Based Questions,basic,"Data Context: Total = 50 + 30 + 20 = 100 points

What is Team A’s total points?",100 points | 105 points | 97 points | 200 points,100 points,Total = 50 + 30 + 20 = 100 points.,rohanmistry231/CSE-Aptitude-Test-Practice-Hub,04 Data Interpretation and Analysis/01 Basic/README.md
data-interpretation-basic-caselet-based-questions-0092,data-interpretation,Data Interpretation and Analysis,Caselet-Based Questions,basic,Which team scored the most points in Swimming?,Team C | None of the above | Both Team C... and alternative | Insufficient data,Team C,"Swimming: A (30), B (20), C (40). Highest is C (40).",rohanmistry231/CSE-Aptitude-Test-Practice-Hub,04 Data Interpretation and Analysis/01 Basic/README.md
data-interpretation-basic-caselet-based-questions-0093,data-interpretation,Data Interpretation and Analysis,Caselet-Based Questions,basic,"Data Context: Total = 40 + 20 + 30 = 90, Average = 90 ÷ 3 = 30 points

What is the average points scored by Team B?",30 points | 35 points | 27 points | 60 points,30 points,Total = 40 + 20 + 30 = 90. Average = 90 ÷ 3 = 30 points.,rohanmistry231/CSE-Aptitude-Test-Practice-Hub,04 Data Interpretation and Analysis/01 Basic/README.md
data-interpretation-basic-caselet-based-questions-0094,data-interpretation,Data Interpretation and Analysis,Caselet-Based Questions,basic,"Data Context: A (50) - C (30) = 20 points

By how many points did Team A outscore Team C in Athletics?",20 points | 25 points | 17 points | 40 points,20 points,A (50) - C (30) = 20 points.,rohanmistry231/CSE-Aptitude-Test-Practice-Hub,04 Data Interpretation and Analysis/01 Basic/README.md
data-interpretation-basic-caselet-based-questions-0095,data-interpretation,Data Interpretation and Analysis,Caselet-Based Questions,basic,"Data Context: Others: A (20) + B (30) + C (10) = 60 points

What is the total points scored in Others across all teams?",60 points | 65 points | 57 points | 120 points,60 points,Others: A (20) + B (30) + C (10) = 60 points.,rohanmistry231/CSE-Aptitude-Test-Practice-Hub,04 Data Interpretation and Analysis/01 Basic/README.md
data-interpretation-basic-caselet-based-questions-0096,data-interpretation,Data Interpretation and Analysis,Caselet-Based Questions,basic,"Data Context: A: 100, B: 90, C: 30 + 40 + 10 = 80

Which team scored the fewest points overall?",Team C | None of the above | Both Team C... and alternative | Insufficient data,Team C,"A: 100, B: 90, C: 30 + 40 + 10 = 80. Lowest is C (80).",rohanmistry231/CSE-Aptitude-Test-Practice-Hub,04 Data Interpretation and Analysis/01 Basic/README.md
data-interpretation-basic-caselet-based-questions-0097,data-interpretation,Data Interpretation and Analysis,Caselet-Based Questions,basic,"Data Context: Athletics (50) ÷ Total (100) × 100 = 50%

What is the percentage of Team A’s points from Athletics?",50% | 55% | 47% | 100%,50%,Athletics (50) ÷ Total (100) × 100 = 50%.,rohanmistry231/CSE-Aptitude-Test-Practice-Hub,04 Data Interpretation and Analysis/01 Basic/README.md
data-interpretation-basic-caselet-based-questions-0098,data-interpretation,Data Interpretation and Analysis,Caselet-Based Questions,basic,"Data Context: Swimming (20) : Others (30) = 20 : 30 = 2 : 3

What is the ratio of Team B’s Swimming to Others points?",2 : 3 | 4 : 3 | 1 : 3 | 32 : 3,2 : 3,Swimming (20) : Others (30) = 20 : 30 = 2 : 3.,rohanmistry231/CSE-Aptitude-Test-Practice-Hub,04 Data Interpretation and Analysis/01 Basic/README.md
data-interpretation-basic-caselet-based-questions-0099,data-interpretation,Data Interpretation and Analysis,Caselet-Based Questions,basic,"Data Context: A (30) + B (20) = 50 points

What is the total points scored by Teams A and B in Swimming?",50 points | 55 points | 47 points | 100 points,50 points,A (30) + B (20) = 50 points.,rohanmistry231/CSE-Aptitude-Test-Practice-Hub,04 Data Interpretation and Analysis/01 Basic/README.md
data-interpretation-basic-caselet-based-questions-0100,data-interpretation,Data Interpretation and Analysis,Caselet-Based Questions,basic,Which team won the sports day (highest total points)?,Team A | None of the above | Both Team A... and alternative | Insufficient data,Team A,"A: 100, B: 90, C: 80. Highest is A.",rohanmistry231/CSE-Aptitude-Test-Practice-Hub,04 Data Interpretation and Analysis/01 Basic/README.md
data-interpretation-intermediate-table-based-questions-0001,data-interpretation,Data Interpretation and Analysis,Table-Based Questions,intermediate,"Data Context: Total = 200 + 250 + 300 + 350 = 1100 ($1000) = $1,100,000

What is the total annual revenue of Store W in 2023?","$1,100,000 | $3,100,000 | $2,100,000 | $31,100,000","$1,100,000","Total = 200 + 250 + 300 + 350 = 1100 ($1000) = $1,100,000.",rohanmistry231/CSE-Aptitude-Test-Practice-Hub,04 Data Interpretation and Analysis/02 Intermediate/README.md
data-interpretation-intermediate-table-based-questions-0002,data-interpretation,Data Interpretation and Analysis,Table-Based Questions,intermediate,Which store had the highest revenue in Q3?,Store W | None of the above | Both Store W... and alternative | Insufficient data,Store W,"Q3: W (300), X (240), Y (170), Z (240). Highest is W (300).",rohanmistry231/CSE-Aptitude-Test-Practice-Hub,04 Data Interpretation and Analysis/02 Intermediate/README.md
data-interpretation-intermediate-table-based-questions-0003,data-interpretation,Data Interpretation and Analysis,Table-Based Questions,intermediate,"Data Context: Total = 180 + 210 + 240 + 270 = 900, Average = 900 ÷ 4 = 225 ($1000) = $225,000

What is the average quarterly revenue of Store X?","$225,000 | $230,000 | $222,000 | $450,000","$225,000","Total = 180 + 210 + 240 + 270 = 900. Average = 900 ÷ 4 = 225 ($1000) = $225,000.",rohanmistry231/CSE-Aptitude-Test-Practice-Hub,04 Data Interpretation and Analysis/02 Intermediate/README.md
data-interpretation-intermediate-table-based-questions-0004,data-interpretation,Data Interpretation and Analysis,Table-Based Questions,intermediate,"Data Context: Increase = 180 - 150 = 30, % Growth = (30 ÷ 150) × 100 = 20%

What is the percentage growth in Store Y’s revenue from Q1 to Q4?",20% | 25% | 17% | 40%,20%,Increase = 180 - 150 = 30. % Growth = (30 ÷ 150) × 100 = 20%.,rohanmistry231/CSE-Aptitude-Test-Practice-Hub,04 Data Interpretation and Analysis/02 Intermediate/README.md
data-interpretation-intermediate-table-based-questions-0005,data-interpretation,Data Interpretation and Analysis,Table-Based Questions,intermediate,"Data Context: Q2: W (250) + X (210) + Y (160) + Z (230) = 850 ($1000) = $850,000

What is the total revenue of all stores in Q2?","$850,000 | $855,000 | $847,000 | $1700,000","$850,000","Q2: W (250) + X (210) + Y (160) + Z (230) = 850 ($1000) = $850,000.",rohanmistry231/CSE-Aptitude-Test-Practice-Hub,04 Data Interpretation and Analysis/02 Intermediate/README.md
data-interpretation-intermediate-table-based-questions-0006,data-interpretation,Data Interpretation and Analysis,Table-Based Questions,intermediate,"Data Context: Q1 (220) : Q4 (250) = 220 : 250 = 22 : 25

What is the ratio of Store Z’s revenue in Q1 to Q4?",22 : 25 | 27 : 25 | 19 : 25 | 44 : 25,22 : 25,Q1 (220) : Q4 (250) = 220 : 250 = 22 : 25.,rohanmistry231/CSE-Aptitude-Test-Practice-Hub,04 Data Interpretation and Analysis/02 Intermediate/README.md
data-interpretation-intermediate-table-based-questions-0007,data-interpretation,Data Interpretation and Analysis,Table-Based Questions,intermediate,"Data Context: W (350) - X (270) = 80 ($1000) = $80,000

By how much did Store W’s revenue exceed Store X’s in Q4?","$80,000 | $85,000 | $77,000 | $160,000","$80,000","W (350) - X (270) = 80 ($1000) = $80,000.",rohanmistry231/CSE-Aptitude-Test-Practice-Hub,04 Data Interpretation and Analysis/02 Intermediate/README.md
data-interpretation-intermediate-table-based-questions-0008,data-interpretation,Data Interpretation and Analysis,Table-Based Questions,intermediate,"Data Context: W: (250 - 200) ÷ 200 × 100 = 25%, 67%, 67%

Which store showed the highest percentage growth from Q1 to Q2?",Store W | None of the above | Both Store W... and alternative | Insufficient data,Store W,W: (250 - 200) ÷ 200 × 100 = 25%. X: (210 - 180) ÷ 180 × 100 ≈ 16.67%. Y: (160 - 150) ÷ 150 × 100 ≈ 6.67%. Z: (230 - 220) ÷ 220 × 100 ≈ 4.55%. Highest is W.,rohanmistry231/CSE-Aptitude-Test-Practice-Hub,04 Data Interpretation and Analysis/02 Intermediate/README.md
data-interpretation-intermediate-table-based-questions-0009,data-interpretation,Data Interpretation and Analysis,Table-Based Questions,intermediate,"Data Context: W (300) + Y (170) = 470 ($1000) = $470,000

What is the combined revenue of Stores W and Y in Q3?","$470,000 | $475,000 | $467,000 | $940,000","$470,000","W (300) + Y (170) = 470 ($1000) = $470,000.",rohanmistry231/CSE-Aptitude-Test-Practice-Hub,04 Data Interpretation and Analysis/02 Intermediate/README.md
data-interpretation-intermediate-table-based-questions-0010,data-interpretation,Data Interpretation and Analysis,Table-Based Questions,intermediate,"Data Context: Q1: 200 + 180 + 150 + 220 = 750, Q2: 250 + 210 + 160 + 230 = 850, Q3: 300 + 240 + 170 + 240 = 950

Which quarter had the lowest total revenue across all stores?",Q1 **Table 2: Employees in Three Departments Across Two Branches** | Department | Branch A (2022) | Branch A (2023) | Branch B (2022) | Branch B (2023) | |------------|-----------------|-----------------|-----------------|-----------------| | HR | 20 | 25 | 15 | 18 | | IT | 50 | 60 | 40 | 45 | | Sales | 30 | 35 | 25 | 30 | | Q3 **Table 2: Employees in Three Departments Across Two Branches** | Department | Branch A (2022) | Branch A (2023) | Branch B (2022) | Branch B (2023) | |------------|-----------------|-----------------|-----------------|-----------------| | HR | 20 | 25 | 15 | 18 | | IT | 50 | 60 | 40 | 45 | | Sales | 30 | 35 | 25 | 30 | | Q2 **Table 2: Employees in Three Departments Across Two Branches** | Department | Branch A (2022) | Branch A (2023) | Branch B (2022) | Branch B (2023) | |------------|-----------------|-----------------|-----------------|-----------------| | HR | 20 | 25 | 15 | 18 | | IT | 50 | 60 | 40 | 45 | | Sales | 30 | 35 | 25 | 30 | | Q31 **Table 2: Employees in Three Departments Across Two Branches** | Department | Branch A (2022) | Branch A (2023) | Branch B (2022) | Branch B (2023) | |------------|-----------------|-----------------|-----------------|-----------------| | HR | 20 | 25 | 15 | 18 | | IT | 50 | 60 | 40 | 45 | | Sales | 30 | 35 | 25 | 30 |,Q1 **Table 2: Employees in Three Departments Across Two Branches** | Department | Branch A (2022) | Branch A (2023) | Branch B (2022) | Branch B (2023) | |------------|-----------------|-----------------|-----------------|-----------------| | HR | 20 | 25 | 15 | 18 | | IT | 50 | 60 | 40 | 45 | | Sales | 30 | 35 | 25 | 30 |,"Q1: 200 + 180 + 150 + 220 = 750. Q2: 250 + 210 + 160 + 230 = 850. Q3: 300 + 240 + 170 + 240 = 950. Q4: 350 + 270 + 180 + 250 = 1050 ($1000). Lowest is Q1 ($750,000).",rohanmistry231/CSE-Aptitude-Test-Practice-Hub,04 Data Interpretation and Analysis/02 Intermediate/README.md
data-interpretation-intermediate-table-based-questions-0011,data-interpretation,Data Interpretation and Analysis,Table-Based Questions,intermediate,"Data Context: Total = 25 + 60 + 35 = 120 employees

What is the total number of employees in Branch A in 2023?",120 employees | 125 employees | 117 employees | 240 employees,120 employees,Total = 25 + 60 + 35 = 120 employees.,rohanmistry231/CSE-Aptitude-Test-Practice-Hub,04 Data Interpretation and Analysis/02 Intermediate/README.md
data-interpretation-intermediate-table-based-questions-0012,data-interpretation,Data Interpretation and Analysis,Table-Based Questions,intermediate,"Data Context: HR: (18 - 15) ÷ 15 × 100 = 20%, IT: (45 - 40) ÷ 40 × 100 = 12, 5%

Which department in Branch B had the highest growth from 2022 to 2023?",HR or Sales | None of the above | Both HR or Sales... and alternative | Insufficient data,HR or Sales,HR: (18 - 15) ÷ 15 × 100 = 20%. IT: (45 - 40) ÷ 40 × 100 = 12.5%. Sales: (30 - 25) ÷ 25 × 100 = 20%. HR and Sales tie for highest.,rohanmistry231/CSE-Aptitude-Test-Practice-Hub,04 Data Interpretation and Analysis/02 Intermediate/README.md
data-interpretation-intermediate-table-based-questions-0013,data-interpretation,Data Interpretation and Analysis,Table-Based Questions,intermediate,"Data Context: Total = 50 (A) + 40 (B) = 90, Average = 90 ÷ 2 = 45 employees

What is the average number of IT employees across both branches in 2022?",45 employees | 50 employees | 42 employees | 90 employees,45 employees,Total = 50 (A) + 40 (B) = 90. Average = 90 ÷ 2 = 45 employees.,rohanmistry231/CSE-Aptitude-Test-Practice-Hub,04 Data Interpretation and Analysis/02 Intermediate/README.md
data-interpretation-intermediate-table-based-questions-0014,data-interpretation,Data Interpretation and Analysis,Table-Based Questions,intermediate,What is the percentage increase in Sales employees in Branch A from 2022 to 2023?,16.67% | 19.17% | 15.17% | 20%,16.67%,Increase = 35 - 30 = 5. % Increase = (5 ÷ 30) × 100 ≈ 16.67%.,rohanmistry231/CSE-Aptitude-Test-Practice-Hub,04 Data Interpretation and Analysis/02 Intermediate/README.md
data-interpretation-intermediate-table-based-questions-0015,data-interpretation,Data Interpretation and Analysis,Table-Based Questions,intermediate,"Data Context: HR: 25 (A) + 18 (B) = 43 employees

What is the total number of employees in HR across both branches in 2023?",43 employees | 48 employees | 40 employees | 86 employees,43 employees,HR: 25 (A) + 18 (B) = 43 employees.,rohanmistry231/CSE-Aptitude-Test-Practice-Hub,04 Data Interpretation and Analysis/02 Intermediate/README.md
data-interpretation-intermediate-table-based-questions-0016,data-interpretation,Data Interpretation and Analysis,Table-Based Questions,intermediate,What is the ratio of IT employees in Branch A to Branch B in 2023?,4 : 3 | 6 : 3 | 1 : 3 | 8 : 3,4 : 3,A (60) : B (45) = 60 : 45 = 4 : 3.,rohanmistry231/CSE-Aptitude-Test-Practice-Hub,04 Data Interpretation and Analysis/02 Intermediate/README.md
data-interpretation-intermediate-table-based-questions-0017,data-interpretation,Data Interpretation and Analysis,Table-Based Questions,intermediate,"Data Context: 2022: 20 + 50 + 30 = 100, Growth = 120 - 100 = 20 employees

By how many employees did Branch A’s total workforce grow from 2022 to 2023?",20 employees | 25 employees | 17 employees | 40 employees,20 employees,2022: 20 + 50 + 30 = 100. 2023: 120. Growth = 120 - 100 = 20 employees.,rohanmistry231/CSE-Aptitude-Test-Practice-Hub,04 Data Interpretation and Analysis/02 Intermediate/README.md
data-interpretation-intermediate-table-based-questions-0018,data-interpretation,Data Interpretation and Analysis,Table-Based Questions,intermediate,"Data Context: B: 15 + 40 + 25 = 80

Which branch had more employees in 2022?",Branch A | None of the above | Both Branch A... and alternative | Insufficient data,Branch A,A: 100. B: 15 + 40 + 25 = 80. A is higher.,rohanmistry231/CSE-Aptitude-Test-Practice-Hub,04 Data Interpretation and Analysis/02 Intermediate/README.md
data-interpretation-intermediate-table-based-questions-0019,data-interpretation,Data Interpretation and Analysis,Table-Based Questions,intermediate,"Data Context: A (30) + B (25) = 55 employees

What is the combined number of Sales employees in both branches in 2022?",55 employees | 60 employees | 52 employees | 110 employees,55 employees,A (30) + B (25) = 55 employees.,rohanmistry231/CSE-Aptitude-Test-Practice-Hub,04 Data Interpretation and Analysis/02 Intermediate/README.md
data-interpretation-intermediate-table-based-questions-0020,data-interpretation,Data Interpretation and Analysis,Table-Based Questions,intermediate,What is the percentage of HR employees in Branch A (2023) relative to its total workforce?,20.83% | 23.33% | 19.33% | 25%,20.83%,HR (25) ÷ Total (120) × 100 ≈ 20.83%.,rohanmistry231/CSE-Aptitude-Test-Practice-Hub,04 Data Interpretation and Analysis/02 Intermediate/README.md
data-interpretation-intermediate-bar-graph-based-questions-0021,data-interpretation,Data Interpretation and Analysis,Bar Graph-Based Questions,intermediate,"Data Context: Total = 500 + 550 + 600 = 1650 tons

What is the total production of Rice over the three years?",1650 tons | 1655 tons | 1647 tons | 3300 tons,1650 tons,Total = 500 + 550 + 600 = 1650 tons.,rohanmistry231/CSE-Aptitude-Test-Practice-Hub,04 Data Interpretation and Analysis/02 Intermediate/README.md
data-interpretation-intermediate-bar-graph-based-questions-0022,data-interpretation,Data Interpretation and Analysis,Bar Graph-Based Questions,intermediate,Which crop had the highest production in 2021?,Rice | None of the above | Both Rice... and alternative | Insufficient data,Rice,"2021: Rice (550), Wheat (420), Corn (320). Highest is Rice.",rohanmistry231/CSE-Aptitude-Test-Practice-Hub,04 Data Interpretation and Analysis/02 Intermediate/README.md
data-interpretation-intermediate-bar-graph-based-questions-0023,data-interpretation,Data Interpretation and Analysis,Bar Graph-Based Questions,intermediate,"Data Context: Total = 400 + 420 + 450 = 1270, Average = 1270 ÷ 3 ≈ 423

What is the average annual production of Wheat?",423.33 tons | 425.83 tons | 421.83 tons | 508 tons,423.33 tons,Total = 400 + 420 + 450 = 1270. Average = 1270 ÷ 3 ≈ 423.33 tons.,rohanmistry231/CSE-Aptitude-Test-Practice-Hub,04 Data Interpretation and Analysis/02 Intermediate/README.md
data-interpretation-intermediate-bar-graph-based-questions-0024,data-interpretation,Data Interpretation and Analysis,Bar Graph-Based Questions,intermediate,"Data Context: Increase = 350 - 300 = 50, % Growth = (50 ÷ 300) × 100 ≈ 16, 67%

What is the percentage growth in Corn production from 2020 to 2022?",16.67% | 19.17% | 15.17% | 20%,16.67%,Increase = 350 - 300 = 50. % Growth = (50 ÷ 300) × 100 ≈ 16.67%.,rohanmistry231/CSE-Aptitude-Test-Practice-Hub,04 Data Interpretation and Analysis/02 Intermediate/README.md
data-interpretation-intermediate-bar-graph-based-questions-0025,data-interpretation,Data Interpretation and Analysis,Bar Graph-Based Questions,intermediate,"Data Context: 2020: 500 + 400 + 300 = 1200 tons

What is the total production of all crops in 2020?",1200 tons | 1205 tons | 1197 tons | 2400 tons,1200 tons,2020: 500 + 400 + 300 = 1200 tons.,rohanmistry231/CSE-Aptitude-Test-Practice-Hub,04 Data Interpretation and Analysis/02 Intermediate/README.md
data-interpretation-intermediate-bar-graph-based-questions-0026,data-interpretation,Data Interpretation and Analysis,Bar Graph-Based Questions,intermediate,"Data Context: Rice (600) : Wheat (450) = 600 : 450 = 4 : 3

What is the ratio of Rice to Wheat production in 2022?",4 : 3 | 6 : 3 | 1 : 3 | 8 : 3,4 : 3,Rice (600) : Wheat (450) = 600 : 450 = 4 : 3.,rohanmistry231/CSE-Aptitude-Test-Practice-Hub,04 Data Interpretation and Analysis/02 Intermediate/README.md
data-interpretation-intermediate-bar-graph-based-questions-0027,data-interpretation,Data Interpretation and Analysis,Bar Graph-Based Questions,intermediate,"Data Context: Rice (550) - Corn (320) = 230 tons

By how much did Rice production exceed Corn in 2021?",230 tons | 235 tons | 227 tons | 460 tons,230 tons,Rice (550) - Corn (320) = 230 tons.,rohanmistry231/CSE-Aptitude-Test-Practice-Hub,04 Data Interpretation and Analysis/02 Intermediate/README.md
data-interpretation-intermediate-bar-graph-based-questions-0028,data-interpretation,Data Interpretation and Analysis,Bar Graph-Based Questions,intermediate,"Data Context: Rice: (550 - 500) ÷ 500 × 100 = 10%, Wheat: (420 - 400) ÷ 400 × 100 = 5%, 67%

Which crop showed the highest percentage growth from 2020 to 2021?",Rice | None of the above | Both Rice... and alternative | Insufficient data,Rice,Rice: (550 - 500) ÷ 500 × 100 = 10%. Wheat: (420 - 400) ÷ 400 × 100 = 5%. Corn: (320 - 300) ÷ 300 × 100 ≈ 6.67%. Highest is Rice.,rohanmistry231/CSE-Aptitude-Test-Practice-Hub,04 Data Interpretation and Analysis/02 Intermediate/README.md
data-interpretation-intermediate-bar-graph-based-questions-0029,data-interpretation,Data Interpretation and Analysis,Bar Graph-Based Questions,intermediate,"Data Context: Wheat (450) + Corn (350) = 800 tons

What is the combined production of Wheat and Corn in 2022?",800 tons | 805 tons | 797 tons | 1600 tons,800 tons,Wheat (450) + Corn (350) = 800 tons.,rohanmistry231/CSE-Aptitude-Test-Practice-Hub,04 Data Interpretation and Analysis/02 Intermediate/README.md
data-interpretation-intermediate-bar-graph-based-questions-0030,data-interpretation,Data Interpretation and Analysis,Bar Graph-Based Questions,intermediate,"Data Context: 2021: 550 + 420 + 320 = 1290, 2022: 600 + 450 + 350 = 1400 tons

Which year had the highest total production?","2022 **Bar Graph 2: Monthly Website Traffic (in thousands) for Two Sites (Jan–Mar)** - Jan: Site A (100), Site B (80) - Feb: Site A (120), Site B (90) - Mar: Site A (150), Site B (100) | 2027 **Bar Graph 2: Monthly Website Traffic (in thousands) for Two Sites (Jan–Mar)** - Jan: Site A (100), Site B (80) - Feb: Site A (120), Site B (90) - Mar: Site A (150), Site B (100) | 2019 **Bar Graph 2: Monthly Website Traffic (in thousands) for Two Sites (Jan–Mar)** - Jan: Site A (100), Site B (80) - Feb: Site A (120), Site B (90) - Mar: Site A (150), Site B (100) | 4044 **Bar Graph 2: Monthly Website Traffic (in thousands) for Two Sites (Jan–Mar)** - Jan: Site A (100), Site B (80) - Feb: Site A (120), Site B (90) - Mar: Site A (150), Site B (100)","2022 **Bar Graph 2: Monthly Website Traffic (in thousands) for Two Sites (Jan–Mar)** - Jan: Site A (100), Site B (80) - Feb: Site A (120), Site B (90) - Mar: Site A (150), Site B (100)",2020: 1200. 2021: 550 + 420 + 320 = 1290. 2022: 600 + 450 + 350 = 1400 tons. Highest is 2022.,rohanmistry231/CSE-Aptitude-Test-Practice-Hub,04 Data Interpretation and Analysis/02 Intermediate/README.md
data-interpretation-intermediate-bar-graph-based-questions-0031,data-interpretation,Data Interpretation and Analysis,Bar Graph-Based Questions,intermediate,"Data Context: Total = 100 + 120 + 150 = 370 (thousand) = 370,000 visitors

What is the total traffic for Site A over the three months?","370,000 visitors | 375,000 visitors | 367,000 visitors | 740,000 visitors","370,000 visitors","Total = 100 + 120 + 150 = 370 (thousand) = 370,000 visitors.",rohanmistry231/CSE-Aptitude-Test-Practice-Hub,04 Data Interpretation and Analysis/02 Intermediate/README.md
data-interpretation-intermediate-bar-graph-based-questions-0032,data-interpretation,Data Interpretation and Analysis,Bar Graph-Based Questions,intermediate,Which site had higher traffic in March?,Site A | None of the above | Both Site A... and alternative | Insufficient data,Site A,"Mar: A (150), B (100). A is higher.",rohanmistry231/CSE-Aptitude-Test-Practice-Hub,04 Data Interpretation and Analysis/02 Intermediate/README.md
data-interpretation-intermediate-bar-graph-based-questions-0033,data-interpretation,Data Interpretation and Analysis,Bar Graph-Based Questions,intermediate,"Data Context: Total = 80 + 90 + 100 = 270, Average = 270 ÷ 3 = 90 (thousand) = 90,000 visitors

What is the average monthly traffic for Site B?","90,000 visitors | 95,000 visitors | 87,000 visitors | 180,000 visitors","90,000 visitors","Total = 80 + 90 + 100 = 270. Average = 270 ÷ 3 = 90 (thousand) = 90,000 visitors.",rohanmistry231/CSE-Aptitude-Test-Practice-Hub,04 Data Interpretation and Analysis/02 Intermediate/README.md
data-interpretation-intermediate-bar-graph-based-questions-0034,data-interpretation,Data Interpretation and Analysis,Bar Graph-Based Questions,intermediate,"Data Context: Increase = 120 - 100 = 20, % Growth = (20 ÷ 100) × 100 = 20%

What is the percentage growth in Site A’s traffic from Jan to Feb?",20% | 25% | 17% | 40%,20%,Increase = 120 - 100 = 20. % Growth = (20 ÷ 100) × 100 = 20%.,rohanmistry231/CSE-Aptitude-Test-Practice-Hub,04 Data Interpretation and Analysis/02 Intermediate/README.md
data-interpretation-intermediate-bar-graph-based-questions-0035,data-interpretation,Data Interpretation and Analysis,Bar Graph-Based Questions,intermediate,"Data Context: Feb: A (120) + B (90) = 210 (thousand) = 210,000 visitors

What is the total traffic for both sites in Feb?","210,000 visitors | 215,000 visitors | 207,000 visitors | 420,000 visitors","210,000 visitors","Feb: A (120) + B (90) = 210 (thousand) = 210,000 visitors.",rohanmistry231/CSE-Aptitude-Test-Practice-Hub,04 Data Interpretation and Analysis/02 Intermediate/README.md
data-interpretation-intermediate-bar-graph-based-questions-0036,data-interpretation,Data Interpretation and Analysis,Bar Graph-Based Questions,intermediate,"Data Context: A (150) : B (100) = 150 : 100 = 3 : 2

What is the ratio of Site A to Site B traffic in Mar?",3 : 2 | 5 : 2 | 1 : 2 | 6 : 2,3 : 2,A (150) : B (100) = 150 : 100 = 3 : 2.,rohanmistry231/CSE-Aptitude-Test-Practice-Hub,04 Data Interpretation and Analysis/02 Intermediate/README.md
data-interpretation-intermediate-bar-graph-based-questions-0037,data-interpretation,Data Interpretation and Analysis,Bar Graph-Based Questions,intermediate,"Data Context: A (100) - B (80) = 20 (thousand) = 20,000 visitors

By how much did Site A’s traffic exceed Site B’s in Jan?","20,000 visitors | 25,000 visitors | 17,000 visitors | 40,000 visitors","20,000 visitors","A (100) - B (80) = 20 (thousand) = 20,000 visitors.",rohanmistry231/CSE-Aptitude-Test-Practice-Hub,04 Data Interpretation and Analysis/02 Intermediate/README.md
data-interpretation-intermediate-bar-graph-based-questions-0038,data-interpretation,Data Interpretation and Analysis,Bar Graph-Based Questions,intermediate,"Data Context: A: (150 - 100) ÷ 100 × 100 = 50%, B: (100 - 80) ÷ 80 × 100 = 25%

Which site showed higher percentage growth from Jan to Mar?",Site A | None of the above | Both Site A... and alternative | Insufficient data,Site A,A: (150 - 100) ÷ 100 × 100 = 50%. B: (100 - 80) ÷ 80 × 100 = 25%. A is higher.,rohanmistry231/CSE-Aptitude-Test-Practice-Hub,04 Data Interpretation and Analysis/02 Intermediate/README.md
data-interpretation-intermediate-bar-graph-based-questions-0039,data-interpretation,Data Interpretation and Analysis,Bar Graph-Based Questions,intermediate,"Data Context: Jan: A (100) + B (80) = 180 (thousand) = 180,000 visitors

What is the combined traffic of both sites in Jan?","180,000 visitors | 185,000 visitors | 177,000 visitors | 360,000 visitors","180,000 visitors","Jan: A (100) + B (80) = 180 (thousand) = 180,000 visitors.",rohanmistry231/CSE-Aptitude-Test-Practice-Hub,04 Data Interpretation and Analysis/02 Intermediate/README.md
data-interpretation-intermediate-bar-graph-based-questions-0040,data-interpretation,Data Interpretation and Analysis,Bar Graph-Based Questions,intermediate,"Data Context: Mar: 150 + 100 = 250 (thousand)

Which month had the highest total traffic?",March | None of the above | Both March... and alternative | Insufficient data,March,Jan: 180. Feb: 210. Mar: 150 + 100 = 250 (thousand). Highest is Mar.,rohanmistry231/CSE-Aptitude-Test-Practice-Hub,04 Data Interpretation and Analysis/02 Intermediate/README.md
data-interpretation-intermediate-pie-chart-based-questions-0041,data-interpretation,Data Interpretation and Analysis,Pie Chart-Based Questions,intermediate,"Data Context: A = 30% of 1000 = (30 ÷ 100) × 1000 = 300 units

How many units did Brand A sell?",300 units | 305 units | 297 units | 600 units,300 units,A = 30% of 1000 = (30 ÷ 100) × 1000 = 300 units.,rohanmistry231/CSE-Aptitude-Test-Practice-Hub,04 Data Interpretation and Analysis/02 Intermediate/README.md
data-interpretation-intermediate-pie-chart-based-questions-0042,data-interpretation,Data Interpretation and Analysis,Pie Chart-Based Questions,intermediate,"Data Context: B (25%) + C (20%) = 45%

What is the combined market share of Brands B and C?",45% | 50% | 42% | 90%,45%,B (25%) + C (20%) = 45%.,rohanmistry231/CSE-Aptitude-Test-Practice-Hub,04 Data Interpretation and Analysis/02 Intermediate/README.md
data-interpretation-intermediate-pie-chart-based-questions-0043,data-interpretation,Data Interpretation and Analysis,Pie Chart-Based Questions,intermediate,"Data Context: A (30% = 300) - D (15% = 150) = 300 - 150 = 150 units

How many more units did Brand A sell than Brand D?",150 units | 155 units | 147 units | 300 units,150 units,A (30% = 300) - D (15% = 150) = 300 - 150 = 150 units.,rohanmistry231/CSE-Aptitude-Test-Practice-Hub,04 Data Interpretation and Analysis/02 Intermediate/README.md
data-interpretation-intermediate-pie-chart-based-questions-0044,data-interpretation,Data Interpretation and Analysis,Pie Chart-Based Questions,intermediate,"Data Context: C (20% = 200) : E (10% = 100) = 200 : 100 = 2 : 1

What is the ratio of Brand C to Brand E units sold?",2 : 1 | 4 : 1 | 1 : 1 | 32 : 1,2 : 1,C (20% = 200) : E (10% = 100) = 200 : 100 = 2 : 1.,rohanmistry231/CSE-Aptitude-Test-Practice-Hub,04 Data Interpretation and Analysis/02 Intermediate/README.md
data-interpretation-intermediate-pie-chart-based-questions-0045,data-interpretation,Data Interpretation and Analysis,Pie Chart-Based Questions,intermediate,"Data Context: A (300) + B (25% = 250) + C (200) = 750 units

What is the total number of units sold by Brands A, B, and C?",750 units | 755 units | 747 units | 1500 units,750 units,A (300) + B (25% = 250) + C (200) = 750 units.,rohanmistry231/CSE-Aptitude-Test-Practice-Hub,04 Data Interpretation and Analysis/02 Intermediate/README.md
data-interpretation-intermediate-pie-chart-based-questions-0046,data-interpretation,Data Interpretation and Analysis,Pie Chart-Based Questions,intermediate,"Data Context: E (10%) is smallest

Which brand has the smallest market share?",Brand E | None of the above | Both Brand E... and alternative | Insufficient data,Brand E,E (10%) is smallest.,rohanmistry231/CSE-Aptitude-Test-Practice-Hub,04 Data Interpretation and Analysis/02 Intermediate/README.md
data-interpretation-intermediate-pie-chart-based-questions-0047,data-interpretation,Data Interpretation and Analysis,Pie Chart-Based Questions,intermediate,"Data Context: B = 25% (given)

What is the percentage of Brand B’s units relative to total units?",25% | 30% | 22% | 50%,25%,B = 25% (given).,rohanmistry231/CSE-Aptitude-Test-Practice-Hub,04 Data Interpretation and Analysis/02 Intermediate/README.md
data-interpretation-intermediate-pie-chart-based-questions-0048,data-interpretation,Data Interpretation and Analysis,Pie Chart-Based Questions,intermediate,"Data Context: D = 15% of 1000 = 150 units

How many units did Brand D sell?",150 units | 155 units | 147 units | 300 units,150 units,D = 15% of 1000 = 150 units.,rohanmistry231/CSE-Aptitude-Test-Practice-Hub,04 Data Interpretation and Analysis/02 Intermediate/README.md
data-interpretation-intermediate-pie-chart-based-questions-0049,data-interpretation,Data Interpretation and Analysis,Pie Chart-Based Questions,intermediate,"Data Context: A (300) - E (10% = 100) = 200 units

What is the difference in units sold between Brands A and E?",200 units | 205 units | 197 units | 400 units,200 units,A (300) - E (10% = 100) = 200 units.,rohanmistry231/CSE-Aptitude-Test-Practice-Hub,04 Data Interpretation and Analysis/02 Intermediate/README.md
data-interpretation-intermediate-pie-chart-based-questions-0050,data-interpretation,Data Interpretation and Analysis,Pie Chart-Based Questions,intermediate,"Data Context: A = 300, Increase = 10% of 300 = 30, New sales = 300 + 30 = 330 units

If Brand A’s sales increased by 10%, how many units would it sell?",330 units **Pie Chart 2: Expenditure of a Family (Total: $5000)** - Food: 35% - Rent: 30% - Education: 20% - Transport: 10% - Savings: 5% | 335 units **Pie Chart 2: Expenditure of a Family (Total: $5000)** - Food: 35% - Rent: 30% - Education: 20% - Transport: 10% - Savings: 5% | 327 units **Pie Chart 2: Expenditure of a Family (Total: $5000)** - Food: 35% - Rent: 30% - Education: 20% - Transport: 10% - Savings: 5% | 660 units **Pie Chart 2: Expenditure of a Family (Total: $5000)** - Food: 35% - Rent: 30% - Education: 20% - Transport: 10% - Savings: 5%,330 units **Pie Chart 2: Expenditure of a Family (Total: $5000)** - Food: 35% - Rent: 30% - Education: 20% - Transport: 10% - Savings: 5%,A = 300. Increase = 10% of 300 = 30. New sales = 300 + 30 = 330 units.,rohanmistry231/CSE-Aptitude-Test-Practice-Hub,04 Data Interpretation and Analysis/02 Intermediate/README.md
data-interpretation-intermediate-pie-chart-based-questions-0051,data-interpretation,Data Interpretation and Analysis,Pie Chart-Based Questions,intermediate,"Data Context: Food = 35% of 5000 = (35 ÷ 100) × 5000 = $1750

How much is spent on Food?",$1750 | $1755 | $1747 | $3500,$1750,Food = 35% of 5000 = (35 ÷ 100) × 5000 = $1750.,rohanmistry231/CSE-Aptitude-Test-Practice-Hub,04 Data Interpretation and Analysis/02 Intermediate/README.md
data-interpretation-intermediate-pie-chart-based-questions-0052,data-interpretation,Data Interpretation and Analysis,Pie Chart-Based Questions,intermediate,"Data Context: Rent (30%) + Education (20%) = 50%, 50% of 5000 = $2500

What is the combined expenditure on Rent and Education?",$2500 | $2505 | $2497 | $5000,$2500,Rent (30%) + Education (20%) = 50%. 50% of 5000 = $2500.,rohanmistry231/CSE-Aptitude-Test-Practice-Hub,04 Data Interpretation and Analysis/02 Intermediate/README.md
data-interpretation-intermediate-pie-chart-based-questions-0053,data-interpretation,Data Interpretation and Analysis,Pie Chart-Based Questions,intermediate,"Data Context: Food (1750) - Transport (10% = 500) = 1750 - 500 = $1250

How much more is spent on Food than on Transport?",$1250 | $1255 | $1247 | $2500,$1250,Food (1750) - Transport (10% = 500) = 1750 - 500 = $1250.,rohanmistry231/CSE-Aptitude-Test-Practice-Hub,04 Data Interpretation and Analysis/02 Intermediate/README.md
data-interpretation-intermediate-pie-chart-based-questions-0054,data-interpretation,Data Interpretation and Analysis,Pie Chart-Based Questions,intermediate,"Data Context: Education (20% = 1000) : Savings (5% = 250) = 1000 : 250 = 4 : 1

What is the ratio of Education to Savings expenditure?",4 : 1 | 6 : 1 | 1 : 1 | 8 : 1,4 : 1,Education (20% = 1000) : Savings (5% = 250) = 1000 : 250 = 4 : 1.,rohanmistry231/CSE-Aptitude-Test-Practice-Hub,04 Data Interpretation and Analysis/02 Intermediate/README.md
data-interpretation-intermediate-pie-chart-based-questions-0055,data-interpretation,Data Interpretation and Analysis,Pie Chart-Based Questions,intermediate,"Data Context: Food (1750) + Rent (30% = 1500) + Transport (500) = 1750 + 1500 + 500 = $3750

What is the total expenditure on Food, Rent, and Transport?",$3750 | $3755 | $3747 | $7500,$3750,Food (1750) + Rent (30% = 1500) + Transport (500) = 1750 + 1500 + 500 = $3750.,rohanmistry231/CSE-Aptitude-Test-Practice-Hub,04 Data Interpretation and Analysis/02 Intermediate/README.md
data-interpretation-intermediate-pie-chart-based-questions-0056,data-interpretation,Data Interpretation and Analysis,Pie Chart-Based Questions,intermediate,"Data Context: Savings (5%) is smallest

Which category has the least expenditure?",Savings | None of the above | Both Savings... and alternative | Insufficient data,Savings,Savings (5%) is smallest.,rohanmistry231/CSE-Aptitude-Test-Practice-Hub,04 Data Interpretation and Analysis/02 Intermediate/README.md
data-interpretation-intermediate-pie-chart-based-questions-0057,data-interpretation,Data Interpretation and Analysis,Pie Chart-Based Questions,intermediate,"Data Context: Rent = 30% (given)

What percentage of expenditure is on Rent?",30% | 35% | 27% | 60%,30%,Rent = 30% (given).,rohanmistry231/CSE-Aptitude-Test-Practice-Hub,04 Data Interpretation and Analysis/02 Intermediate/README.md
data-interpretation-intermediate-pie-chart-based-questions-0058,data-interpretation,Data Interpretation and Analysis,Pie Chart-Based Questions,intermediate,"Data Context: Savings = 5% of 5000 = $250

How much is spent on Savings?",$250 | $255 | $247 | $500,$250,Savings = 5% of 5000 = $250.,rohanmistry231/CSE-Aptitude-Test-Practice-Hub,04 Data Interpretation and Analysis/02 Intermediate/README.md
data-interpretation-intermediate-pie-chart-based-questions-0059,data-interpretation,Data Interpretation and Analysis,Pie Chart-Based Questions,intermediate,"Data Context: Food (1750) - Education (20% = 1000) = 1750 - 1000 = $750

What is the difference between Food and Education expenditure?",$750 | $755 | $747 | $1500,$750,Food (1750) - Education (20% = 1000) = 1750 - 1000 = $750.,rohanmistry231/CSE-Aptitude-Test-Practice-Hub,04 Data Interpretation and Analysis/02 Intermediate/README.md
data-interpretation-intermediate-pie-chart-based-questions-0060,data-interpretation,Data Interpretation and Analysis,Pie Chart-Based Questions,intermediate,"Data Context: Transport = 500, Increase = 20% of 500 = 100, New amount = 500 + 100 = $600

If Transport expenditure increased by 20%, what would be the new amount?",$600 | $605 | $597 | $1200,$600,Transport = 500. Increase = 20% of 500 = 100. New amount = 500 + 100 = $600.,rohanmistry231/CSE-Aptitude-Test-Practice-Hub,04 Data Interpretation and Analysis/02 Intermediate/README.md
data-interpretation-intermediate-line-graph-based-questions-0061,data-interpretation,Data Interpretation and Analysis,Line Graph-Based Questions,intermediate,"Data Context: Total = 200 + 220 + 250 + 270 + 300 + 320 = 1560 units

What is the total sales of P1 over the six months?",1560 units | 1565 units | 1557 units | 3120 units,1560 units,Total = 200 + 220 + 250 + 270 + 300 + 320 = 1560 units.,rohanmistry231/CSE-Aptitude-Test-Practice-Hub,04 Data Interpretation and Analysis/02 Intermediate/README.md
data-interpretation-intermediate-line-graph-based-questions-0062,data-interpretation,Data Interpretation and Analysis,Line Graph-Based Questions,intermediate,Which product had higher sales in April?,P1 | P3 | P2 | P31,P1,"Apr: P1 (270), P2 (200). P1 is higher.",rohanmistry231/CSE-Aptitude-Test-Practice-Hub,04 Data Interpretation and Analysis/02 Intermediate/README.md
data-interpretation-intermediate-line-graph-based-questions-0063,data-interpretation,Data Interpretation and Analysis,Line Graph-Based Questions,intermediate,"Data Context: Total = 150 + 160 + 180 + 200 + 220 + 240 = 1150, Average = 1150 ÷ 6 ≈ 191

What is the average monthly sales of P2?",191.67 units | 194.17 units | 190.17 units | 230 units,191.67 units,Total = 150 + 160 + 180 + 200 + 220 + 240 = 1150. Average = 1150 ÷ 6 ≈ 191.67 units.,rohanmistry231/CSE-Aptitude-Test-Practice-Hub,04 Data Interpretation and Analysis/02 Intermediate/README.md
data-interpretation-intermediate-line-graph-based-questions-0064,data-interpretation,Data Interpretation and Analysis,Line Graph-Based Questions,intermediate,"Data Context: Increase = 250 - 220 = 30, % Growth = (30 ÷ 220) × 100 ≈ 13, 64%

What is the percentage growth in P1 sales from Feb to Mar?",13.64% | 16.14% | 12.14% | 16.37%,13.64%,Increase = 250 - 220 = 30. % Growth = (30 ÷ 220) × 100 ≈ 13.64%.,rohanmistry231/CSE-Aptitude-Test-Practice-Hub,04 Data Interpretation and Analysis/02 Intermediate/README.md
data-interpretation-intermediate-line-graph-based-questions-0065,data-interpretation,Data Interpretation and Analysis,Line Graph-Based Questions,intermediate,"Data Context: May: P1 (300) + P2 (220) = 520 units

What is the total sales of both products in May?",520 units | 525 units | 517 units | 1040 units,520 units,May: P1 (300) + P2 (220) = 520 units.,rohanmistry231/CSE-Aptitude-Test-Practice-Hub,04 Data Interpretation and Analysis/02 Intermediate/README.md
data-interpretation-intermediate-line-graph-based-questions-0066,data-interpretation,Data Interpretation and Analysis,Line Graph-Based Questions,intermediate,"Data Context: P1 (320) : P2 (240) = 320 : 240 = 4 : 3

What is the ratio of P1 to P2 sales in Jun?",4 : 3 | 6 : 3 | 1 : 3 | 8 : 3,4 : 3,P1 (320) : P2 (240) = 320 : 240 = 4 : 3.,rohanmistry231/CSE-Aptitude-Test-Practice-Hub,04 Data Interpretation and Analysis/02 Intermediate/README.md
data-interpretation-intermediate-line-graph-based-questions-0067,data-interpretation,Data Interpretation and Analysis,Line Graph-Based Questions,intermediate,"Data Context: P1 (250) - P2 (180) = 70 units

By how many units did P1 sales exceed P2 in Mar?",70 units | 75 units | 67 units | 140 units,70 units,P1 (250) - P2 (180) = 70 units.,rohanmistry231/CSE-Aptitude-Test-Practice-Hub,04 Data Interpretation and Analysis/02 Intermediate/README.md
data-interpretation-intermediate-line-graph-based-questions-0068,data-interpretation,Data Interpretation and Analysis,Line Graph-Based Questions,intermediate,"Data Context: P1: (320 - 200) ÷ 200 × 100 = 60%, P2: (240 - 150) ÷ 150 × 100 = 60%

Which product showed higher percentage growth from Jan to Jun?",Both P1 and P2 | Both P3 and P2 | Both P2 and P2 | Both P31 and P2,Both P1 and P2,P1: (320 - 200) ÷ 200 × 100 = 60%. P2: (240 - 150) ÷ 150 × 100 = 60%. Both are equal.,rohanmistry231/CSE-Aptitude-Test-Practice-Hub,04 Data Interpretation and Analysis/02 Intermediate/README.md
data-interpretation-intermediate-line-graph-based-questions-0069,data-interpretation,Data Interpretation and Analysis,Line Graph-Based Questions,intermediate,"Data Context: Jan: P1 (200) + P2 (150) = 350 units

What is the combined sales of both products in Jan?",350 units | 355 units | 347 units | 700 units,350 units,Jan: P1 (200) + P2 (150) = 350 units.,rohanmistry231/CSE-Aptitude-Test-Practice-Hub,04 Data Interpretation and Analysis/02 Intermediate/README.md
data-interpretation-intermediate-line-graph-based-questions-0070,data-interpretation,Data Interpretation and Analysis,Line Graph-Based Questions,intermediate,"Data Context: Feb: 220 + 160 = 380, Mar: 250 + 180 = 430, Apr: 270 + 200 = 470

Which month had the highest total sales?","June **Line Graph 2: Quarterly Profit ($1000) of a Company (Q1–Q4, 2022–2023)** - 2022: Q1 (50), Q2 (60), Q3 (70), Q4 (80) - 2023: Q1 (55), Q2 (65), Q3 (75), Q4 (90) | June **Line Graph 4: Quarterly Profit ($1000) of a Company (Q1–Q4, 2022–2023)** - 2022: Q1 (50), Q2 (60), Q3 (70), Q4 (80) - 2023: Q1 (55), Q2 (65), Q3 (75), Q4 (90) | June **Line Graph 1: Quarterly Profit ($1000) of a Company (Q1–Q4, 2022–2023)** - 2022: Q1 (50), Q2 (60), Q3 (70), Q4 (80) - 2023: Q1 (55), Q2 (65), Q3 (75), Q4 (90) | June **Line Graph 32: Quarterly Profit ($1000) of a Company (Q1–Q4, 2022–2023)** - 2022: Q1 (50), Q2 (60), Q3 (70), Q4 (80) - 2023: Q1 (55), Q2 (65), Q3 (75), Q4 (90)","June **Line Graph 2: Quarterly Profit ($1000) of a Company (Q1–Q4, 2022–2023)** - 2022: Q1 (50), Q2 (60), Q3 (70), Q4 (80) - 2023: Q1 (55), Q2 (65), Q3 (75), Q4 (90)",Jan: 350. Feb: 220 + 160 = 380. Mar: 250 + 180 = 430. Apr: 270 + 200 = 470. May: 520. Jun: 320 + 240 = 560 units. Highest is Jun.,rohanmistry231/CSE-Aptitude-Test-Practice-Hub,04 Data Interpretation and Analysis/02 Intermediate/README.md
data-interpretation-intermediate-line-graph-based-questions-0071,data-interpretation,Data Interpretation and Analysis,Line Graph-Based Questions,intermediate,"Data Context: Total = 55 + 65 + 75 + 90 = 285 ($1000) = $285,000

What is the total profit in 2023?","$285,000 | $290,000 | $282,000 | $570,000","$285,000","Total = 55 + 65 + 75 + 90 = 285 ($1000) = $285,000.",rohanmistry231/CSE-Aptitude-Test-Practice-Hub,04 Data Interpretation and Analysis/02 Intermediate/README.md
data-interpretation-intermediate-line-graph-based-questions-0072,data-interpretation,Data Interpretation and Analysis,Line Graph-Based Questions,intermediate,Which quarter had the highest profit in 2023?,Q4 | Q6 | Q1 | Q8,Q4,Q4 (90) is highest.,rohanmistry231/CSE-Aptitude-Test-Practice-Hub,04 Data Interpretation and Analysis/02 Intermediate/README.md
data-interpretation-intermediate-line-graph-based-questions-0073,data-interpretation,Data Interpretation and Analysis,Line Graph-Based Questions,intermediate,"Data Context: Total = 50 + 60 + 70 + 80 = 260, Average = 260 ÷ 4 = 65 ($1000) = $65,000

What is the average quarterly profit in 2022?","$65,000 | $70,000 | $62,000 | $130,000","$65,000","Total = 50 + 60 + 70 + 80 = 260. Average = 260 ÷ 4 = 65 ($1000) = $65,000.",rohanmistry231/CSE-Aptitude-Test-Practice-Hub,04 Data Interpretation and Analysis/02 Intermediate/README.md
data-interpretation-intermediate-line-graph-based-questions-0074,data-interpretation,Data Interpretation and Analysis,Line Graph-Based Questions,intermediate,"Data Context: Increase = 65 - 55 = 10, % Growth = (10 ÷ 55) × 100 ≈ 18, 18%

What is the percentage growth in profit from Q1 to Q2 in 2023?",18.18% | 20.68% | 16.68% | 21.82%,18.18%,Increase = 65 - 55 = 10. % Growth = (10 ÷ 55) × 100 ≈ 18.18%.,rohanmistry231/CSE-Aptitude-Test-Practice-Hub,04 Data Interpretation and Analysis/02 Intermediate/README.md
data-interpretation-intermediate-line-graph-based-questions-0075,data-interpretation,Data Interpretation and Analysis,Line Graph-Based Questions,intermediate,"Data Context: 2022 (70) + 2023 (75) = 145 ($1000) = $145,000

What is the total profit in Q3 across both years?","$145,000 | $150,000 | $142,000 | $290,000","$145,000","2022 (70) + 2023 (75) = 145 ($1000) = $145,000.",rohanmistry231/CSE-Aptitude-Test-Practice-Hub,04 Data Interpretation and Analysis/02 Intermediate/README.md
data-interpretation-intermediate-line-graph-based-questions-0076,data-interpretation,Data Interpretation and Analysis,Line Graph-Based Questions,intermediate,"Data Context: 2022 (60) : 2023 (65) = 60 : 65 = 12 : 13

What is the ratio of profit in Q2 (2022) to Q2 (2023)?",12 : 13 | 17 : 13 | 9 : 13 | 24 : 13,12 : 13,2022 (60) : 2023 (65) = 60 : 65 = 12 : 13.,rohanmistry231/CSE-Aptitude-Test-Practice-Hub,04 Data Interpretation and Analysis/02 Intermediate/README.md
data-interpretation-intermediate-line-graph-based-questions-0077,data-interpretation,Data Interpretation and Analysis,Line Graph-Based Questions,intermediate,"Data Context: 2023 (90) - 2022 (80) = 10 ($1000) = $10,000

By how much did profit increase from Q4 2022 to Q4 2023?","$10,000 | $15,000 | $7,000 | $20,000","$10,000","2023 (90) - 2022 (80) = 10 ($1000) = $10,000.",rohanmistry231/CSE-Aptitude-Test-Practice-Hub,04 Data Interpretation and Analysis/02 Intermediate/README.md
data-interpretation-intermediate-line-graph-based-questions-0078,data-interpretation,Data Interpretation and Analysis,Line Graph-Based Questions,intermediate,Which year had higher total profit?,2023 | 2028 | 2020 | 4046,2023,2022: 260. 2023: 285 ($1000). 2023 is higher.,rohanmistry231/CSE-Aptitude-Test-Practice-Hub,04 Data Interpretation and Analysis/02 Intermediate/README.md
data-interpretation-intermediate-line-graph-based-questions-0079,data-interpretation,Data Interpretation and Analysis,Line Graph-Based Questions,intermediate,"Data Context: Q1 (55) + Q2 (65) = 120 ($1000) = $120,000

What is the combined profit in Q1 and Q2 of 2023?","$120,000 | $125,000 | $117,000 | $240,000","$120,000","Q1 (55) + Q2 (65) = 120 ($1000) = $120,000.",rohanmistry231/CSE-Aptitude-Test-Practice-Hub,04 Data Interpretation and Analysis/02 Intermediate/README.md
data-interpretation-intermediate-line-graph-based-questions-0080,data-interpretation,Data Interpretation and Analysis,Line Graph-Based Questions,intermediate,"Data Context: Q1: (55 - 50) ÷ 50 × 100 = 10%, 33%, 14%

Which quarter showed the highest percentage growth from 2022 to 2023?",Q4 | Q6 | Q1 | Q8,Q4,Q1: (55 - 50) ÷ 50 × 100 = 10%. Q2: (65 - 60) ÷ 60 × 100 ≈ 8.33%. Q3: (75 - 70) ÷ 70 × 100 ≈ 7.14%. Q4: (90 - 80) ÷ 80 × 100 = 12.5%. Highest is Q4.,rohanmistry231/CSE-Aptitude-Test-Practice-Hub,04 Data Interpretation and Analysis/02 Intermediate/README.md
data-interpretation-intermediate-caselet-based-questions-0081,data-interpretation,Data Interpretation and Analysis,Caselet-Based Questions,intermediate,"Data Context: Discount = 20% of $10 = $2, Price = $8/unit, Revenue = 500 × 8 = $4000

What is the revenue from Product X after discount?",$4000 | $4005 | $3997 | $8000,$4000,Discount = 20% of $10 = $2. Price = $8/unit. Revenue = 500 × 8 = $4000.,rohanmistry231/CSE-Aptitude-Test-Practice-Hub,04 Data Interpretation and Analysis/02 Intermediate/README.md
data-interpretation-intermediate-caselet-based-questions-0082,data-interpretation,Data Interpretation and Analysis,Caselet-Based Questions,intermediate,"Data Context: Discount = 10% of $15 = $1, Price = $13, Revenue = 400 × 13

What is the revenue from Product Y after discount?",$5400 | $5405 | $5397 | $10800,$5400,Discount = 10% of $15 = $1.5. Price = $13.5/unit. Revenue = 400 × 13.5 = $5400.,rohanmistry231/CSE-Aptitude-Test-Practice-Hub,04 Data Interpretation and Analysis/02 Intermediate/README.md
data-interpretation-intermediate-caselet-based-questions-0083,data-interpretation,Data Interpretation and Analysis,Caselet-Based Questions,intermediate,"Data Context: Revenue = 300 × 20 = $6000

What is the revenue from Product Z?",$6000 | $6005 | $5997 | $12000,$6000,Revenue = 300 × 20 = $6000.,rohanmistry231/CSE-Aptitude-Test-Practice-Hub,04 Data Interpretation and Analysis/02 Intermediate/README.md
data-interpretation-intermediate-caselet-based-questions-0084,data-interpretation,Data Interpretation and Analysis,Caselet-Based Questions,intermediate,"Data Context: Total = 4000 + 5400 + 6000 = $15,400

What is the total revenue from all products?","$15,400 | $20,400 | $12,400 | $30,400","$15,400","Total = 4000 + 5400 + 6000 = $15,400.",rohanmistry231/CSE-Aptitude-Test-Practice-Hub,04 Data Interpretation and Analysis/02 Intermediate/README.md
data-interpretation-intermediate-caselet-based-questions-0085,data-interpretation,Data Interpretation and Analysis,Caselet-Based Questions,intermediate,Which product generated the highest revenue?,Product Z | None of the above | Both Product Z... and alternative | Insufficient data,Product Z,"X ($4000), Y ($5400), Z ($6000). Highest is Z.",rohanmistry231/CSE-Aptitude-Test-Practice-Hub,04 Data Interpretation and Analysis/02 Intermediate/README.md
data-interpretation-intermediate-caselet-based-questions-0086,data-interpretation,Data Interpretation and Analysis,Caselet-Based Questions,intermediate,"Data Context: Total units = 500 + 400 + 300 = 1200, Total revenue = $15,400, Average = 15,400 ÷ 1200 ≈ $12

What is the average price per unit sold after discounts?",$12.83/unit | $15.33/unit | $11.33/unit | $15.4/unit,$12.83/unit,"Total units = 500 + 400 + 300 = 1200. Total revenue = $15,400. Average = 15,400 ÷ 1200 ≈ $12.83/unit.",rohanmistry231/CSE-Aptitude-Test-Practice-Hub,04 Data Interpretation and Analysis/02 Intermediate/README.md
data-interpretation-intermediate-caselet-based-questions-0087,data-interpretation,Data Interpretation and Analysis,Caselet-Based Questions,intermediate,"Data Context: X (500) : Y (400) = 500 : 400 = 5 : 4

What is the ratio of units sold of X to Y?",5 : 4 | 7 : 4 | 2 : 4 | 10 : 4,5 : 4,X (500) : Y (400) = 500 : 400 = 5 : 4.,rohanmistry231/CSE-Aptitude-Test-Practice-Hub,04 Data Interpretation and Analysis/02 Intermediate/README.md
data-interpretation-intermediate-caselet-based-questions-0088,data-interpretation,Data Interpretation and Analysis,Caselet-Based Questions,intermediate,"Data Context: Z ($6000) - X ($4000) = $2000

How much more revenue did Z generate than X?",$2000 | $2005 | $1997 | $4000,$2000,Z ($6000) - X ($4000) = $2000.,rohanmistry231/CSE-Aptitude-Test-Practice-Hub,04 Data Interpretation and Analysis/02 Intermediate/README.md
data-interpretation-intermediate-caselet-based-questions-0089,data-interpretation,Data Interpretation and Analysis,Caselet-Based Questions,intermediate,"Data Context: Y ($5400) ÷ Total ($15,400) × 100 ≈ 35, 06%

What percentage of total revenue comes from Y?",35.06% | 37.56% | 33.56% | 42.07%,35.06%,"Y ($5400) ÷ Total ($15,400) × 100 ≈ 35.06%.",rohanmistry231/CSE-Aptitude-Test-Practice-Hub,04 Data Interpretation and Analysis/02 Intermediate/README.md
data-interpretation-intermediate-caselet-based-questions-0090,data-interpretation,Data Interpretation and Analysis,Caselet-Based Questions,intermediate,"Data Context: X: 500 × $2 = $1000, 5 = $600, Total = 1000 + 600 = $1600

What is the total discount amount given on X and Y?","$1600 **Caselet 2: A School’s Exam Results** - Class A: 50 students, 60% passed, average score 70 - Class B: 40 students, 75% passed, average score 65 - Class C: 30 students, 80% passed, average score 80 | $1605 **Caselet 2: A School’s Exam Results** - Class A: 50 students, 60% passed, average score 70 - Class B: 40 students, 75% passed, average score 65 - Class C: 30 students, 80% passed, average score 80 | $1597 **Caselet 2: A School’s Exam Results** - Class A: 50 students, 60% passed, average score 70 - Class B: 40 students, 75% passed, average score 65 - Class C: 30 students, 80% passed, average score 80 | $3200 **Caselet 2: A School’s Exam Results** - Class A: 50 students, 60% passed, average score 70 - Class B: 40 students, 75% passed, average score 65 - Class C: 30 students, 80% passed, average score 80","$1600 **Caselet 2: A School’s Exam Results** - Class A: 50 students, 60% passed, average score 70 - Class B: 40 students, 75% passed, average score 65 - Class C: 30 students, 80% passed, average score 80",X: 500 × $2 = $1000. Y: 400 × $1.5 = $600. Total = 1000 + 600 = $1600.,rohanmistry231/CSE-Aptitude-Test-Practice-Hub,04 Data Interpretation and Analysis/02 Intermediate/README.md
data-interpretation-intermediate-caselet-based-questions-0091,data-interpretation,Data Interpretation and Analysis,Caselet-Based Questions,intermediate,"Data Context: Passed = 60% of 50 = (60 ÷ 100) × 50 = 30 students

How many students passed in Class A?",30 students | 35 students | 27 students | 60 students,30 students,Passed = 60% of 50 = (60 ÷ 100) × 50 = 30 students.,rohanmistry231/CSE-Aptitude-Test-Practice-Hub,04 Data Interpretation and Analysis/02 Intermediate/README.md
data-interpretation-intermediate-caselet-based-questions-0092,data-interpretation,Data Interpretation and Analysis,Caselet-Based Questions,intermediate,"Data Context: Total score = 40 × 65 = 2600

What is the total score of all students in Class B?",2600 | 2605 | 2597 | 5200,2600,Total score = 40 × 65 = 2600.,rohanmistry231/CSE-Aptitude-Test-Practice-Hub,04 Data Interpretation and Analysis/02 Intermediate/README.md
data-interpretation-intermediate-caselet-based-questions-0093,data-interpretation,Data Interpretation and Analysis,Caselet-Based Questions,intermediate,"Data Context: A: 60%, B: 75%, C: 80%

Which class had the highest pass percentage?",Class C | None of the above | Both Class C... and alternative | Insufficient data,Class C,"A: 60%, B: 75%, C: 80%. Highest is C.",rohanmistry231/CSE-Aptitude-Test-Practice-Hub,04 Data Interpretation and Analysis/02 Intermediate/README.md
data-interpretation-intermediate-caselet-based-questions-0094,data-interpretation,Data Interpretation and Analysis,Caselet-Based Questions,intermediate,"Data Context: Passed = 80% of 30 = 24, Failed = 30 - 24 = 6 students

How many students failed in Class C?",6 students | 11 students | 3 students | 12 students,6 students,Passed = 80% of 30 = 24. Failed = 30 - 24 = 6 students.,rohanmistry231/CSE-Aptitude-Test-Practice-Hub,04 Data Interpretation and Analysis/02 Intermediate/README.md
data-interpretation-intermediate-caselet-based-questions-0095,data-interpretation,Data Interpretation and Analysis,Caselet-Based Questions,intermediate,"Data Context: A: 30, B: 75% of 40 = 30, C: 24, Total = 30 + 30 + 24 = 84 students

What is the total number of students who passed across all classes?",84 students | 89 students | 81 students | 168 students,84 students,"A: 30, B: 75% of 40 = 30, C: 24. Total = 30 + 30 + 24 = 84 students.",rohanmistry231/CSE-Aptitude-Test-Practice-Hub,04 Data Interpretation and Analysis/02 Intermediate/README.md
data-interpretation-intermediate-caselet-based-questions-0096,data-interpretation,Data Interpretation and Analysis,Caselet-Based Questions,intermediate,"Data Context: Total students = 50 + 40 + 30 = 120, Total score = (50 × 70) + (40 × 65) + (30 × 80) = 3500 + 2600 + 2400 = 8500, Average = 8500 ÷ 120 ≈ 70

What is the average score of all students across the three classes?",70.83 | 73.33 | 69.33 | 85,70.83,Total students = 50 + 40 + 30 = 120. Total score = (50 × 70) + (40 × 65) + (30 × 80) = 3500 + 2600 + 2400 = 8500. Average = 8500 ÷ 120 ≈ 70.83.,rohanmistry231/CSE-Aptitude-Test-Practice-Hub,04 Data Interpretation and Analysis/02 Intermediate/README.md
data-interpretation-intermediate-caselet-based-questions-0097,data-interpretation,Data Interpretation and Analysis,Caselet-Based Questions,intermediate,"Data Context: A (30) : B (30) = 30 : 30 = 1 : 1

What is the ratio of passed students in Class A to Class B?",1 : 1 | 3 : 1 | 2 : 1 | 31 : 1,1 : 1,A (30) : B (30) = 30 : 30 = 1 : 1.,rohanmistry231/CSE-Aptitude-Test-Practice-Hub,04 Data Interpretation and Analysis/02 Intermediate/README.md
data-interpretation-intermediate-caselet-based-questions-0098,data-interpretation,Data Interpretation and Analysis,Caselet-Based Questions,intermediate,"Data Context: C (80) - B (65) = 15

How much higher is Class C’s average score than Class B’s?",15 | 20 | 12 | 30,15,C (80) - B (65) = 15.,rohanmistry231/CSE-Aptitude-Test-Practice-Hub,04 Data Interpretation and Analysis/02 Intermediate/README.md
data-interpretation-intermediate-caselet-based-questions-0099,data-interpretation,Data Interpretation and Analysis,Caselet-Based Questions,intermediate,"Data Context: Total students = 120, Passed = 84, % Passed = (84 ÷ 120) × 100 = 70%

What percentage of total students passed?",70% | 75% | 67% | 140%,70%,Total students = 120. Passed = 84. % Passed = (84 ÷ 120) × 100 = 70%.,rohanmistry231/CSE-Aptitude-Test-Practice-Hub,04 Data Interpretation and Analysis/02 Intermediate/README.md
data-interpretation-intermediate-caselet-based-questions-0100,data-interpretation,Data Interpretation and Analysis,Caselet-Based Questions,intermediate,"Data Context: Passed = 24 students, Total score = 24 × 80 = 1920

What is the total score of passed students in Class C?",1920 | 1925 | 1917 | 3840,1920,Passed = 24 students. Total score = 24 × 80 = 1920.,rohanmistry231/CSE-Aptitude-Test-Practice-Hub,04 Data Interpretation and Analysis/02 Intermediate/README.md
data-interpretation-advanced-multiple-table-based-questions-0001,data-interpretation,Data Interpretation and Analysis,Multiple Table-Based Questions,advanced,"Data Context: Sales = 600 ($1000) = 600,000, Units = 600,000 ÷ 15 = 40,000, Revenue = 40,000 × 15 = $600,000

What is the total revenue from Product X in Region A in 2023?","$600,000 | $605,000 | $597,000 | $1200,000","$600,000","Sales = 600 ($1000) = 600,000. Units = 600,000 ÷ 15 = 40,000. Revenue = 40,000 × 15 = $600,000.",rohanmistry231/CSE-Aptitude-Test-Practice-Hub,04 Data Interpretation and Analysis/03 Advance/README.md
data-interpretation-advanced-multiple-table-based-questions-0002,data-interpretation,Data Interpretation and Analysis,Multiple Table-Based Questions,advanced,"Data Context: X: 450,000 ÷ 12 = 37,500 units × 12 = $450,000, Y: 270,000 ÷ 9 = 30,000 units × 9 = $270,000, Z: 180,000 ÷ 6 = 30,000 units × 6 = $180,000

Which product had the highest revenue in Region B in 2022?",Product X | None of the above | Both Product X... and alternative | Insufficient data,Product X,"X: 450,000 ÷ 12 = 37,500 units × 12 = $450,000. Y: 270,000 ÷ 9 = 30,000 units × 9 = $270,000. Z: 180,000 ÷ 6 = 30,000 units × 6 = $180,000. Highest is X.",rohanmistry231/CSE-Aptitude-Test-Practice-Hub,04 Data Interpretation and Analysis/03 Advance/README.md
data-interpretation-advanced-multiple-table-based-questions-0003,data-interpretation,Data Interpretation and Analysis,Multiple Table-Based Questions,advanced,What is the compound annual growth rate (CAGR) of Product Y’s sales in Region A from 2021 to 2023?,8.01% | 10.51% | 6.51% | 9.61%,8.01%,"Initial (2021) = 300 ($1000), Final (2023) = 350 ($1000). CAGR = [(350 ÷ 300)^(1/2) - 1] × 100 ≈ [(1.1667)^0.5 - 1] × 100 ≈ 8.01%.",rohanmistry231/CSE-Aptitude-Test-Practice-Hub,04 Data Interpretation and Analysis/03 Advance/README.md
data-interpretation-advanced-multiple-table-based-questions-0004,data-interpretation,Data Interpretation and Analysis,Multiple Table-Based Questions,advanced,"What is the weighted average unit price of all products in 2022, weighted by units sold in Region A?",$9.26 | $11.76 | $7.76 | $11.11,$9.26,"Units X: 550,000 ÷ 12 ≈ 45,833. Y: 320,000 ÷ 9 ≈ 35,556. Z: 220,000 ÷ 6 ≈ 36,667. Total units = 45,833 + 35,556 + 36,667 ≈ 118,056. Weighted price = [(45,833 × 12) + (35,556 × 9) + (36,667 × 6)] ÷ 118,056 ≈ $9.26.",rohanmistry231/CSE-Aptitude-Test-Practice-Hub,04 Data Interpretation and Analysis/03 Advance/README.md
data-interpretation-advanced-multiple-table-based-questions-0005,data-interpretation,Data Interpretation and Analysis,Multiple Table-Based Questions,advanced,"Data Context: A: 200,000 ÷ 5 = 40,000 units × 5 = $200,000, B: 150,000 ÷ 5 = 30,000 units × 5 = $150,000, Total = 200,000 + 150,000 = $350,000

What is the total revenue across both regions for Product Z in 2021?","$350,000 | $355,000 | $347,000 | $700,000","$350,000","A: 200,000 ÷ 5 = 40,000 units × 5 = $200,000. B: 150,000 ÷ 5 = 30,000 units × 5 = $150,000. Total = 200,000 + 150,000 = $350,000.",rohanmistry231/CSE-Aptitude-Test-Practice-Hub,04 Data Interpretation and Analysis/03 Advance/README.md
data-interpretation-advanced-multiple-table-based-questions-0006,data-interpretation,Data Interpretation and Analysis,Multiple Table-Based Questions,advanced,What is the percentage contribution of Product X to total revenue in Region B in 2023?,50% | 55% | 47% | 100%,50%,"X: 500,000 ÷ 15 ≈ 33,333 units × 15 = $500,000. Y: 300,000 ÷ 10 = 30,000 units × 10 = $300,000. Z: 200,000 ÷ 7 ≈ 28,571 units × 7 ≈ $200,000. Total = 500,000 + 300,000 + 200,000 = $1,000,000. % X = (500,000 ÷ 1,000,000) × 100 = 50%.",rohanmistry231/CSE-Aptitude-Test-Practice-Hub,04 Data Interpretation and Analysis/03 Advance/README.md
data-interpretation-advanced-multiple-table-based-questions-0007,data-interpretation,Data Interpretation and Analysis,Multiple Table-Based Questions,advanced,What is the ratio of units sold of Product Y in Region A to Region B in 2022?,119 : 100 | 124 : 100 | 116 : 100 | 238 : 100,119 : 100,"A: 320,000 ÷ 9 ≈ 35,556 units. B: 270,000 ÷ 9 = 30,000 units. Ratio = 35,556 : 30,000 ≈ 1.19 : 1 ≈ 119 : 100.",rohanmistry231/CSE-Aptitude-Test-Practice-Hub,04 Data Interpretation and Analysis/03 Advance/README.md
data-interpretation-advanced-multiple-table-based-questions-0008,data-interpretation,Data Interpretation and Analysis,Multiple Table-Based Questions,advanced,"Data Context: % Growth = (50 ÷ 200) × 100 = 25%, % Growth = (50 ÷ 150) × 100 ≈ 33, 33%

Which region showed the highest revenue growth for Product Z from 2021 to 2023?",Region B | None of the above | Both Region B... and alternative | Insufficient data,Region B,"A: 2021: 200,000, 2023: 250,000. % Growth = (50 ÷ 200) × 100 = 25%. B: 2021: 150,000, 2023: 200,000. % Growth = (50 ÷ 150) × 100 ≈ 33.33%. B is higher.",rohanmistry231/CSE-Aptitude-Test-Practice-Hub,04 Data Interpretation and Analysis/03 Advance/README.md
data-interpretation-advanced-multiple-table-based-questions-0009,data-interpretation,Data Interpretation and Analysis,Multiple Table-Based Questions,advanced,"Data Context: Total = 550,000 + 320,000 + 220,000 = $1,090,000

What is the total revenue of all products in Region A in 2022?","$1,090,000 | $3,090,000 | $2,090,000 | $31,090,000","$1,090,000","X: 550,000. Y: 320,000. Z: 220,000. Total = 550,000 + 320,000 + 220,000 = $1,090,000.",rohanmistry231/CSE-Aptitude-Test-Practice-Hub,04 Data Interpretation and Analysis/03 Advance/README.md
data-interpretation-advanced-multiple-table-based-questions-0010,data-interpretation,Data Interpretation and Analysis,Multiple Table-Based Questions,advanced,What is the percentage increase in unit price of Product X from 2021 to 2023?,"50% **Table 3: Production Costs ($ per unit) and Units Produced (2021–2023)** | Product | Cost (2021) | Cost (2022) | Cost (2023) | Units (2021) | Units (2022) | Units (2023) | |---------|-------------|-------------|-------------|--------------|--------------|--------------| | P | 4 | 5 | 6 | 20,000 | 22,000 | 25,000 | | Q | 6 | 7 | 8 | 15,000 | 18,000 | 20,000 | | 55% **Table 3: Production Costs ($ per unit) and Units Produced (2021–2023)** | Product | Cost (2021) | Cost (2022) | Cost (2023) | Units (2021) | Units (2022) | Units (2023) | |---------|-------------|-------------|-------------|--------------|--------------|--------------| | P | 4 | 5 | 6 | 20,000 | 22,000 | 25,000 | | Q | 6 | 7 | 8 | 15,000 | 18,000 | 20,000 | | 47% **Table 3: Production Costs ($ per unit) and Units Produced (2021–2023)** | Product | Cost (2021) | Cost (2022) | Cost (2023) | Units (2021) | Units (2022) | Units (2023) | |---------|-------------|-------------|-------------|--------------|--------------|--------------| | P | 4 | 5 | 6 | 20,000 | 22,000 | 25,000 | | Q | 6 | 7 | 8 | 15,000 | 18,000 | 20,000 | | 100% **Table 3: Production Costs ($ per unit) and Units Produced (2021–2023)** | Product | Cost (2021) | Cost (2022) | Cost (2023) | Units (2021) | Units (2022) | Units (2023) | |---------|-------------|-------------|-------------|--------------|--------------|--------------| | P | 4 | 5 | 6 | 20,000 | 22,000 | 25,000 | | Q | 6 | 7 | 8 | 15,000 | 18,000 | 20,000 |","50% **Table 3: Production Costs ($ per unit) and Units Produced (2021–2023)** | Product | Cost (2021) | Cost (2022) | Cost (2023) | Units (2021) | Units (2022) | Units (2023) | |---------|-------------|-------------|-------------|--------------|--------------|--------------| | P | 4 | 5 | 6 | 20,000 | 22,000 | 25,000 | | Q | 6 | 7 | 8 | 15,000 | 18,000 | 20,000 |",Increase = 15 - 10 = 5. % Increase = (5 ÷ 10) × 100 = 50%.,rohanmistry231/CSE-Aptitude-Test-Practice-Hub,04 Data Interpretation and Analysis/03 Advance/README.md
data-interpretation-advanced-multiple-table-based-questions-0011,data-interpretation,Data Interpretation and Analysis,Multiple Table-Based Questions,advanced,"Data Context: Cost = 22,000 × 5 = $110,000

What is the total production cost of Product P in 2022?","$110,000 | $115,000 | $107,000 | $220,000","$110,000","Cost = 22,000 × 5 = $110,000.",rohanmistry231/CSE-Aptitude-Test-Practice-Hub,04 Data Interpretation and Analysis/03 Advance/README.md
data-interpretation-advanced-multiple-table-based-questions-0012,data-interpretation,Data Interpretation and Analysis,Multiple Table-Based Questions,advanced,What is the percentage increase in production cost per unit for Product Q from 2021 to 2023?,33.33% | 35.83% | 31.83% | 40%,33.33%,Increase = 8 - 6 = 2. % Increase = (2 ÷ 6) × 100 ≈ 33.33%.,rohanmistry231/CSE-Aptitude-Test-Practice-Hub,04 Data Interpretation and Analysis/03 Advance/README.md
data-interpretation-advanced-multiple-table-based-questions-0013,data-interpretation,Data Interpretation and Analysis,Multiple Table-Based Questions,advanced,"Data Context: P: 25,000 × 6 = $150,000, Q: 20,000 × 8 = $160,000, Total = 150,000 + 160,000 = $310,000

What is the total cost of producing both products in 2023?","$310,000 | $315,000 | $307,000 | $620,000","$310,000","P: 25,000 × 6 = $150,000. Q: 20,000 × 8 = $160,000. Total = 150,000 + 160,000 = $310,000.",rohanmistry231/CSE-Aptitude-Test-Practice-Hub,04 Data Interpretation and Analysis/03 Advance/README.md
data-interpretation-advanced-multiple-table-based-questions-0014,data-interpretation,Data Interpretation and Analysis,Multiple Table-Based Questions,advanced,"Data Context: Initial = 20,000, Final = 25,000, CAGR = [(25,000 ÷ 20,000)^(1/2) - 1] × 100 ≈ 11, 80%

What is the CAGR of units produced for Product P from 2021 to 2023?",11.80% | 14.3% | 10.3% | 14.16%,11.80%,"Initial = 20,000, Final = 25,000. CAGR = [(25,000 ÷ 20,000)^(1/2) - 1] × 100 ≈ 11.80%.",rohanmistry231/CSE-Aptitude-Test-Practice-Hub,04 Data Interpretation and Analysis/03 Advance/README.md
data-interpretation-advanced-multiple-table-based-questions-0015,data-interpretation,Data Interpretation and Analysis,Multiple Table-Based Questions,advanced,"Data Context: P: 20,000 × 4 = $80,000, Q: 15,000 × 6 = $90,000, Ratio = 80,000 : 90,000 = 8 : 9

What is the ratio of total production costs of P to Q in 2021?",8 : 9 | 13 : 9 | 5 : 9 | 16 : 9,8 : 9,"P: 20,000 × 4 = $80,000. Q: 15,000 × 6 = $90,000. Ratio = 80,000 : 90,000 = 8 : 9.",rohanmistry231/CSE-Aptitude-Test-Practice-Hub,04 Data Interpretation and Analysis/03 Advance/README.md
data-interpretation-advanced-multiple-table-based-questions-0016,data-interpretation,Data Interpretation and Analysis,Multiple Table-Based Questions,advanced,"Data Context: P: (5 - 4) ÷ 4 × 100 = 25%, 67%

Which product had higher cost growth per unit from 2021 to 2022?",Product P | None of the above | Both Product P... and alternative | Insufficient data,Product P,P: (5 - 4) ÷ 4 × 100 = 25%. Q: (7 - 6) ÷ 6 × 100 ≈ 16.67%. P is higher.,rohanmistry231/CSE-Aptitude-Test-Practice-Hub,04 Data Interpretation and Analysis/03 Advance/README.md
data-interpretation-advanced-multiple-table-based-questions-0017,data-interpretation,Data Interpretation and Analysis,Multiple Table-Based Questions,advanced,"Data Context: P: 22,000 + Q: 18,000 = 40,000 units

What is the total units produced in 2022?","40,000 units | 45,000 units | 37,000 units | 80,000 units","40,000 units","P: 22,000 + Q: 18,000 = 40,000 units.",rohanmistry231/CSE-Aptitude-Test-Practice-Hub,04 Data Interpretation and Analysis/03 Advance/README.md
data-interpretation-advanced-multiple-table-based-questions-0018,data-interpretation,Data Interpretation and Analysis,Multiple Table-Based Questions,advanced,"Data Context: Total: $310,000, % = (160,000 ÷ 310,000) × 100 ≈ 51, 61%

What is the percentage contribution of Product Q’s cost to total cost in 2023?",51.61% | 54.11% | 50.11% | 61.93%,51.61%,"Q: $160,000. Total: $310,000. % = (160,000 ÷ 310,000) × 100 ≈ 51.61%.",rohanmistry231/CSE-Aptitude-Test-Practice-Hub,04 Data Interpretation and Analysis/03 Advance/README.md
data-interpretation-advanced-multiple-table-based-questions-0019,data-interpretation,Data Interpretation and Analysis,Multiple Table-Based Questions,advanced,"Data Context: 2021: 20,000 × 4 = $80,000, 2023: 25,000 × 6 = $150,000, Difference = 150,000 - 80,000 = $70,000

What is the difference in production cost for Product P between 2021 and 2023?","$70,000 | $75,000 | $67,000 | $140,000","$70,000","2021: 20,000 × 4 = $80,000. 2023: 25,000 × 6 = $150,000. Difference = 150,000 - 80,000 = $70,000.",rohanmistry231/CSE-Aptitude-Test-Practice-Hub,04 Data Interpretation and Analysis/03 Advance/README.md
data-interpretation-advanced-multiple-table-based-questions-0020,data-interpretation,Data Interpretation and Analysis,Multiple Table-Based Questions,advanced,"Data Context: Total units = 40,000, Cost = (22,000 × 5) + (18,000 × 7) = 110,000 + 126,000 = $236,000, Average = 236,000 ÷ 40,000 = $5

What is the weighted average cost per unit in 2022, weighted by units produced?",$5.90 | $8.4 | $4.4 | $7.08,$5.90,"Total units = 40,000. Cost = (22,000 × 5) + (18,000 × 7) = 110,000 + 126,000 = $236,000. Average = 236,000 ÷ 40,000 = $5.90.",rohanmistry231/CSE-Aptitude-Test-Practice-Hub,04 Data Interpretation and Analysis/03 Advance/README.md
data-interpretation-advanced-stacked-bar-graph-based-questions-0021,data-interpretation,Data Interpretation and Analysis,Stacked Bar Graph-Based Questions,advanced,"Data Context: Total = 300 + 350 + 400 = 1050 ($1000) = $1,050,000

What is the total revenue from Electronics in City A over the three years?","$1,050,000 | $3,050,000 | $2,050,000 | $31,050,000","$1,050,000","Total = 300 + 350 + 400 = 1050 ($1000) = $1,050,000.",rohanmistry231/CSE-Aptitude-Test-Practice-Hub,04 Data Interpretation and Analysis/03 Advance/README.md
data-interpretation-advanced-stacked-bar-graph-based-questions-0022,data-interpretation,Data Interpretation and Analysis,Stacked Bar Graph-Based Questions,advanced,Which city had the highest Apparel revenue in 2023?,City A | None of the above | Both City A... and alternative | Insufficient data,City A,"A: 250, B: 180, C: 150. Highest is A.",rohanmistry231/CSE-Aptitude-Test-Practice-Hub,04 Data Interpretation and Analysis/03 Advance/README.md
data-interpretation-advanced-stacked-bar-graph-based-questions-0023,data-interpretation,Data Interpretation and Analysis,Stacked Bar Graph-Based Questions,advanced,What is the percentage growth of Food revenue in City B from 2021 to 2023?,40% | 45% | 37% | 80%,40%,Increase = 70 - 50 = 20. % Growth = (20 ÷ 50) × 100 = 40%.,rohanmistry231/CSE-Aptitude-Test-Practice-Hub,04 Data Interpretation and Analysis/03 Advance/README.md
data-interpretation-advanced-stacked-bar-graph-based-questions-0024,data-interpretation,Data Interpretation and Analysis,Stacked Bar Graph-Based Questions,advanced,"Data Context: Total = 270 + 120 + 60 = 450 ($1000) = $450,000

What is the total revenue in City C in 2022?","$450,000 | $455,000 | $447,000 | $900,000","$450,000","Total = 270 + 120 + 60 = 450 ($1000) = $450,000.",rohanmistry231/CSE-Aptitude-Test-Practice-Hub,04 Data Interpretation and Analysis/03 Advance/README.md
data-interpretation-advanced-stacked-bar-graph-based-questions-0025,data-interpretation,Data Interpretation and Analysis,Stacked Bar Graph-Based Questions,advanced,"Data Context: Electronics (300) : Apparel (200) = 300 : 200 = 3 : 2

What is the ratio of Electronics to Apparel revenue in City A in 2021?",3 : 2 | 5 : 2 | 1 : 2 | 6 : 2,3 : 2,Electronics (300) : Apparel (200) = 300 : 200 = 3 : 2.,rohanmistry231/CSE-Aptitude-Test-Practice-Hub,04 Data Interpretation and Analysis/03 Advance/README.md
data-interpretation-advanced-stacked-bar-graph-based-questions-0026,data-interpretation,Data Interpretation and Analysis,Stacked Bar Graph-Based Questions,advanced,"Data Context: Electronics: (300 - 250) ÷ 250 × 100 = 20%, Apparel: (150 - 100) ÷ 100 × 100 = 50%, Food: (80 - 50) ÷ 50 × 100 = 60%

Which category showed the highest growth in City C from 2021 to 2023?",Food | None of the above | Both Food... and alternative | Insufficient data,Food,Electronics: (300 - 250) ÷ 250 × 100 = 20%. Apparel: (150 - 100) ÷ 100 × 100 = 50%. Food: (80 - 50) ÷ 50 × 100 = 60%. Highest is Food.,rohanmistry231/CSE-Aptitude-Test-Practice-Hub,04 Data Interpretation and Analysis/03 Advance/README.md
data-interpretation-advanced-stacked-bar-graph-based-questions-0027,data-interpretation,Data Interpretation and Analysis,Stacked Bar Graph-Based Questions,advanced,What is the percentage contribution of Electronics to total revenue in City B in 2023?,50% | 55% | 47% | 100%,50%,Total = 250 + 180 + 70 = 500. % Electronics = (250 ÷ 500) × 100 = 50%.,rohanmistry231/CSE-Aptitude-Test-Practice-Hub,04 Data Interpretation and Analysis/03 Advance/README.md
data-interpretation-advanced-stacked-bar-graph-based-questions-0028,data-interpretation,Data Interpretation and Analysis,Stacked Bar Graph-Based Questions,advanced,"Data Context: Apparel (220) + Food (120) = 340 ($1000) = $340,000

What is the combined revenue of Apparel and Food in City A in 2022?","$340,000 | $345,000 | $337,000 | $680,000","$340,000","Apparel (220) + Food (120) = 340 ($1000) = $340,000.",rohanmistry231/CSE-Aptitude-Test-Practice-Hub,04 Data Interpretation and Analysis/03 Advance/README.md
data-interpretation-advanced-stacked-bar-graph-based-questions-0029,data-interpretation,Data Interpretation and Analysis,Stacked Bar Graph-Based Questions,advanced,"Data Context: 2021: A (600) + B (400) + C (400) = 1400, 2022: A (690) + B (440) + C (450) = 1580, 2023: A (800) + B (500) + C (530) = 1830 ($1000)

Which year had the highest total revenue across all cities?",2023 | 2028 | 2020 | 4046,2023,2021: A (600) + B (400) + C (400) = 1400. 2022: A (690) + B (440) + C (450) = 1580. 2023: A (800) + B (500) + C (530) = 1830 ($1000). Highest is 2023.,rohanmistry231/CSE-Aptitude-Test-Practice-Hub,04 Data Interpretation and Analysis/03 Advance/README.md
data-interpretation-advanced-stacked-bar-graph-based-questions-0030,data-interpretation,Data Interpretation and Analysis,Stacked Bar Graph-Based Questions,advanced,"Data Context: Initial = 600, Final = 800, CAGR = [(800 ÷ 600)^(1/2) - 1] × 100 ≈ 15, 47%

What is the CAGR of total revenue in City A from 2021 to 2023?","15.47% **Stacked Bar Graph 2: Student Enrollments by Program (2021–2023)** - 2021: UG (500), PG (300), Diploma (200) - 2022: UG (550), PG (320), Diploma (220) - 2023: UG (600), PG (350), Diploma (250) | 17.97% **Stacked Bar Graph 2: Student Enrollments by Program (2021–2023)** - 2021: UG (500), PG (300), Diploma (200) - 2022: UG (550), PG (320), Diploma (220) - 2023: UG (600), PG (350), Diploma (250) | 13.97% **Stacked Bar Graph 2: Student Enrollments by Program (2021–2023)** - 2021: UG (500), PG (300), Diploma (200) - 2022: UG (550), PG (320), Diploma (220) - 2023: UG (600), PG (350), Diploma (250) | 18.56% **Stacked Bar Graph 2: Student Enrollments by Program (2021–2023)** - 2021: UG (500), PG (300), Diploma (200) - 2022: UG (550), PG (320), Diploma (220) - 2023: UG (600), PG (350), Diploma (250)","15.47% **Stacked Bar Graph 2: Student Enrollments by Program (2021–2023)** - 2021: UG (500), PG (300), Diploma (200) - 2022: UG (550), PG (320), Diploma (220) - 2023: UG (600), PG (350), Diploma (250)","Initial = 600, Final = 800. CAGR = [(800 ÷ 600)^(1/2) - 1] × 100 ≈ 15.47%.",rohanmistry231/CSE-Aptitude-Test-Practice-Hub,04 Data Interpretation and Analysis/03 Advance/README.md
data-interpretation-advanced-stacked-bar-graph-based-questions-0031,data-interpretation,Data Interpretation and Analysis,Stacked Bar Graph-Based Questions,advanced,"Data Context: Total = 300 + 320 + 350 = 970 students

What is the total enrollment in PG over the three years?",970 students | 975 students | 967 students | 1940 students,970 students,Total = 300 + 320 + 350 = 970 students.,rohanmistry231/CSE-Aptitude-Test-Practice-Hub,04 Data Interpretation and Analysis/03 Advance/README.md
data-interpretation-advanced-stacked-bar-graph-based-questions-0032,data-interpretation,Data Interpretation and Analysis,Stacked Bar Graph-Based Questions,advanced,Which program had the highest enrollment in 2023?,UG | None of the above | Both UG... and alternative | Insufficient data,UG,"UG (600), PG (350), Diploma (250). Highest is UG.",rohanmistry231/CSE-Aptitude-Test-Practice-Hub,04 Data Interpretation and Analysis/03 Advance/README.md
data-interpretation-advanced-stacked-bar-graph-based-questions-0033,data-interpretation,Data Interpretation and Analysis,Stacked Bar Graph-Based Questions,advanced,"Data Context: Increase = 250 - 200 = 50, % Growth = (50 ÷ 200) × 100 = 25%

What is the percentage growth of Diploma enrollment from 2021 to 2023?",25% | 30% | 22% | 50%,25%,Increase = 250 - 200 = 50. % Growth = (50 ÷ 200) × 100 = 25%.,rohanmistry231/CSE-Aptitude-Test-Practice-Hub,04 Data Interpretation and Analysis/03 Advance/README.md
data-interpretation-advanced-stacked-bar-graph-based-questions-0034,data-interpretation,Data Interpretation and Analysis,Stacked Bar Graph-Based Questions,advanced,"Data Context: Total = 550 + 320 + 220 = 1090 students

What is the total enrollment in 2022?",1090 students | 1095 students | 1087 students | 2180 students,1090 students,Total = 550 + 320 + 220 = 1090 students.,rohanmistry231/CSE-Aptitude-Test-Practice-Hub,04 Data Interpretation and Analysis/03 Advance/README.md
data-interpretation-advanced-stacked-bar-graph-based-questions-0035,data-interpretation,Data Interpretation and Analysis,Stacked Bar Graph-Based Questions,advanced,"Data Context: UG (500) : PG (300) = 500 : 300 = 5 : 3

What is the ratio of UG to PG enrollment in 2021?",5 : 3 | 7 : 3 | 2 : 3 | 10 : 3,5 : 3,UG (500) : PG (300) = 500 : 300 = 5 : 3.,rohanmistry231/CSE-Aptitude-Test-Practice-Hub,04 Data Interpretation and Analysis/03 Advance/README.md
data-interpretation-advanced-stacked-bar-graph-based-questions-0036,data-interpretation,Data Interpretation and Analysis,Stacked Bar Graph-Based Questions,advanced,"Data Context: UG: (550 - 500) ÷ 500 × 100 = 10%, 67%, Diploma: (220 - 200) ÷ 200 × 100 = 10%

Which program showed the highest percentage growth from 2021 to 2022?",UG or Diploma | None of the above | Both UG or Diploma... and alternative | Insufficient data,UG or Diploma,UG: (550 - 500) ÷ 500 × 100 = 10%. PG: (320 - 300) ÷ 300 × 100 ≈ 6.67%. Diploma: (220 - 200) ÷ 200 × 100 = 10%. UG and Diploma tie.,rohanmistry231/CSE-Aptitude-Test-Practice-Hub,04 Data Interpretation and Analysis/03 Advance/README.md
data-interpretation-advanced-stacked-bar-graph-based-questions-0037,data-interpretation,Data Interpretation and Analysis,Stacked Bar Graph-Based Questions,advanced,"Data Context: Total = 600 + 350 + 250 = 1200, % PG = (350 ÷ 1200) × 100 ≈ 29, 17%

What is the percentage contribution of PG to total enrollment in 2023?",29.17% | 31.67% | 27.67% | 35%,29.17%,Total = 600 + 350 + 250 = 1200. % PG = (350 ÷ 1200) × 100 ≈ 29.17%.,rohanmistry231/CSE-Aptitude-Test-Practice-Hub,04 Data Interpretation and Analysis/03 Advance/README.md
data-interpretation-advanced-stacked-bar-graph-based-questions-0038,data-interpretation,Data Interpretation and Analysis,Stacked Bar Graph-Based Questions,advanced,"Data Context: UG (550) + Diploma (220) = 770 students

What is the combined enrollment of UG and Diploma in 2022?",770 students | 775 students | 767 students | 1540 students,770 students,UG (550) + Diploma (220) = 770 students.,rohanmistry231/CSE-Aptitude-Test-Practice-Hub,04 Data Interpretation and Analysis/03 Advance/README.md
data-interpretation-advanced-stacked-bar-graph-based-questions-0039,data-interpretation,Data Interpretation and Analysis,Stacked Bar Graph-Based Questions,advanced,Which year had the highest total enrollment?,2023 | 2028 | 2020 | 4046,2023,2021: 1000. 2022: 1090. 2023: 1200. Highest is 2023.,rohanmistry231/CSE-Aptitude-Test-Practice-Hub,04 Data Interpretation and Analysis/03 Advance/README.md
data-interpretation-advanced-stacked-bar-graph-based-questions-0040,data-interpretation,Data Interpretation and Analysis,Stacked Bar Graph-Based Questions,advanced,"Data Context: Initial = 500, Final = 600, CAGR = [(600 ÷ 500)^(1/2) - 1] × 100 ≈ 9, 54%

What is the CAGR of UG enrollment from 2021 to 2023?",9.54% | 12.04% | 8.04% | 11.45%,9.54%,"Initial = 500, Final = 600. CAGR = [(600 ÷ 500)^(1/2) - 1] × 100 ≈ 9.54%.",rohanmistry231/CSE-Aptitude-Test-Practice-Hub,04 Data Interpretation and Analysis/03 Advance/README.md
data-interpretation-advanced-combination-chart-based-questions-0041,data-interpretation,Data Interpretation and Analysis,Combination Chart-Based Questions,advanced,"Data Context: Profit = Sales × Margin = 20,000 × (10 ÷ 100) = 2000 units

What is the profit in 2023?",2000 units | 2005 units | 1997 units | 4000 units,2000 units,"Profit = Sales × Margin = 20,000 × (10 ÷ 100) = 2000 units.",rohanmistry231/CSE-Aptitude-Test-Practice-Hub,04 Data Interpretation and Analysis/03 Advance/README.md
data-interpretation-advanced-combination-chart-based-questions-0042,data-interpretation,Data Interpretation and Analysis,Combination Chart-Based Questions,advanced,"Data Context: 2023 (10%) is highest

Which year had the highest profit margin?",2023 | 2028 | 2020 | 4046,2023,2023 (10%) is highest.,rohanmistry231/CSE-Aptitude-Test-Practice-Hub,04 Data Interpretation and Analysis/03 Advance/README.md
data-interpretation-advanced-combination-chart-based-questions-0043,data-interpretation,Data Interpretation and Analysis,Combination Chart-Based Questions,advanced,"Data Context: Initial = 10,000, Final = 20,000, CAGR = [(20,000 ÷ 10,000)^(1/4) - 1] × 100 ≈ 18, 92%

What is the CAGR of sales from 2019 to 2023?",18.92% | 21.42% | 17.42% | 22.7%,18.92%,"Initial = 10,000, Final = 20,000. CAGR = [(20,000 ÷ 10,000)^(1/4) - 1] × 100 ≈ 18.92%.",rohanmistry231/CSE-Aptitude-Test-Practice-Hub,04 Data Interpretation and Analysis/03 Advance/README.md
data-interpretation-advanced-combination-chart-based-questions-0044,data-interpretation,Data Interpretation and Analysis,Combination Chart-Based Questions,advanced,"Data Context: 05 = 500, 06 = 720, 07 = 1050

What is the total profit over the five years?",5710 units | 5715 units | 5707 units | 11420 units,5710 units,"2019: 10,000 × 0.05 = 500. 2020: 12,000 × 0.06 = 720. 2021: 15,000 × 0.07 = 1050. 2022: 18,000 × 0.08 = 1440. 2023: 2000. Total = 500 + 720 + 1050 + 1440 + 2000 = 5710 units.",rohanmistry231/CSE-Aptitude-Test-Practice-Hub,04 Data Interpretation and Analysis/03 Advance/README.md
data-interpretation-advanced-combination-chart-based-questions-0045,data-interpretation,Data Interpretation and Analysis,Combination Chart-Based Questions,advanced,"Data Context: Ratio = 1050 : 1440 = 7 : 9

What is the ratio of profit in 2021 to 2022?",35 : 48 | 40 : 48 | 32 : 48 | 70 : 48,35 : 48,2021: 1050. 2022: 1440. Ratio = 1050 : 1440 = 7 : 9.6 ≈ 35 : 48.,rohanmistry231/CSE-Aptitude-Test-Practice-Hub,04 Data Interpretation and Analysis/03 Advance/README.md
data-interpretation-advanced-combination-chart-based-questions-0046,data-interpretation,Data Interpretation and Analysis,Combination Chart-Based Questions,advanced,"Data Context: 2020: (12,000 - 10,000) ÷ 10,000 × 100 = 20%, 2021: (15,000 - 12,000) ÷ 12,000 × 100 = 25%, 2022: (18,000 - 15,000) ÷ 15,000 × 100 = 20%

Which year showed the highest percentage growth in sales?",2021 | 2026 | 2018 | 4042,2021,"2020: (12,000 - 10,000) ÷ 10,000 × 100 = 20%. 2021: (15,000 - 12,000) ÷ 12,000 × 100 = 25%. 2022: (18,000 - 15,000) ÷ 15,000 × 100 = 20%. 2023: (20,000 - 18,000) ÷ 18,000 × 100 ≈ 11.11%. Highest is 2021.",rohanmistry231/CSE-Aptitude-Test-Practice-Hub,04 Data Interpretation and Analysis/03 Advance/README.md
data-interpretation-advanced-combination-chart-based-questions-0047,data-interpretation,Data Interpretation and Analysis,Combination Chart-Based Questions,advanced,"Data Context: Total profit = 5710, % = (2000 ÷ 5710) × 100 ≈ 35, 03%

What is the percentage contribution of 2023 profit to total profit?",35.03% | 37.53% | 33.53% | 42.04%,35.03%,Total profit = 5710. 2023: 2000. % = (2000 ÷ 5710) × 100 ≈ 35.03%.,rohanmistry231/CSE-Aptitude-Test-Practice-Hub,04 Data Interpretation and Analysis/03 Advance/README.md
data-interpretation-advanced-combination-chart-based-questions-0048,data-interpretation,Data Interpretation and Analysis,Combination Chart-Based Questions,advanced,"Data Context: Total = 5 + 6 + 7 + 8 + 10 = 36, Average = 36 ÷ 5 = 7, 2%

What is the average profit margin over the five years?",7.2% | 9.7% | 5.7% | 8.64%,7.2%,Total = 5 + 6 + 7 + 8 + 10 = 36. Average = 36 ÷ 5 = 7.2%.,rohanmistry231/CSE-Aptitude-Test-Practice-Hub,04 Data Interpretation and Analysis/03 Advance/README.md
data-interpretation-advanced-combination-chart-based-questions-0049,data-interpretation,Data Interpretation and Analysis,Combination Chart-Based Questions,advanced,"Data Context: 2023: 2000 - 2022: 1440 = 560 units

What is the difference in profit between 2022 and 2023?",560 units | 565 units | 557 units | 1120 units,560 units,2023: 2000 - 2022: 1440 = 560 units.,rohanmistry231/CSE-Aptitude-Test-Practice-Hub,04 Data Interpretation and Analysis/03 Advance/README.md
data-interpretation-advanced-combination-chart-based-questions-0050,data-interpretation,Data Interpretation and Analysis,Combination Chart-Based Questions,advanced,"If sales in 2024 are projected to grow by 10% with a 12% margin, what is the projected profit?","2640 units **Combination Chart 2: Revenue ($1000) and Growth Rate (%) of a Company (2020–2023)** - Bar (Revenue): 2020 (500), 2021 (600), 2022 (750), 2023 (900) - Line (Growth Rate): 2021 (20%), 2022 (25%), 2023 (20%) | 2645 units **Combination Chart 2: Revenue ($1000) and Growth Rate (%) of a Company (2020–2023)** - Bar (Revenue): 2020 (500), 2021 (600), 2022 (750), 2023 (900) - Line (Growth Rate): 2021 (20%), 2022 (25%), 2023 (20%) | 2637 units **Combination Chart 2: Revenue ($1000) and Growth Rate (%) of a Company (2020–2023)** - Bar (Revenue): 2020 (500), 2021 (600), 2022 (750), 2023 (900) - Line (Growth Rate): 2021 (20%), 2022 (25%), 2023 (20%) | 5280 units **Combination Chart 2: Revenue ($1000) and Growth Rate (%) of a Company (2020–2023)** - Bar (Revenue): 2020 (500), 2021 (600), 2022 (750), 2023 (900) - Line (Growth Rate): 2021 (20%), 2022 (25%), 2023 (20%)","2640 units **Combination Chart 2: Revenue ($1000) and Growth Rate (%) of a Company (2020–2023)** - Bar (Revenue): 2020 (500), 2021 (600), 2022 (750), 2023 (900) - Line (Growth Rate): 2021 (20%), 2022 (25%), 2023 (20%)","2023 Sales = 20,000. 2024 Sales = 20,000 × 1.1 = 22,000. Profit = 22,000 × 0.12 = 2640 units.",rohanmistry231/CSE-Aptitude-Test-Practice-Hub,04 Data Interpretation and Analysis/03 Advance/README.md
data-interpretation-advanced-combination-chart-based-questions-0051,data-interpretation,Data Interpretation and Analysis,Combination Chart-Based Questions,advanced,"Data Context: Revenue = 900 ($1000) = $900,000

What is the revenue in 2023?","$900,000 | $905,000 | $897,000 | $1800,000","$900,000","Revenue = 900 ($1000) = $900,000.",rohanmistry231/CSE-Aptitude-Test-Practice-Hub,04 Data Interpretation and Analysis/03 Advance/README.md
data-interpretation-advanced-combination-chart-based-questions-0052,data-interpretation,Data Interpretation and Analysis,Combination Chart-Based Questions,advanced,"Data Context: 2022 (25%) is highest

Which year had the highest growth rate?",2022 | 2027 | 2019 | 4044,2022,2022 (25%) is highest.,rohanmistry231/CSE-Aptitude-Test-Practice-Hub,04 Data Interpretation and Analysis/03 Advance/README.md
data-interpretation-advanced-combination-chart-based-questions-0053,data-interpretation,Data Interpretation and Analysis,Combination Chart-Based Questions,advanced,"Data Context: Initial = 500, Final = 900, CAGR = [(900 ÷ 500)^(1/3) - 1] × 100 ≈ 21, 64%

What is the CAGR of revenue from 2020 to 2023?",21.64% | 24.14% | 20.14% | 25.97%,21.64%,"Initial = 500, Final = 900. CAGR = [(900 ÷ 500)^(1/3) - 1] × 100 ≈ 21.64%.",rohanmistry231/CSE-Aptitude-Test-Practice-Hub,04 Data Interpretation and Analysis/03 Advance/README.md
data-interpretation-advanced-combination-chart-based-questions-0054,data-interpretation,Data Interpretation and Analysis,Combination Chart-Based Questions,advanced,"Data Context: Total = 500 + 600 + 750 + 900 = 2750 ($1000) = $2,750,000

What is the total revenue over the four years?","$2,750,000 | $4,750,000 | $1,750,000 | $32,750,000","$2,750,000","Total = 500 + 600 + 750 + 900 = 2750 ($1000) = $2,750,000.",rohanmistry231/CSE-Aptitude-Test-Practice-Hub,04 Data Interpretation and Analysis/03 Advance/README.md
data-interpretation-advanced-combination-chart-based-questions-0055,data-interpretation,Data Interpretation and Analysis,Combination Chart-Based Questions,advanced,"Data Context: 2021 (600) : 2022 (750) = 600 : 750 = 4 : 5

What is the ratio of revenue in 2021 to 2022?",4 : 5 | 6 : 5 | 1 : 5 | 8 : 5,4 : 5,2021 (600) : 2022 (750) = 600 : 750 = 4 : 5.,rohanmistry231/CSE-Aptitude-Test-Practice-Hub,04 Data Interpretation and Analysis/03 Advance/README.md
data-interpretation-advanced-combination-chart-based-questions-0056,data-interpretation,Data Interpretation and Analysis,Combination Chart-Based Questions,advanced,"Data Context: Growth = 900 - 500 = 400 ($1000) = $400,000

What is the absolute growth in revenue from 2020 to 2023?","$400,000 | $405,000 | $397,000 | $800,000","$400,000","Growth = 900 - 500 = 400 ($1000) = $400,000.",rohanmistry231/CSE-Aptitude-Test-Practice-Hub,04 Data Interpretation and Analysis/03 Advance/README.md
data-interpretation-advanced-combination-chart-based-questions-0057,data-interpretation,Data Interpretation and Analysis,Combination Chart-Based Questions,advanced,"Data Context: Total: 2750, % = (750 ÷ 2750) × 100 ≈ 27, 27%

What is the percentage contribution of 2022 revenue to total revenue?",27.27% | 29.77% | 25.77% | 32.72%,27.27%,2022: 750. Total: 2750. % = (750 ÷ 2750) × 100 ≈ 27.27%.,rohanmistry231/CSE-Aptitude-Test-Practice-Hub,04 Data Interpretation and Analysis/03 Advance/README.md
data-interpretation-advanced-combination-chart-based-questions-0058,data-interpretation,Data Interpretation and Analysis,Combination Chart-Based Questions,advanced,"Data Context: Total = 20 + 25 + 20 = 65, Average = 65 ÷ 3 ≈ 21, 67%

What is the average growth rate from 2021 to 2023?",21.67% | 24.17% | 20.17% | 26%,21.67%,Total = 20 + 25 + 20 = 65. Average = 65 ÷ 3 ≈ 21.67%.,rohanmistry231/CSE-Aptitude-Test-Practice-Hub,04 Data Interpretation and Analysis/03 Advance/README.md
data-interpretation-advanced-combination-chart-based-questions-0059,data-interpretation,Data Interpretation and Analysis,Combination Chart-Based Questions,advanced,"Data Context: 2023: 900 - 2022: 750 = 150 ($1000) = $150,000

What is the difference in revenue between 2022 and 2023?","$150,000 | $155,000 | $147,000 | $300,000","$150,000","2023: 900 - 2022: 750 = 150 ($1000) = $150,000.",rohanmistry231/CSE-Aptitude-Test-Practice-Hub,04 Data Interpretation and Analysis/03 Advance/README.md
data-interpretation-advanced-combination-chart-based-questions-0060,data-interpretation,Data Interpretation and Analysis,Combination Chart-Based Questions,advanced,"Data Context: 2024 = 900 × 1, 15 = 1035 ($1000) = $1,035,000

If 2024 revenue grows at 15%, what is the projected revenue?","$1,035,000 | $3,035,000 | $2,035,000 | $31,035,000","$1,035,000","2023: 900. 2024 = 900 × 1.15 = 1035 ($1000) = $1,035,000.",rohanmistry231/CSE-Aptitude-Test-Practice-Hub,04 Data Interpretation and Analysis/03 Advance/README.md
data-interpretation-advanced-pie-chart-with-secondary-data-based-questions-0061,data-interpretation,Data Interpretation and Analysis,Pie Chart with Secondary Data-Based Questions,advanced,"Data Context: Total = 800 + 600 + 400 + 200 = 2000 ($1000) = $2,000,000

What is the total market revenue in 2023?","$2,000,000 | $4,000,000 | $1,000,000 | $32,000,000","$2,000,000","Total = 800 + 600 + 400 + 200 = 2000 ($1000) = $2,000,000.",rohanmistry231/CSE-Aptitude-Test-Practice-Hub,04 Data Interpretation and Analysis/03 Advance/README.md
data-interpretation-advanced-pie-chart-with-secondary-data-based-questions-0062,data-interpretation,Data Interpretation and Analysis,Pie Chart with Secondary Data-Based Questions,advanced,"Data Context: A (40%) is highest

Which company has the highest market share?",Company A | None of the above | Both Company A... and alternative | Insufficient data,Company A,A (40%) is highest.,rohanmistry231/CSE-Aptitude-Test-Practice-Hub,04 Data Interpretation and Analysis/03 Advance/README.md
data-interpretation-advanced-pie-chart-with-secondary-data-based-questions-0063,data-interpretation,Data Interpretation and Analysis,Pie Chart with Secondary Data-Based Questions,advanced,"Data Context: A (800) : C (400) = 800 : 400 = 2 : 1

What is the ratio of revenue of Company A to Company C?",2 : 1 | 4 : 1 | 1 : 1 | 32 : 1,2 : 1,A (800) : C (400) = 800 : 400 = 2 : 1.,rohanmistry231/CSE-Aptitude-Test-Practice-Hub,04 Data Interpretation and Analysis/03 Advance/README.md
data-interpretation-advanced-pie-chart-with-secondary-data-based-questions-0064,data-interpretation,Data Interpretation and Analysis,Pie Chart with Secondary Data-Based Questions,advanced,"Data Context: Total: 2000, % = (600 ÷ 2000) × 100 = 30%

What is the percentage contribution of Company B’s revenue to total revenue?",30% | 35% | 27% | 60%,30%,B: 600. Total: 2000. % = (600 ÷ 2000) × 100 = 30%.,rohanmistry231/CSE-Aptitude-Test-Practice-Hub,04 Data Interpretation and Analysis/03 Advance/README.md
data-interpretation-advanced-pie-chart-with-secondary-data-based-questions-0065,data-interpretation,Data Interpretation and Analysis,Pie Chart with Secondary Data-Based Questions,advanced,"Data Context: Increase = 200 × 0, 25 = 50, New = 200 + 50 = 250 ($1000) = $250,000

If Company D’s revenue grows by 25% in 2024, what is the new revenue?","$250,000 | $255,000 | $247,000 | $500,000","$250,000","D: 200. Increase = 200 × 0.25 = 50. New = 200 + 50 = 250 ($1000) = $250,000.",rohanmistry231/CSE-Aptitude-Test-Practice-Hub,04 Data Interpretation and Analysis/03 Advance/README.md
data-interpretation-advanced-pie-chart-with-secondary-data-based-questions-0066,data-interpretation,Data Interpretation and Analysis,Pie Chart with Secondary Data-Based Questions,advanced,"Data Context: C (20%) + D (10%) = 30%

What is the combined market share of Companies C and D?",30% | 35% | 27% | 60%,30%,C (20%) + D (10%) = 30%.,rohanmistry231/CSE-Aptitude-Test-Practice-Hub,04 Data Interpretation and Analysis/03 Advance/README.md
data-interpretation-advanced-pie-chart-with-secondary-data-based-questions-0067,data-interpretation,Data Interpretation and Analysis,Pie Chart with Secondary Data-Based Questions,advanced,"Data Context: A (800) - B (600) = 200 ($1000) = $200,000

What is the difference in revenue between Companies A and B?","$200,000 | $205,000 | $197,000 | $400,000","$200,000","A (800) - B (600) = 200 ($1000) = $200,000.",rohanmistry231/CSE-Aptitude-Test-Practice-Hub,04 Data Interpretation and Analysis/03 Advance/README.md
data-interpretation-advanced-pie-chart-with-secondary-data-based-questions-0068,data-interpretation,Data Interpretation and Analysis,Pie Chart with Secondary Data-Based Questions,advanced,"If total market revenue grows by 10% in 2024, what is Company A’s projected revenue (same share)?","$880,000 | $885,000 | $877,000 | $1760,000","$880,000","Total: 2000 × 1.1 = 2200. A: 40% of 2200 = 880 ($1000) = $880,000.",rohanmistry231/CSE-Aptitude-Test-Practice-Hub,04 Data Interpretation and Analysis/03 Advance/README.md
data-interpretation-advanced-pie-chart-with-secondary-data-based-questions-0069,data-interpretation,Data Interpretation and Analysis,Pie Chart with Secondary Data-Based Questions,advanced,"Data Context: Weighted share = [(40 × 800) + (30 × 600) + (20 × 400) + (10 × 200)] ÷ 2000 = 40%

What is the weighted average market share, weighted by revenue?",40% | 45% | 37% | 80%,40%,Weighted share = [(40 × 800) + (30 × 600) + (20 × 400) + (10 × 200)] ÷ 2000 = 40%.,rohanmistry231/CSE-Aptitude-Test-Practice-Hub,04 Data Interpretation and Analysis/03 Advance/README.md
data-interpretation-advanced-pie-chart-with-secondary-data-based-questions-0070,data-interpretation,Data Interpretation and Analysis,Pie Chart with Secondary Data-Based Questions,advanced,Which company has the lowest revenue?,"Company D **Pie Chart 2: Budget Allocation (%) and Actual Spending ($1000) in 2023** - Salaries: 50%, Spending: 1000 - Rent: 20%, Spending: 400 - Supplies: 15%, Spending: 300 - Marketing: 15%, Spending: 300 | Company D **Pie Chart 4: Budget Allocation (%) and Actual Spending ($1000) in 2023** - Salaries: 50%, Spending: 1000 - Rent: 20%, Spending: 400 - Supplies: 15%, Spending: 300 - Marketing: 15%, Spending: 300 | Company D **Pie Chart 1: Budget Allocation (%) and Actual Spending ($1000) in 2023** - Salaries: 50%, Spending: 1000 - Rent: 20%, Spending: 400 - Supplies: 15%, Spending: 300 - Marketing: 15%, Spending: 300 | Company D **Pie Chart 32: Budget Allocation (%) and Actual Spending ($1000) in 2023** - Salaries: 50%, Spending: 1000 - Rent: 20%, Spending: 400 - Supplies: 15%, Spending: 300 - Marketing: 15%, Spending: 300","Company D **Pie Chart 2: Budget Allocation (%) and Actual Spending ($1000) in 2023** - Salaries: 50%, Spending: 1000 - Rent: 20%, Spending: 400 - Supplies: 15%, Spending: 300 - Marketing: 15%, Spending: 300",D (200) is lowest.,rohanmistry231/CSE-Aptitude-Test-Practice-Hub,04 Data Interpretation and Analysis/03 Advance/README.md
data-interpretation-advanced-pie-chart-with-secondary-data-based-questions-0071,data-interpretation,Data Interpretation and Analysis,Pie Chart with Secondary Data-Based Questions,advanced,"Data Context: Total = 1000 + 400 + 300 + 300 = 2000 ($1000) = $2,000,000

What is the total budget spending in 2023?","$2,000,000 | $4,000,000 | $1,000,000 | $32,000,000","$2,000,000","Total = 1000 + 400 + 300 + 300 = 2000 ($1000) = $2,000,000.",rohanmistry231/CSE-Aptitude-Test-Practice-Hub,04 Data Interpretation and Analysis/03 Advance/README.md
data-interpretation-advanced-pie-chart-with-secondary-data-based-questions-0072,data-interpretation,Data Interpretation and Analysis,Pie Chart with Secondary Data-Based Questions,advanced,"Data Context: Salaries (50%) is highest

Which category has the highest allocation?",Salaries | None of the above | Both Salaries... and alternative | Insufficient data,Salaries,Salaries (50%) is highest.,rohanmistry231/CSE-Aptitude-Test-Practice-Hub,04 Data Interpretation and Analysis/03 Advance/README.md
data-interpretation-advanced-pie-chart-with-secondary-data-based-questions-0073,data-interpretation,Data Interpretation and Analysis,Pie Chart with Secondary Data-Based Questions,advanced,"Data Context: Salaries (1000) : Rent (400) = 1000 : 400 = 5 : 2

What is the ratio of Salaries to Rent spending?",5 : 2 | 7 : 2 | 2 : 2 | 10 : 2,5 : 2,Salaries (1000) : Rent (400) = 1000 : 400 = 5 : 2.,rohanmistry231/CSE-Aptitude-Test-Practice-Hub,04 Data Interpretation and Analysis/03 Advance/README.md
data-interpretation-advanced-pie-chart-with-secondary-data-based-questions-0074,data-interpretation,Data Interpretation and Analysis,Pie Chart with Secondary Data-Based Questions,advanced,"Data Context: Total: 2000, % = (300 ÷ 2000) × 100 = 15%

What is the percentage contribution of Supplies to total spending?",15% | 20% | 12% | 30%,15%,Supplies: 300. Total: 2000. % = (300 ÷ 2000) × 100 = 15%.,rohanmistry231/CSE-Aptitude-Test-Practice-Hub,04 Data Interpretation and Analysis/03 Advance/README.md
data-interpretation-advanced-pie-chart-with-secondary-data-based-questions-0075,data-interpretation,Data Interpretation and Analysis,Pie Chart with Secondary Data-Based Questions,advanced,"Data Context: Increase = 300 × 0, 2 = 60, New = 300 + 60 = 360 ($1000) = $360,000

If Marketing spending increases by 20% in 2024, what is the new amount?","$360,000 | $365,000 | $357,000 | $720,000","$360,000","Marketing: 300. Increase = 300 × 0.2 = 60. New = 300 + 60 = 360 ($1000) = $360,000.",rohanmistry231/CSE-Aptitude-Test-Practice-Hub,04 Data Interpretation and Analysis/03 Advance/README.md
data-interpretation-advanced-pie-chart-with-secondary-data-based-questions-0076,data-interpretation,Data Interpretation and Analysis,Pie Chart with Secondary Data-Based Questions,advanced,"Data Context: Rent (20%) + Supplies (15%) = 35%

What is the combined allocation of Rent and Supplies?",35% | 40% | 32% | 70%,35%,Rent (20%) + Supplies (15%) = 35%.,rohanmistry231/CSE-Aptitude-Test-Practice-Hub,04 Data Interpretation and Analysis/03 Advance/README.md
data-interpretation-advanced-pie-chart-with-secondary-data-based-questions-0077,data-interpretation,Data Interpretation and Analysis,Pie Chart with Secondary Data-Based Questions,advanced,"Data Context: Salaries (1000) - Marketing (300) = 700 ($1000) = $700,000

What is the difference in spending between Salaries and Marketing?","$700,000 | $705,000 | $697,000 | $1400,000","$700,000","Salaries (1000) - Marketing (300) = 700 ($1000) = $700,000.",rohanmistry231/CSE-Aptitude-Test-Practice-Hub,04 Data Interpretation and Analysis/03 Advance/README.md
data-interpretation-advanced-pie-chart-with-secondary-data-based-questions-0078,data-interpretation,Data Interpretation and Analysis,Pie Chart with Secondary Data-Based Questions,advanced,"If total spending grows by 5% in 2024, what is Salaries’ projected spending (same allocation)?","$1,050,000 | $3,050,000 | $2,050,000 | $31,050,000","$1,050,000","Total: 2000 × 1.05 = 2100. Salaries: 50% of 2100 = 1050 ($1000) = $1,050,000.",rohanmistry231/CSE-Aptitude-Test-Practice-Hub,04 Data Interpretation and Analysis/03 Advance/README.md
data-interpretation-advanced-pie-chart-with-secondary-data-based-questions-0079,data-interpretation,Data Interpretation and Analysis,Pie Chart with Secondary Data-Based Questions,advanced,"Data Context: Weighted = [(50 × 1000) + (20 × 400) + (15 × 300) + (15 × 300)] ÷ 2000 = 50%

What is the weighted average allocation, weighted by spending?",50% | 55% | 47% | 100%,50%,Weighted = [(50 × 1000) + (20 × 400) + (15 × 300) + (15 × 300)] ÷ 2000 = 50%.,rohanmistry231/CSE-Aptitude-Test-Practice-Hub,04 Data Interpretation and Analysis/03 Advance/README.md
data-interpretation-advanced-pie-chart-with-secondary-data-based-questions-0080,data-interpretation,Data Interpretation and Analysis,Pie Chart with Secondary Data-Based Questions,advanced,Which categories have equal spending?,Supplies and Marketing | None of the above | Both Supplies and Ma... and alternative | Insufficient data,Supplies and Marketing,Supplies (300) and Marketing (300) are equal.,rohanmistry231/CSE-Aptitude-Test-Practice-Hub,04 Data Interpretation and Analysis/03 Advance/README.md
data-interpretation-advanced-caselet-based-questions-0081,data-interpretation,Data Interpretation and Analysis,Caselet-Based Questions,advanced,"Data Context: Discount = 10% of 50 = 5, Price = 50 - 5 = 45, Revenue = 1000 × 45 = $45,000

What is the revenue from Store A after discount?","$45,000 | $50,000 | $42,000 | $90,000","$45,000","Discount = 10% of 50 = 5. Price = 50 - 5 = 45. Revenue = 1000 × 45 = $45,000.",rohanmistry231/CSE-Aptitude-Test-Practice-Hub,04 Data Interpretation and Analysis/03 Advance/README.md
data-interpretation-advanced-caselet-based-questions-0082,data-interpretation,Data Interpretation and Analysis,Caselet-Based Questions,advanced,"Data Context: Discount = 15% of 60 = 9, Price = 60 - 9 = 51, Revenue = 800 × 51 = $40,800

What is the profit from Store B?","$12,800 | $17,800 | $9,800 | $24,800","$12,800","Discount = 15% of 60 = 9. Price = 60 - 9 = 51. Revenue = 800 × 51 = $40,800. Cost = 800 × 35 = $28,000. Profit = 40,800 - 28,000 = $12,800.",rohanmistry231/CSE-Aptitude-Test-Practice-Hub,04 Data Interpretation and Analysis/03 Advance/README.md
data-interpretation-advanced-caselet-based-questions-0083,data-interpretation,Data Interpretation and Analysis,Caselet-Based Questions,advanced,"Data Context: C: 600 × 70 = $42,000, Total = 45,000 + 40,800 + 42,000 = $127,800

What is the total revenue from all stores?","$127,800 | $132,800 | $124,800 | $254,800","$127,800","A: $45,000. B: $40,800. C: 600 × 70 = $42,000. Total = 45,000 + 40,800 + 42,000 = $127,800.",rohanmistry231/CSE-Aptitude-Test-Practice-Hub,04 Data Interpretation and Analysis/03 Advance/README.md
data-interpretation-advanced-caselet-based-questions-0084,data-interpretation,Data Interpretation and Analysis,Caselet-Based Questions,advanced,"Data Context: Total cost: A: 1000 × 30 = 30,000, C: 600 × 40 = 24,000, Total = 82,000

What is the total profit margin (%) across all stores?",35.84% | 38.34% | 34.34% | 43.01%,35.84%,"Total cost: A: 1000 × 30 = 30,000. B: 28,000. C: 600 × 40 = 24,000. Total = 82,000. Profit = 127,800 - 82,000 = 45,800. Margin = (45,800 ÷ 127,800) × 100 ≈ 35.84%.",rohanmistry231/CSE-Aptitude-Test-Practice-Hub,04 Data Interpretation and Analysis/03 Advance/README.md
data-interpretation-advanced-caselet-based-questions-0085,data-interpretation,Data Interpretation and Analysis,Caselet-Based Questions,advanced,"Data Context: A: 45,000 - 30,000 = $15,000, C: 42,000 - 24,000 = $18,000

Which store has the highest profit?",Store C | None of the above | Both Store C... and alternative | Insufficient data,Store C,"A: 45,000 - 30,000 = $15,000. B: $12,800. C: 42,000 - 24,000 = $18,000. Highest is C.",rohanmistry231/CSE-Aptitude-Test-Practice-Hub,04 Data Interpretation and Analysis/03 Advance/README.md
data-interpretation-advanced-caselet-based-questions-0086,data-interpretation,Data Interpretation and Analysis,Caselet-Based Questions,advanced,"Data Context: Total units = 1000 + 800 + 600 = 2400, Revenue = $127,800, Average = 127,800 ÷ 2400 = $53

What is the weighted average selling price per unit after discounts?",$53.25 | $55.75 | $51.75 | $63.9,$53.25,"Total units = 1000 + 800 + 600 = 2400. Revenue = $127,800. Average = 127,800 ÷ 2400 = $53.25.",rohanmistry231/CSE-Aptitude-Test-Practice-Hub,04 Data Interpretation and Analysis/03 Advance/README.md
data-interpretation-advanced-caselet-based-questions-0087,data-interpretation,Data Interpretation and Analysis,Caselet-Based Questions,advanced,"Data Context: A (1000) : C (600) = 1000 : 600 = 5 : 3

What is the ratio of units sold in Store A to Store C?",5 : 3 | 7 : 3 | 2 : 3 | 10 : 3,5 : 3,A (1000) : C (600) = 1000 : 600 = 5 : 3.,rohanmistry231/CSE-Aptitude-Test-Practice-Hub,04 Data Interpretation and Analysis/03 Advance/README.md
data-interpretation-advanced-caselet-based-questions-0088,data-interpretation,Data Interpretation and Analysis,Caselet-Based Questions,advanced,"Data Context: Total profit = 45,800, % = (12,800 ÷ 45,800) × 100 ≈ 27, 95%

What is the percentage contribution of Store B’s profit to total profit?",27.95% | 30.45% | 26.45% | 33.54%,27.95%,"Total profit = 45,800. B: 12,800. % = (12,800 ÷ 45,800) × 100 ≈ 27.95%.",rohanmistry231/CSE-Aptitude-Test-Practice-Hub,04 Data Interpretation and Analysis/03 Advance/README.md
data-interpretation-advanced-caselet-based-questions-0089,data-interpretation,Data Interpretation and Analysis,Caselet-Based Questions,advanced,"Data Context: A: 1000 × 5 = $5000, B: 800 × 9 = $7200, Total = 5000 + 7200 = $12,200

What is the total discount amount across all stores?","$12,200 | $17,200 | $9,200 | $24,200","$12,200","A: 1000 × 5 = $5000. B: 800 × 9 = $7200. C: $0. Total = 5000 + 7200 = $12,200.",rohanmistry231/CSE-Aptitude-Test-Practice-Hub,04 Data Interpretation and Analysis/03 Advance/README.md
data-interpretation-advanced-caselet-based-questions-0090,data-interpretation,Data Interpretation and Analysis,Caselet-Based Questions,advanced,"Data Context: New units = 600 × 1, 2 = 720, Revenue = 720 × 70 = $50,400

If Store C’s units sold increase by 20%, what is the new profit?","$21,600 **Caselet 2: A University’s Research Funding and Publications** - Dept A: $500,000 funding, 50 publications, 20% high-impact - Dept B: $400,000 funding, 40 publications, 25% high-impact - Dept C: $300,000 funding, 30 publications, 30% high-impact | $26,600 **Caselet 2: A University’s Research Funding and Publications** - Dept A: $500,000 funding, 50 publications, 20% high-impact - Dept B: $400,000 funding, 40 publications, 25% high-impact - Dept C: $300,000 funding, 30 publications, 30% high-impact | $18,600 **Caselet 2: A University’s Research Funding and Publications** - Dept A: $500,000 funding, 50 publications, 20% high-impact - Dept B: $400,000 funding, 40 publications, 25% high-impact - Dept C: $300,000 funding, 30 publications, 30% high-impact | $42,600 **Caselet 2: A University’s Research Funding and Publications** - Dept A: $500,000 funding, 50 publications, 20% high-impact - Dept B: $400,000 funding, 40 publications, 25% high-impact - Dept C: $300,000 funding, 30 publications, 30% high-impact","$21,600 **Caselet 2: A University’s Research Funding and Publications** - Dept A: $500,000 funding, 50 publications, 20% high-impact - Dept B: $400,000 funding, 40 publications, 25% high-impact - Dept C: $300,000 funding, 30 publications, 30% high-impact","New units = 600 × 1.2 = 720. Revenue = 720 × 70 = $50,400. Cost = 720 × 40 = $28,800. Profit = 50,400 - 28,800 = $21,600.",rohanmistry231/CSE-Aptitude-Test-Practice-Hub,04 Data Interpretation and Analysis/03 Advance/README.md
data-interpretation-advanced-caselet-based-questions-0091,data-interpretation,Data Interpretation and Analysis,Caselet-Based Questions,advanced,"Data Context: High-impact = 20% of 50 = 10 publications

How many high-impact publications did Dept A produce?",10 publications | 15 publications | 7 publications | 20 publications,10 publications,High-impact = 20% of 50 = 10 publications.,rohanmistry231/CSE-Aptitude-Test-Practice-Hub,04 Data Interpretation and Analysis/03 Advance/README.md
data-interpretation-advanced-caselet-based-questions-0092,data-interpretation,Data Interpretation and Analysis,Caselet-Based Questions,advanced,"Data Context: Funding = $400,000, Publications = 40, Average = 400,000 ÷ 40 = $10,000

What is the average funding per publication for Dept B?","$10,000 | $15,000 | $7,000 | $20,000","$10,000","Funding = $400,000. Publications = 40. Average = 400,000 ÷ 40 = $10,000.",rohanmistry231/CSE-Aptitude-Test-Practice-Hub,04 Data Interpretation and Analysis/03 Advance/README.md
data-interpretation-advanced-caselet-based-questions-0093,data-interpretation,Data Interpretation and Analysis,Caselet-Based Questions,advanced,"Data Context: B: 25% of 40 = 10, C: 30% of 30 = 9

Which department had the highest number of high-impact publications?",Dept A or B | None of the above | Both Dept A or B... and alternative | Insufficient data,Dept A or B,A: 10. B: 25% of 40 = 10. C: 30% of 30 = 9. A and B tie.,rohanmistry231/CSE-Aptitude-Test-Practice-Hub,04 Data Interpretation and Analysis/03 Advance/README.md
data-interpretation-advanced-caselet-based-questions-0094,data-interpretation,Data Interpretation and Analysis,Caselet-Based Questions,advanced,"Data Context: Total = 500,000 + 400,000 + 300,000 = $1,200,000

What is the total funding across all departments?","$1,200,000 | $3,200,000 | $2,200,000 | $31,200,000","$1,200,000","Total = 500,000 + 400,000 + 300,000 = $1,200,000.",rohanmistry231/CSE-Aptitude-Test-Practice-Hub,04 Data Interpretation and Analysis/03 Advance/README.md
data-interpretation-advanced-caselet-based-questions-0095,data-interpretation,Data Interpretation and Analysis,Caselet-Based Questions,advanced,"Data Context: Total = 50 + 40 + 30 = 120 publications

What is the total number of publications across all departments?",120 publications | 125 publications | 117 publications | 240 publications,120 publications,Total = 50 + 40 + 30 = 120 publications.,rohanmistry231/CSE-Aptitude-Test-Practice-Hub,04 Data Interpretation and Analysis/03 Advance/README.md
data-interpretation-advanced-caselet-based-questions-0096,data-interpretation,Data Interpretation and Analysis,Caselet-Based Questions,advanced,"Data Context: Total funding = $1,200,000, Total publications = 120, Average = 1,200,000 ÷ 120 = $10,000

What is the weighted average funding per publication?","$10,000 | $15,000 | $7,000 | $20,000","$10,000","Total funding = $1,200,000. Total publications = 120. Average = 1,200,000 ÷ 120 = $10,000.",rohanmistry231/CSE-Aptitude-Test-Practice-Hub,04 Data Interpretation and Analysis/03 Advance/README.md
data-interpretation-advanced-caselet-based-questions-0097,data-interpretation,Data Interpretation and Analysis,Caselet-Based Questions,advanced,"Data Context: Ratio = 10 : 9

What is the ratio of high-impact publications in Dept B to Dept C?",10 : 9 | 15 : 9 | 7 : 9 | 20 : 9,10 : 9,B: 10. C: 9. Ratio = 10 : 9.,rohanmistry231/CSE-Aptitude-Test-Practice-Hub,04 Data Interpretation and Analysis/03 Advance/README.md
data-interpretation-advanced-caselet-based-questions-0098,data-interpretation,Data Interpretation and Analysis,Caselet-Based Questions,advanced,"Data Context: Total: 1,200,000, % = (300,000 ÷ 1,200,000) × 100 = 25%

What is the percentage contribution of Dept C’s funding to total funding?",25% | 30% | 22% | 50%,25%,"C: 300,000. Total: 1,200,000. % = (300,000 ÷ 1,200,000) × 100 = 25%.",rohanmistry231/CSE-Aptitude-Test-Practice-Hub,04 Data Interpretation and Analysis/03 Advance/README.md
data-interpretation-advanced-caselet-based-questions-0099,data-interpretation,Data Interpretation and Analysis,Caselet-Based Questions,advanced,"Data Context: Total = 10 + 10 + 9 = 29

What is the total number of high-impact publications?",29 publications | 34 publications | 26 publications | 58 publications,29 publications,"A: 10, B: 10, C: 9. Total = 10 + 10 + 9 = 29.",rohanmistry231/CSE-Aptitude-Test-Practice-Hub,04 Data Interpretation and Analysis/03 Advance/README.md
data-interpretation-advanced-caselet-based-questions-0100,data-interpretation,Data Interpretation and Analysis,Caselet-Based Questions,advanced,"If Dept A’s funding increases by 10% and publications remain the same, what is the new funding per publication?","$11,000 | $16,000 | $8,000 | $22,000","$11,000","New funding = 500,000 × 1.1 = $550,000. Publications = 50. Average = 550,000 ÷ 50 = $11,000.",rohanmistry231/CSE-Aptitude-Test-Practice-Hub,04 Data Interpretation and Analysis/03 Advance/README.md
abstract-reasoning-basic-number-sequence-questions-0001,abstract-reasoning,Abstract Reasoning (Non-Verbal Reasoning),Number Sequence Questions,basic,"Find the next number in the sequence: 2, 4, 6, 8, __",10 | 15 | 7 | 20,10,"Each number increases by 2 (arithmetic sequence): 2 + 2 = 4, 4 + 2 = 6, 6 + 2 = 8. Next: 8 + 2 = 10.",rohanmistry231/CSE-Aptitude-Test-Practice-Hub,05 Abstract Reasoning (Non-Verbal Reasoning)/01 Basic/README.md
abstract-reasoning-basic-number-sequence-questions-0002,abstract-reasoning,Abstract Reasoning (Non-Verbal Reasoning),Number Sequence Questions,basic,"Find the next number: 1, 3, 9, 27, __",81 | 86 | 78 | 162,81,"Each number is multiplied by 3 (geometric sequence): 1 × 3 = 3, 3 × 3 = 9, 9 × 3 = 27. Next: 27 × 3 = 81.",rohanmistry231/CSE-Aptitude-Test-Practice-Hub,05 Abstract Reasoning (Non-Verbal Reasoning)/01 Basic/README.md
abstract-reasoning-basic-number-sequence-questions-0003,abstract-reasoning,Abstract Reasoning (Non-Verbal Reasoning),Number Sequence Questions,basic,"Find the next number: 5, 10, 15, 20, __",25 | 30 | 22 | 50,25,"Each number increases by 5: 5 + 5 = 10, 10 + 5 = 15, 15 + 5 = 20. Next: 20 + 5 = 25.",rohanmistry231/CSE-Aptitude-Test-Practice-Hub,05 Abstract Reasoning (Non-Verbal Reasoning)/01 Basic/README.md
abstract-reasoning-basic-number-sequence-questions-0004,abstract-reasoning,Abstract Reasoning (Non-Verbal Reasoning),Number Sequence Questions,basic,"Find the next number: 1, 4, 16, 64, __",256 | 261 | 253 | 512,256,"Each number is multiplied by 4: 1 × 4 = 4, 4 × 4 = 16, 16 × 4 = 64. Next: 64 × 4 = 256.",rohanmistry231/CSE-Aptitude-Test-Practice-Hub,05 Abstract Reasoning (Non-Verbal Reasoning)/01 Basic/README.md
abstract-reasoning-basic-number-sequence-questions-0005,abstract-reasoning,Abstract Reasoning (Non-Verbal Reasoning),Number Sequence Questions,basic,"Find the next number: 3, 6, 12, 24, __",48 | 53 | 45 | 96,48,"Each number is multiplied by 2: 3 × 2 = 6, 6 × 2 = 12, 12 × 2 = 24. Next: 24 × 2 = 48.",rohanmistry231/CSE-Aptitude-Test-Practice-Hub,05 Abstract Reasoning (Non-Verbal Reasoning)/01 Basic/README.md
abstract-reasoning-basic-number-sequence-questions-0006,abstract-reasoning,Abstract Reasoning (Non-Verbal Reasoning),Number Sequence Questions,basic,"Find the next number: 10, 9, 8, 7, __",6 | 11 | 3 | 12,6,"Each number decreases by 1: 10 - 1 = 9, 9 - 1 = 8, 8 - 1 = 7. Next: 7 - 1 = 6.",rohanmistry231/CSE-Aptitude-Test-Practice-Hub,05 Abstract Reasoning (Non-Verbal Reasoning)/01 Basic/README.md
abstract-reasoning-basic-number-sequence-questions-0007,abstract-reasoning,Abstract Reasoning (Non-Verbal Reasoning),Number Sequence Questions,basic,"Find the next number: 2, 5, 8, 11, __",14 | 19 | 11 | 28,14,"Each number increases by 3: 2 + 3 = 5, 5 + 3 = 8, 8 + 3 = 11. Next: 11 + 3 = 14.",rohanmistry231/CSE-Aptitude-Test-Practice-Hub,05 Abstract Reasoning (Non-Verbal Reasoning)/01 Basic/README.md
abstract-reasoning-basic-number-sequence-questions-0008,abstract-reasoning,Abstract Reasoning (Non-Verbal Reasoning),Number Sequence Questions,basic,"Find the next number: 1, 2, 4, 8, __",16 | 21 | 13 | 32,16,"Each number is multiplied by 2: 1 × 2 = 2, 2 × 2 = 4, 4 × 2 = 8. Next: 8 × 2 = 16.",rohanmistry231/CSE-Aptitude-Test-Practice-Hub,05 Abstract Reasoning (Non-Verbal Reasoning)/01 Basic/README.md
abstract-reasoning-basic-number-sequence-questions-0009,abstract-reasoning,Abstract Reasoning (Non-Verbal Reasoning),Number Sequence Questions,basic,"Find the next number: 100, 90, 80, 70, __",60 | 65 | 57 | 120,60,"Each number decreases by 10: 100 - 10 = 90, 90 - 10 = 80, 80 - 10 = 70. Next: 70 - 10 = 60.",rohanmistry231/CSE-Aptitude-Test-Practice-Hub,05 Abstract Reasoning (Non-Verbal Reasoning)/01 Basic/README.md
abstract-reasoning-basic-number-sequence-questions-0010,abstract-reasoning,Abstract Reasoning (Non-Verbal Reasoning),Number Sequence Questions,basic,"Find the next number: 1, 5, 25, 125, __",625 | 630 | 622 | 1250,625,"Each number is multiplied by 5: 1 × 5 = 5, 5 × 5 = 25, 25 × 5 = 125. Next: 125 × 5 = 625.",rohanmistry231/CSE-Aptitude-Test-Practice-Hub,05 Abstract Reasoning (Non-Verbal Reasoning)/01 Basic/README.md
abstract-reasoning-basic-number-sequence-questions-0011,abstract-reasoning,Abstract Reasoning (Non-Verbal Reasoning),Number Sequence Questions,basic,"Find the next number: 4, 8, 12, 16, __",20 | 25 | 17 | 40,20,"Each number increases by 4: 4 + 4 = 8, 8 + 4 = 12, 12 + 4 = 16. Next: 16 + 4 = 20.",rohanmistry231/CSE-Aptitude-Test-Practice-Hub,05 Abstract Reasoning (Non-Verbal Reasoning)/01 Basic/README.md
abstract-reasoning-basic-number-sequence-questions-0012,abstract-reasoning,Abstract Reasoning (Non-Verbal Reasoning),Number Sequence Questions,basic,"Find the next number: 2, 6, 18, 54, __",162 | 167 | 159 | 324,162,"Each number is multiplied by 3: 2 × 3 = 6, 6 × 3 = 18, 18 × 3 = 54. Next: 54 × 3 = 162.",rohanmistry231/CSE-Aptitude-Test-Practice-Hub,05 Abstract Reasoning (Non-Verbal Reasoning)/01 Basic/README.md
abstract-reasoning-basic-number-sequence-questions-0013,abstract-reasoning,Abstract Reasoning (Non-Verbal Reasoning),Number Sequence Questions,basic,"Find the next number: 7, 14, 21, 28, __",35 | 40 | 32 | 70,35,"Each number increases by 7: 7 + 7 = 14, 14 + 7 = 21, 21 + 7 = 28. Next: 28 + 7 = 35.",rohanmistry231/CSE-Aptitude-Test-Practice-Hub,05 Abstract Reasoning (Non-Verbal Reasoning)/01 Basic/README.md
abstract-reasoning-basic-number-sequence-questions-0014,abstract-reasoning,Abstract Reasoning (Non-Verbal Reasoning),Number Sequence Questions,basic,"Find the next number: 3, 9, 27, 81, __",243 | 248 | 240 | 486,243,"Each number is multiplied by 3: 3 × 3 = 9, 9 × 3 = 27, 27 × 3 = 81. Next: 81 × 3 = 243.",rohanmistry231/CSE-Aptitude-Test-Practice-Hub,05 Abstract Reasoning (Non-Verbal Reasoning)/01 Basic/README.md
abstract-reasoning-basic-number-sequence-questions-0015,abstract-reasoning,Abstract Reasoning (Non-Verbal Reasoning),Number Sequence Questions,basic,"Find the next number: 50, 45, 40, 35, __",30 | 35 | 27 | 60,30,"Each number decreases by 5: 50 - 5 = 45, 45 - 5 = 40, 40 - 5 = 35. Next: 35 - 5 = 30.",rohanmistry231/CSE-Aptitude-Test-Practice-Hub,05 Abstract Reasoning (Non-Verbal Reasoning)/01 Basic/README.md
abstract-reasoning-basic-number-sequence-questions-0016,abstract-reasoning,Abstract Reasoning (Non-Verbal Reasoning),Number Sequence Questions,basic,"Find the next number: 1, 3, 6, 10, __",15 | 20 | 12 | 30,15,"Differences: 3 - 1 = 2, 6 - 3 = 3, 10 - 6 = 4. Differences increase by 1. Next difference = 5. Next: 10 + 5 = 15.",rohanmistry231/CSE-Aptitude-Test-Practice-Hub,05 Abstract Reasoning (Non-Verbal Reasoning)/01 Basic/README.md
abstract-reasoning-basic-number-sequence-questions-0017,abstract-reasoning,Abstract Reasoning (Non-Verbal Reasoning),Number Sequence Questions,basic,"Find the next number: 2, 4, 8, 16, __",32 | 37 | 29 | 64,32,"Each number is multiplied by 2: 2 × 2 = 4, 4 × 2 = 8, 8 × 2 = 16. Next: 16 × 2 = 32.",rohanmistry231/CSE-Aptitude-Test-Practice-Hub,05 Abstract Reasoning (Non-Verbal Reasoning)/01 Basic/README.md
abstract-reasoning-basic-number-sequence-questions-0018,abstract-reasoning,Abstract Reasoning (Non-Verbal Reasoning),Number Sequence Questions,basic,"Find the next number: 6, 12, 18, 24, __",30 | 35 | 27 | 60,30,"Each number increases by 6: 6 + 6 = 12, 12 + 6 = 18, 18 + 6 = 24. Next: 24 + 6 = 30.",rohanmistry231/CSE-Aptitude-Test-Practice-Hub,05 Abstract Reasoning (Non-Verbal Reasoning)/01 Basic/README.md
abstract-reasoning-basic-number-sequence-questions-0019,abstract-reasoning,Abstract Reasoning (Non-Verbal Reasoning),Number Sequence Questions,basic,"Find the next number: 1, 4, 9, 16, __",25 | 30 | 22 | 50,25,"Numbers are squares: 1² = 1, 2² = 4, 3² = 9, 4² = 16. Next: 5² = 25.",rohanmistry231/CSE-Aptitude-Test-Practice-Hub,05 Abstract Reasoning (Non-Verbal Reasoning)/01 Basic/README.md
abstract-reasoning-basic-number-sequence-questions-0020,abstract-reasoning,Abstract Reasoning (Non-Verbal Reasoning),Number Sequence Questions,basic,"Find the next number: 8, 7, 6, 5, __",4 | 6 | 1 | 8,4,"Each number decreases by 1: 8 - 1 = 7, 7 - 1 = 6, 6 - 1 = 5. Next: 5 - 1 = 4.",rohanmistry231/CSE-Aptitude-Test-Practice-Hub,05 Abstract Reasoning (Non-Verbal Reasoning)/01 Basic/README.md
abstract-reasoning-basic-shape-pattern-questions-0021,abstract-reasoning,Abstract Reasoning (Non-Verbal Reasoning),Shape Pattern Questions,basic,"A sequence of squares increases the number of small squares inside: 1, 4, 9, __. What is the next number?",16 | 21 | 13 | 32,16,"Numbers are squares: 1 = 1², 4 = 2², 9 = 3². Next: 4² = 16 small squares.",rohanmistry231/CSE-Aptitude-Test-Practice-Hub,05 Abstract Reasoning (Non-Verbal Reasoning)/01 Basic/README.md
abstract-reasoning-basic-shape-pattern-questions-0022,abstract-reasoning,Abstract Reasoning (Non-Verbal Reasoning),Shape Pattern Questions,basic,"A triangle rotates 90° clockwise each step. After three rotations, what is the position?",270° clockwise | 275° clockwise | 267° clockwise | 540° clockwise,270° clockwise,90° × 3 = 270° clockwise. The triangle is rotated 270° from the original position.,rohanmistry231/CSE-Aptitude-Test-Practice-Hub,05 Abstract Reasoning (Non-Verbal Reasoning)/01 Basic/README.md
abstract-reasoning-basic-shape-pattern-questions-0023,abstract-reasoning,Abstract Reasoning (Non-Verbal Reasoning),Shape Pattern Questions,basic,"A sequence of circles adds one circle each step: 1, 2, 3, 4, __. What is the next number?",5 circles | 7 circles | 2 circles | 10 circles,5 circles,"Each step adds 1: 1 + 1 = 2, 2 + 1 = 3, 3 + 1 = 4. Next: 4 + 1 = 5.",rohanmistry231/CSE-Aptitude-Test-Practice-Hub,05 Abstract Reasoning (Non-Verbal Reasoning)/01 Basic/README.md
abstract-reasoning-basic-shape-pattern-questions-0024,abstract-reasoning,Abstract Reasoning (Non-Verbal Reasoning),Shape Pattern Questions,basic,"A square is divided into smaller squares: 1, 4, 16, __. What is the next number?",64 | 69 | 61 | 128,64,"Each number is multiplied by 4: 1 × 4 = 4, 4 × 4 = 16. Next: 16 × 4 = 64.",rohanmistry231/CSE-Aptitude-Test-Practice-Hub,05 Abstract Reasoning (Non-Verbal Reasoning)/01 Basic/README.md
abstract-reasoning-basic-shape-pattern-questions-0025,abstract-reasoning,Abstract Reasoning (Non-Verbal Reasoning),Shape Pattern Questions,basic,"A sequence of shapes alternates: Circle, Square, Circle, Square, __. What is the next shape?",Circle | None of the above | Both Circle... and alternative | Insufficient data,Circle,"Pattern alternates: Circle, Square. After Square, the next is Circle.",rohanmistry231/CSE-Aptitude-Test-Practice-Hub,05 Abstract Reasoning (Non-Verbal Reasoning)/01 Basic/README.md
abstract-reasoning-basic-shape-pattern-questions-0026,abstract-reasoning,Abstract Reasoning (Non-Verbal Reasoning),Shape Pattern Questions,basic,"A pentagon rotates 72° clockwise each step. After two rotations, what is the position?",144° clockwise | 149° clockwise | 141° clockwise | 288° clockwise,144° clockwise,72° × 2 = 144° clockwise.,rohanmistry231/CSE-Aptitude-Test-Practice-Hub,05 Abstract Reasoning (Non-Verbal Reasoning)/01 Basic/README.md
abstract-reasoning-basic-shape-pattern-questions-0027,abstract-reasoning,Abstract Reasoning (Non-Verbal Reasoning),Shape Pattern Questions,basic,"A sequence of triangles adds one triangle: 1, 2, 4, __. What is the next number?",8 triangles | 13 triangles | 5 triangles | 16 triangles,8 triangles,"Each number is multiplied by 2: 1 × 2 = 2, 2 × 2 = 4. Next: 4 × 2 = 8.",rohanmistry231/CSE-Aptitude-Test-Practice-Hub,05 Abstract Reasoning (Non-Verbal Reasoning)/01 Basic/README.md
abstract-reasoning-basic-shape-pattern-questions-0028,abstract-reasoning,Abstract Reasoning (Non-Verbal Reasoning),Shape Pattern Questions,basic,"A sequence of squares increases side length by 1: 1×1, 2×2, 3×3, __. What is the next square?",4×4 | 6×4 | 1×4 | 8×4,4×4,"Side lengths: 1, 2, 3. Next: 4. Square is 4×4.",rohanmistry231/CSE-Aptitude-Test-Practice-Hub,05 Abstract Reasoning (Non-Verbal Reasoning)/01 Basic/README.md
abstract-reasoning-basic-shape-pattern-questions-0029,abstract-reasoning,Abstract Reasoning (Non-Verbal Reasoning),Shape Pattern Questions,basic,"A sequence alternates colors: Red, Blue, Red, Blue, __. What is the next color?",Red | None of the above | Both Red... and alternative | Insufficient data,Red,"Pattern alternates: Red, Blue. After Blue, the next is Red.",rohanmistry231/CSE-Aptitude-Test-Practice-Hub,05 Abstract Reasoning (Non-Verbal Reasoning)/01 Basic/README.md
abstract-reasoning-basic-shape-pattern-questions-0030,abstract-reasoning,Abstract Reasoning (Non-Verbal Reasoning),Shape Pattern Questions,basic,"A circle is divided into sectors: 2, 4, 8, __. What is the next number?",16 sectors | 21 sectors | 13 sectors | 32 sectors,16 sectors,"Each number is multiplied by 2: 2 × 2 = 4, 4 × 2 = 8. Next: 8 × 2 = 16.",rohanmistry231/CSE-Aptitude-Test-Practice-Hub,05 Abstract Reasoning (Non-Verbal Reasoning)/01 Basic/README.md
abstract-reasoning-basic-shape-pattern-questions-0031,abstract-reasoning,Abstract Reasoning (Non-Verbal Reasoning),Shape Pattern Questions,basic,"A sequence of shapes: Star, Circle, Star, Circle, __. What is the next shape?",Star | None of the above | Both Star... and alternative | Insufficient data,Star,"Pattern alternates: Star, Circle. After Circle, the next is Star.",rohanmistry231/CSE-Aptitude-Test-Practice-Hub,05 Abstract Reasoning (Non-Verbal Reasoning)/01 Basic/README.md
abstract-reasoning-basic-shape-pattern-questions-0032,abstract-reasoning,Abstract Reasoning (Non-Verbal Reasoning),Shape Pattern Questions,basic,"A square rotates 45° clockwise each step. After four rotations, what is the position?",180° clockwise | 185° clockwise | 177° clockwise | 360° clockwise,180° clockwise,45° × 4 = 180° clockwise.,rohanmistry231/CSE-Aptitude-Test-Practice-Hub,05 Abstract Reasoning (Non-Verbal Reasoning)/01 Basic/README.md
abstract-reasoning-basic-shape-pattern-questions-0033,abstract-reasoning,Abstract Reasoning (Non-Verbal Reasoning),Shape Pattern Questions,basic,"A sequence of hexagons adds one side: 6, 7, 8, __. What is the next number?",9 sides | 14 sides | 6 sides | 18 sides,9 sides,"Each number increases by 1: 6 + 1 = 7, 7 + 1 = 8. Next: 8 + 1 = 9.",rohanmistry231/CSE-Aptitude-Test-Practice-Hub,05 Abstract Reasoning (Non-Verbal Reasoning)/01 Basic/README.md
abstract-reasoning-basic-shape-pattern-questions-0034,abstract-reasoning,Abstract Reasoning (Non-Verbal Reasoning),Shape Pattern Questions,basic,"A sequence of shapes doubles: 1 triangle, 2 triangles, 4 triangles, __. What is the next number?",8 triangles | 13 triangles | 5 triangles | 16 triangles,8 triangles,"Each number is multiplied by 2: 1 × 2 = 2, 2 × 2 = 4. Next: 4 × 2 = 8.",rohanmistry231/CSE-Aptitude-Test-Practice-Hub,05 Abstract Reasoning (Non-Verbal Reasoning)/01 Basic/README.md
abstract-reasoning-basic-shape-pattern-questions-0035,abstract-reasoning,Abstract Reasoning (Non-Verbal Reasoning),Shape Pattern Questions,basic,"A sequence alternates: Filled Circle, Empty Circle, Filled Circle, __. What is the next shape?",Empty Circle | None of the above | Both Empty Circle... and alternative | Insufficient data,Empty Circle,"Pattern alternates: Filled, Empty. After Filled, the next is Empty Circle.",rohanmistry231/CSE-Aptitude-Test-Practice-Hub,05 Abstract Reasoning (Non-Verbal Reasoning)/01 Basic/README.md
abstract-reasoning-basic-shape-pattern-questions-0036,abstract-reasoning,Abstract Reasoning (Non-Verbal Reasoning),Shape Pattern Questions,basic,"A rectangle increases length by 1: 2×1, 3×1, 4×1, __. What is the next rectangle?",5×1 | 7×1 | 2×1 | 10×1,5×1,"Lengths: 2, 3, 4. Next: 4 + 1 = 5. Rectangle is 5×1.",rohanmistry231/CSE-Aptitude-Test-Practice-Hub,05 Abstract Reasoning (Non-Verbal Reasoning)/01 Basic/README.md
abstract-reasoning-basic-shape-pattern-questions-0037,abstract-reasoning,Abstract Reasoning (Non-Verbal Reasoning),Shape Pattern Questions,basic,"A sequence of colors: Green, Yellow, Green, Yellow, __. What is the next color?",Green | None of the above | Both Green... and alternative | Insufficient data,Green,"Pattern alternates: Green, Yellow. After Yellow, the next is Green.",rohanmistry231/CSE-Aptitude-Test-Practice-Hub,05 Abstract Reasoning (Non-Verbal Reasoning)/01 Basic/README.md
abstract-reasoning-basic-shape-pattern-questions-0038,abstract-reasoning,Abstract Reasoning (Non-Verbal Reasoning),Shape Pattern Questions,basic,"A triangle increases sides: 3, 4, 5, __. What is the next number?",6 sides | 11 sides | 3 sides | 12 sides,6 sides,"Each number increases by 1: 3 + 1 = 4, 4 + 1 = 5. Next: 5 + 1 = 6.",rohanmistry231/CSE-Aptitude-Test-Practice-Hub,05 Abstract Reasoning (Non-Verbal Reasoning)/01 Basic/README.md
abstract-reasoning-basic-shape-pattern-questions-0039,abstract-reasoning,Abstract Reasoning (Non-Verbal Reasoning),Shape Pattern Questions,basic,"A sequence of shapes: Square, Triangle, Square, Triangle, __. What is the next shape?",Square | None of the above | Both Square... and alternative | Insufficient data,Square,"Pattern alternates: Square, Triangle. After Triangle, the next is Square.",rohanmistry231/CSE-Aptitude-Test-Practice-Hub,05 Abstract Reasoning (Non-Verbal Reasoning)/01 Basic/README.md
abstract-reasoning-basic-shape-pattern-questions-0040,abstract-reasoning,Abstract Reasoning (Non-Verbal Reasoning),Shape Pattern Questions,basic,"A circle increases radius by 1: r=1, r=2, r=3, __. What is the next radius?",r=4 | r=6 | r=1 | r=8,r=4,"Radii: 1, 2, 3. Next: 3 + 1 = 4.",rohanmistry231/CSE-Aptitude-Test-Practice-Hub,05 Abstract Reasoning (Non-Verbal Reasoning)/01 Basic/README.md
abstract-reasoning-basic-analogy-questions-0041,abstract-reasoning,Abstract Reasoning (Non-Verbal Reasoning),Analogy Questions,basic,2 : 4 :: 6 : __,12 | 17 | 9 | 24,12,"2 × 2 = 4. Similarly, 6 × 2 = 12.",rohanmistry231/CSE-Aptitude-Test-Practice-Hub,05 Abstract Reasoning (Non-Verbal Reasoning)/01 Basic/README.md
abstract-reasoning-basic-analogy-questions-0042,abstract-reasoning,Abstract Reasoning (Non-Verbal Reasoning),Analogy Questions,basic,Circle : Square :: Triangle : __,Quadrilateral | None of the above | Both Quadrilateral... and alternative | Insufficient data,Quadrilateral,Circle and Square are shapes. Triangle is a shape; the next shape with one more side is Quadrilateral.,rohanmistry231/CSE-Aptitude-Test-Practice-Hub,05 Abstract Reasoning (Non-Verbal Reasoning)/01 Basic/README.md
abstract-reasoning-basic-analogy-questions-0043,abstract-reasoning,Abstract Reasoning (Non-Verbal Reasoning),Analogy Questions,basic,1 : 3 :: 5 : __,15 | 20 | 12 | 30,15,"1 × 3 = 3. Similarly, 5 × 3 = 15.",rohanmistry231/CSE-Aptitude-Test-Practice-Hub,05 Abstract Reasoning (Non-Verbal Reasoning)/01 Basic/README.md
abstract-reasoning-basic-analogy-questions-0044,abstract-reasoning,Abstract Reasoning (Non-Verbal Reasoning),Analogy Questions,basic,Red : Blue :: Yellow : __,Green | None of the above | Both Green... and alternative | Insufficient data,Green,"Red and Blue are colors. Yellow is a color; the next color in a simple sequence (e.g., rainbow) is Green.",rohanmistry231/CSE-Aptitude-Test-Practice-Hub,05 Abstract Reasoning (Non-Verbal Reasoning)/01 Basic/README.md
abstract-reasoning-basic-analogy-questions-0045,abstract-reasoning,Abstract Reasoning (Non-Verbal Reasoning),Analogy Questions,basic,3 : 9 :: 4 : __,16 | 21 | 13 | 32,16,"3² = 9. Similarly, 4² = 16.",rohanmistry231/CSE-Aptitude-Test-Practice-Hub,05 Abstract Reasoning (Non-Verbal Reasoning)/01 Basic/README.md
abstract-reasoning-basic-analogy-questions-0046,abstract-reasoning,Abstract Reasoning (Non-Verbal Reasoning),Analogy Questions,basic,Star : Circle :: Pentagon : __,Pentagon | None of the above | Both Pentagon... and alternative | Insufficient data,Pentagon,Star and Circle are shapes. Pentagon is a shape; the next shape with same sides (5) is Pentagon.,rohanmistry231/CSE-Aptitude-Test-Practice-Hub,05 Abstract Reasoning (Non-Verbal Reasoning)/01 Basic/README.md
abstract-reasoning-basic-analogy-questions-0047,abstract-reasoning,Abstract Reasoning (Non-Verbal Reasoning),Analogy Questions,basic,2 : 8 :: 3 : __,27 | 32 | 24 | 54,27,"2³ = 8. Similarly, 3³ = 27.",rohanmistry231/CSE-Aptitude-Test-Practice-Hub,05 Abstract Reasoning (Non-Verbal Reasoning)/01 Basic/README.md
abstract-reasoning-basic-analogy-questions-0048,abstract-reasoning,Abstract Reasoning (Non-Verbal Reasoning),Analogy Questions,basic,Small : Large :: Short : __,Long | None of the above | Both Long... and alternative | Insufficient data,Long,Small and Large are size opposites. Short’s opposite is Long.,rohanmistry231/CSE-Aptitude-Test-Practice-Hub,05 Abstract Reasoning (Non-Verbal Reasoning)/01 Basic/README.md
abstract-reasoning-basic-analogy-questions-0049,abstract-reasoning,Abstract Reasoning (Non-Verbal Reasoning),Analogy Questions,basic,5 : 25 :: 6 : __,36 | 41 | 33 | 72,36,"5² = 25. Similarly, 6² = 36.",rohanmistry231/CSE-Aptitude-Test-Practice-Hub,05 Abstract Reasoning (Non-Verbal Reasoning)/01 Basic/README.md
abstract-reasoning-basic-analogy-questions-0050,abstract-reasoning,Abstract Reasoning (Non-Verbal Reasoning),Analogy Questions,basic,Triangle : 3 :: Square : __,4 | 6 | 1 | 8,4,Triangle has 3 sides. Square has 4 sides.,rohanmistry231/CSE-Aptitude-Test-Practice-Hub,05 Abstract Reasoning (Non-Verbal Reasoning)/01 Basic/README.md
abstract-reasoning-basic-analogy-questions-0051,abstract-reasoning,Abstract Reasoning (Non-Verbal Reasoning),Analogy Questions,basic,1 : 2 :: 3 : __,6 | 11 | 3 | 12,6,"1 × 2 = 2. Similarly, 3 × 2 = 6.",rohanmistry231/CSE-Aptitude-Test-Practice-Hub,05 Abstract Reasoning (Non-Verbal Reasoning)/01 Basic/README.md
abstract-reasoning-basic-analogy-questions-0052,abstract-reasoning,Abstract Reasoning (Non-Verbal Reasoning),Analogy Questions,basic,Filled : Empty :: Black : __,White | None of the above | Both White... and alternative | Insufficient data,White,Filled and Empty are opposites. Black’s opposite is White.,rohanmistry231/CSE-Aptitude-Test-Practice-Hub,05 Abstract Reasoning (Non-Verbal Reasoning)/01 Basic/README.md
abstract-reasoning-basic-analogy-questions-0053,abstract-reasoning,Abstract Reasoning (Non-Verbal Reasoning),Analogy Questions,basic,4 : 16 :: 5 : __,25 | 30 | 22 | 50,25,"4² = 16. Similarly, 5² = 25.",rohanmistry231/CSE-Aptitude-Test-Practice-Hub,05 Abstract Reasoning (Non-Verbal Reasoning)/01 Basic/README.md
abstract-reasoning-basic-analogy-questions-0054,abstract-reasoning,Abstract Reasoning (Non-Verbal Reasoning),Analogy Questions,basic,Circle : 0 :: Triangle : __,3 | 5 | 1 | 6,3,Circle has 0 sides. Triangle has 3 sides.,rohanmistry231/CSE-Aptitude-Test-Practice-Hub,05 Abstract Reasoning (Non-Verbal Reasoning)/01 Basic/README.md
abstract-reasoning-basic-analogy-questions-0055,abstract-reasoning,Abstract Reasoning (Non-Verbal Reasoning),Analogy Questions,basic,2 : 6 :: 4 : __,12 | 17 | 9 | 24,12,"2 × 3 = 6. Similarly, 4 × 3 = 12.",rohanmistry231/CSE-Aptitude-Test-Practice-Hub,05 Abstract Reasoning (Non-Verbal Reasoning)/01 Basic/README.md
abstract-reasoning-basic-analogy-questions-0056,abstract-reasoning,Abstract Reasoning (Non-Verbal Reasoning),Analogy Questions,basic,Red : Circle :: Blue : __,Circle | None of the above | Both Circle... and alternative | Insufficient data,Circle,"Red is a color, Circle is a shape. Blue is a color, so the shape remains Circle.",rohanmistry231/CSE-Aptitude-Test-Practice-Hub,05 Abstract Reasoning (Non-Verbal Reasoning)/01 Basic/README.md
abstract-reasoning-basic-analogy-questions-0057,abstract-reasoning,Abstract Reasoning (Non-Verbal Reasoning),Analogy Questions,basic,3 : 12 :: 5 : __,20 | 25 | 17 | 40,20,"3 × 4 = 12. Similarly, 5 × 4 = 20.",rohanmistry231/CSE-Aptitude-Test-Practice-Hub,05 Abstract Reasoning (Non-Verbal Reasoning)/01 Basic/README.md
abstract-reasoning-basic-analogy-questions-0058,abstract-reasoning,Abstract Reasoning (Non-Verbal Reasoning),Analogy Questions,basic,Square : 4 :: Pentagon : __,5 | 7 | 2 | 10,5,Square has 4 sides. Pentagon has 5 sides.,rohanmistry231/CSE-Aptitude-Test-Practice-Hub,05 Abstract Reasoning (Non-Verbal Reasoning)/01 Basic/README.md
abstract-reasoning-basic-analogy-questions-0059,abstract-reasoning,Abstract Reasoning (Non-Verbal Reasoning),Analogy Questions,basic,1 : 4 :: 2 : __,8 | 13 | 5 | 16,8,"1 × 4 = 4. Similarly, 2 × 4 = 8.",rohanmistry231/CSE-Aptitude-Test-Practice-Hub,05 Abstract Reasoning (Non-Verbal Reasoning)/01 Basic/README.md
abstract-reasoning-basic-analogy-questions-0060,abstract-reasoning,Abstract Reasoning (Non-Verbal Reasoning),Analogy Questions,basic,Up : Down :: Left : __,Right | None of the above | Both Right... and alternative | Insufficient data,Right,Up and Down are opposite directions. Left’s opposite is Right.,rohanmistry231/CSE-Aptitude-Test-Practice-Hub,05 Abstract Reasoning (Non-Verbal Reasoning)/01 Basic/README.md
abstract-reasoning-basic-matrix-pattern-questions-0061,abstract-reasoning,Abstract Reasoning (Non-Verbal Reasoning),Matrix Pattern Questions,basic,"Matrix: [1, 2, 3; 4, 5, 6; 7, 8, __]. What is the missing number?",9 | 14 | 6 | 18,9,"Numbers increase by 1: 1, 2, 3, 4, 5, 6, 7, 8. Next: 8 + 1 = 9.",rohanmistry231/CSE-Aptitude-Test-Practice-Hub,05 Abstract Reasoning (Non-Verbal Reasoning)/01 Basic/README.md
abstract-reasoning-basic-matrix-pattern-questions-0062,abstract-reasoning,Abstract Reasoning (Non-Verbal Reasoning),Matrix Pattern Questions,basic,"Matrix: [2, 4, 6; 8, 10, 12; 14, 16, __]. What is the missing number?",18 | 23 | 15 | 36,18,"Each row increases by 2. Third row: 14, 16, 16 + 2 = 18.",rohanmistry231/CSE-Aptitude-Test-Practice-Hub,05 Abstract Reasoning (Non-Verbal Reasoning)/01 Basic/README.md
abstract-reasoning-basic-matrix-pattern-questions-0063,abstract-reasoning,Abstract Reasoning (Non-Verbal Reasoning),Matrix Pattern Questions,basic,"Matrix: [1, 3, 5; 7, 9, 11; 13, 15, __]. What is the missing number?",17 | 22 | 14 | 34,17,"Numbers increase by 2: 1, 3, 5, 7, 9, 11, 13, 15. Next: 15 + 2 = 17.",rohanmistry231/CSE-Aptitude-Test-Practice-Hub,05 Abstract Reasoning (Non-Verbal Reasoning)/01 Basic/README.md
abstract-reasoning-basic-matrix-pattern-questions-0064,abstract-reasoning,Abstract Reasoning (Non-Verbal Reasoning),Matrix Pattern Questions,basic,"Matrix: [1, 4, 16; 2, 8, 32; 3, 12, __]. What is the missing number?",48 | 53 | 45 | 96,48,"Each row: 1 × 4⁰, 1 × 4¹, 1 × 4²; 2 × 4⁰, 2 × 4¹, 2 × 4²; 3 × 4⁰, 3 × 4¹, 3 × 4². Next: 3 × 4² = 48.",rohanmistry231/CSE-Aptitude-Test-Practice-Hub,05 Abstract Reasoning (Non-Verbal Reasoning)/01 Basic/README.md
abstract-reasoning-basic-matrix-pattern-questions-0065,abstract-reasoning,Abstract Reasoning (Non-Verbal Reasoning),Matrix Pattern Questions,basic,"Matrix: [Circle, Square, Triangle; Square, Triangle, Circle; Triangle, Circle, __]. What is the missing shape?",Square | None of the above | Both Square... and alternative | Insufficient data,Square,Each column shifts shapes down: Circle → Square → Triangle; Square → Triangle → Circle; Triangle → Circle → Square.,rohanmistry231/CSE-Aptitude-Test-Practice-Hub,05 Abstract Reasoning (Non-Verbal Reasoning)/01 Basic/README.md
abstract-reasoning-basic-matrix-pattern-questions-0066,abstract-reasoning,Abstract Reasoning (Non-Verbal Reasoning),Matrix Pattern Questions,basic,"Matrix: [2, 3, 4; 5, 6, 7; 8, 9, __]. What is the missing number?",10 | 15 | 7 | 20,10,"Numbers increase by 1: 2, 3, 4, 5, 6, 7, 8, 9. Next: 9 + 1 = 10.",rohanmistry231/CSE-Aptitude-Test-Practice-Hub,05 Abstract Reasoning (Non-Verbal Reasoning)/01 Basic/README.md
abstract-reasoning-basic-matrix-pattern-questions-0067,abstract-reasoning,Abstract Reasoning (Non-Verbal Reasoning),Matrix Pattern Questions,basic,"Matrix: [1, 2, 4; 8, 16, 32; 64, 128, __]. What is the missing number?",256 | 261 | 253 | 512,256,"Each row doubles: 1, 2, 4; 8, 16, 32; 64, 128, 256.",rohanmistry231/CSE-Aptitude-Test-Practice-Hub,05 Abstract Reasoning (Non-Verbal Reasoning)/01 Basic/README.md
abstract-reasoning-basic-matrix-pattern-questions-0068,abstract-reasoning,Abstract Reasoning (Non-Verbal Reasoning),Matrix Pattern Questions,basic,"Matrix: [Red, Blue, Green; Blue, Green, Red; Green, Red, __]. What is the missing color?",Blue | None of the above | Both Blue... and alternative | Insufficient data,Blue,Each column shifts colors down: Red → Blue → Green; Blue → Green → Red; Green → Red → Blue.,rohanmistry231/CSE-Aptitude-Test-Practice-Hub,05 Abstract Reasoning (Non-Verbal Reasoning)/01 Basic/README.md
abstract-reasoning-basic-matrix-pattern-questions-0069,abstract-reasoning,Abstract Reasoning (Non-Verbal Reasoning),Matrix Pattern Questions,basic,"Matrix: [3, 6, 9; 12, 15, 18; 21, 24, __]. What is the missing number?",27 | 32 | 24 | 54,27,"Each row increases by 3. Third row: 21, 24, 24 + 3 = 27.",rohanmistry231/CSE-Aptitude-Test-Practice-Hub,05 Abstract Reasoning (Non-Verbal Reasoning)/01 Basic/README.md
abstract-reasoning-basic-matrix-pattern-questions-0070,abstract-reasoning,Abstract Reasoning (Non-Verbal Reasoning),Matrix Pattern Questions,basic,"Matrix: [1, 3, 9; 2, 6, 18; 4, 12, __]. What is the missing number?",36 | 41 | 33 | 72,36,"Each row multiplies by 3: 1, 3, 9; 2, 6, 18; 4, 12, 36.",rohanmistry231/CSE-Aptitude-Test-Practice-Hub,05 Abstract Reasoning (Non-Verbal Reasoning)/01 Basic/README.md
abstract-reasoning-basic-matrix-pattern-questions-0071,abstract-reasoning,Abstract Reasoning (Non-Verbal Reasoning),Matrix Pattern Questions,basic,"Matrix: [1, 4, 7; 10, 13, 16; 19, 22, __]. What is the missing number?",25 | 30 | 22 | 50,25,"Numbers increase by 3: 1, 4, 7, 10, 13, 16, 19, 22. Next: 22 + 3 = 25.",rohanmistry231/CSE-Aptitude-Test-Practice-Hub,05 Abstract Reasoning (Non-Verbal Reasoning)/01 Basic/README.md
abstract-reasoning-basic-matrix-pattern-questions-0072,abstract-reasoning,Abstract Reasoning (Non-Verbal Reasoning),Matrix Pattern Questions,basic,"Matrix: [Star, Circle, Square; Circle, Square, Star; Square, Star, __]. What is the missing shape?",Circle | None of the above | Both Circle... and alternative | Insufficient data,Circle,Each column shifts shapes down: Star → Circle → Square; Circle → Square → Star; Square → Star → Circle.,rohanmistry231/CSE-Aptitude-Test-Practice-Hub,05 Abstract Reasoning (Non-Verbal Reasoning)/01 Basic/README.md
abstract-reasoning-basic-matrix-pattern-questions-0073,abstract-reasoning,Abstract Reasoning (Non-Verbal Reasoning),Matrix Pattern Questions,basic,"Matrix: [2, 4, 8; 16, 32, 64; 128, 256, __]. What is the missing number?",512 | 517 | 509 | 1024,512,"Each row doubles: 2, 4, 8; 16, 32, 64; 128, 256, 512.",rohanmistry231/CSE-Aptitude-Test-Practice-Hub,05 Abstract Reasoning (Non-Verbal Reasoning)/01 Basic/README.md
abstract-reasoning-basic-matrix-pattern-questions-0074,abstract-reasoning,Abstract Reasoning (Non-Verbal Reasoning),Matrix Pattern Questions,basic,"Matrix: [1, 5, 9; 13, 17, 21; 25, 29, __]. What is the missing number?",33 | 38 | 30 | 66,33,"Numbers increase by 4: 1, 5, 9, 13, 17, 21, 25, 29. Next: 29 + 4 = 33.",rohanmistry231/CSE-Aptitude-Test-Practice-Hub,05 Abstract Reasoning (Non-Verbal Reasoning)/01 Basic/README.md
abstract-reasoning-basic-matrix-pattern-questions-0075,abstract-reasoning,Abstract Reasoning (Non-Verbal Reasoning),Matrix Pattern Questions,basic,"Matrix: [Filled, Empty, Filled; Empty, Filled, Empty; Filled, Empty, __]. What is the missing state?",Filled | None of the above | Both Filled... and alternative | Insufficient data,Filled,Each column alternates: Filled → Empty → Filled; Empty → Filled → Empty; Filled → Empty → Filled.,rohanmistry231/CSE-Aptitude-Test-Practice-Hub,05 Abstract Reasoning (Non-Verbal Reasoning)/01 Basic/README.md
abstract-reasoning-basic-matrix-pattern-questions-0076,abstract-reasoning,Abstract Reasoning (Non-Verbal Reasoning),Matrix Pattern Questions,basic,"Matrix: [1, 2, 3; 4, 5, 6; 7, 8, __]. What is the missing number?",9 | 14 | 6 | 18,9,"Numbers increase by 1: 1, 2, 3, 4, 5, 6, 7, 8. Next: 8 + 1 = 9.",rohanmistry231/CSE-Aptitude-Test-Practice-Hub,05 Abstract Reasoning (Non-Verbal Reasoning)/01 Basic/README.md
abstract-reasoning-basic-matrix-pattern-questions-0077,abstract-reasoning,Abstract Reasoning (Non-Verbal Reasoning),Matrix Pattern Questions,basic,"Matrix: [3, 9, 27; 2, 6, 18; 1, 3, __]. What is the missing number?",9 | 14 | 6 | 18,9,"Each row multiplies by 3: 3, 9, 27; 2, 6, 18; 1, 3, 9.",rohanmistry231/CSE-Aptitude-Test-Practice-Hub,05 Abstract Reasoning (Non-Verbal Reasoning)/01 Basic/README.md
abstract-reasoning-basic-matrix-pattern-questions-0078,abstract-reasoning,Abstract Reasoning (Non-Verbal Reasoning),Matrix Pattern Questions,basic,"Matrix: [Green, Yellow, Red; Yellow, Red, Green; Red, Green, __]. What is the missing color?",Yellow | None of the above | Both Yellow... and alternative | Insufficient data,Yellow,Each column shifts colors down: Green → Yellow → Red; Yellow → Red → Green; Red → Green → Yellow.,rohanmistry231/CSE-Aptitude-Test-Practice-Hub,05 Abstract Reasoning (Non-Verbal Reasoning)/01 Basic/README.md
abstract-reasoning-basic-matrix-pattern-questions-0079,abstract-reasoning,Abstract Reasoning (Non-Verbal Reasoning),Matrix Pattern Questions,basic,"Matrix: [4, 8, 12; 16, 20, 24; 28, 32, __]. What is the missing number?",36 | 41 | 33 | 72,36,"Each row increases by 4. Third row: 28, 32, 32 + 4 = 36.",rohanmistry231/CSE-Aptitude-Test-Practice-Hub,05 Abstract Reasoning (Non-Verbal Reasoning)/01 Basic/README.md
abstract-reasoning-basic-matrix-pattern-questions-0080,abstract-reasoning,Abstract Reasoning (Non-Verbal Reasoning),Matrix Pattern Questions,basic,"Matrix: [1, 4, 16; 2, 8, 32; 3, 12, __]. What is the missing number?",48 | 53 | 45 | 96,48,"Each row: 1 × 4⁰, 1 × 4¹, 1 × 4²; 2 × 4⁰, 2 × 4¹, 2 × 4²; 3 × 4⁰, 3 × 4¹, 3 × 4². Next: 3 × 4² = 48.",rohanmistry231/CSE-Aptitude-Test-Practice-Hub,05 Abstract Reasoning (Non-Verbal Reasoning)/01 Basic/README.md
abstract-reasoning-basic-odd-one-out-questions-0081,abstract-reasoning,Abstract Reasoning (Non-Verbal Reasoning),Odd One Out Questions,basic,"Which is the odd one out: 2, 4, 6, 7, 8?",7 | 12 | 4 | 14,7,"2, 4, 6, 8 are even. 7 is odd.",rohanmistry231/CSE-Aptitude-Test-Practice-Hub,05 Abstract Reasoning (Non-Verbal Reasoning)/01 Basic/README.md
abstract-reasoning-basic-odd-one-out-questions-0082,abstract-reasoning,Abstract Reasoning (Non-Verbal Reasoning),Odd One Out Questions,basic,"Which is the odd one out: Circle, Square, Triangle, Pentagon, Star?",Circle | None of the above | Both Circle... and alternative | Insufficient data,Circle,Circle has no sides; others have sides.,rohanmistry231/CSE-Aptitude-Test-Practice-Hub,05 Abstract Reasoning (Non-Verbal Reasoning)/01 Basic/README.md
abstract-reasoning-basic-odd-one-out-questions-0083,abstract-reasoning,Abstract Reasoning (Non-Verbal Reasoning),Odd One Out Questions,basic,"Which is the odd one out: 1, 3, 5, 7, 10?",10 | 15 | 7 | 20,10,"1, 3, 5, 7 are odd. 10 is even.",rohanmistry231/CSE-Aptitude-Test-Practice-Hub,05 Abstract Reasoning (Non-Verbal Reasoning)/01 Basic/README.md
abstract-reasoning-basic-odd-one-out-questions-0084,abstract-reasoning,Abstract Reasoning (Non-Verbal Reasoning),Odd One Out Questions,basic,"Which is the odd one out: Red, Blue, Green, Yellow, Square?",Square | None of the above | Both Square... and alternative | Insufficient data,Square,"Red, Blue, Green, Yellow are colors. Square is a shape.",rohanmistry231/CSE-Aptitude-Test-Practice-Hub,05 Abstract Reasoning (Non-Verbal Reasoning)/01 Basic/README.md
abstract-reasoning-basic-odd-one-out-questions-0085,abstract-reasoning,Abstract Reasoning (Non-Verbal Reasoning),Odd One Out Questions,basic,"Which is the odd one out: 4, 16, 25, 36, 49?",4 | 6 | 1 | 8,4,"16, 25, 36, 49 are perfect squares (4², 5², 6², 7²). 4 is 2² but smaller.",rohanmistry231/CSE-Aptitude-Test-Practice-Hub,05 Abstract Reasoning (Non-Verbal Reasoning)/01 Basic/README.md
abstract-reasoning-basic-odd-one-out-questions-0086,abstract-reasoning,Abstract Reasoning (Non-Verbal Reasoning),Odd One Out Questions,basic,"Which is the odd one out: Star, Circle, Square, Triangle, Hexagon?",Star | None of the above | Both Star... and alternative | Insufficient data,Star,Star is not a regular polygon; others are.,rohanmistry231/CSE-Aptitude-Test-Practice-Hub,05 Abstract Reasoning (Non-Verbal Reasoning)/01 Basic/README.md
abstract-reasoning-basic-odd-one-out-questions-0087,abstract-reasoning,Abstract Reasoning (Non-Verbal Reasoning),Odd One Out Questions,basic,"Which is the odd one out: 2, 6, 12, 20, 30?",2 | 4 | 1 | 32,2,"Differences: 4, 6, 8, 10 increase by 2. 2 is not part of this pattern.",rohanmistry231/CSE-Aptitude-Test-Practice-Hub,05 Abstract Reasoning (Non-Verbal Reasoning)/01 Basic/README.md
abstract-reasoning-basic-odd-one-out-questions-0088,abstract-reasoning,Abstract Reasoning (Non-Verbal Reasoning),Odd One Out Questions,basic,"Which is the odd one out: Filled, Empty, Filled, Empty, Red?",Red | None of the above | Both Red... and alternative | Insufficient data,Red,"Filled, Empty are states. Red is a color.",rohanmistry231/CSE-Aptitude-Test-Practice-Hub,05 Abstract Reasoning (Non-Verbal Reasoning)/01 Basic/README.md
abstract-reasoning-basic-odd-one-out-questions-0089,abstract-reasoning,Abstract Reasoning (Non-Verbal Reasoning),Odd One Out Questions,basic,"Which is the odd one out: 1, 4, 9, 16, 24?",24 | 29 | 21 | 48,24,"1, 4, 9, 16 are squares (1², 2², 3², 4²). 24 is not.",rohanmistry231/CSE-Aptitude-Test-Practice-Hub,05 Abstract Reasoning (Non-Verbal Reasoning)/01 Basic/README.md
abstract-reasoning-basic-odd-one-out-questions-0090,abstract-reasoning,Abstract Reasoning (Non-Verbal Reasoning),Odd One Out Questions,basic,"Which is the odd one out: Triangle, Square, Pentagon, Circle, Hexagon?",Circle | None of the above | Both Circle... and alternative | Insufficient data,Circle,Circle has no sides; others have sides.,rohanmistry231/CSE-Aptitude-Test-Practice-Hub,05 Abstract Reasoning (Non-Verbal Reasoning)/01 Basic/README.md
abstract-reasoning-basic-odd-one-out-questions-0091,abstract-reasoning,Abstract Reasoning (Non-Verbal Reasoning),Odd One Out Questions,basic,"Which is the odd one out: 3, 6, 9, 12, 14?",14 | 19 | 11 | 28,14,"3, 6, 9, 12 are multiples of 3. 14 is not.",rohanmistry231/CSE-Aptitude-Test-Practice-Hub,05 Abstract Reasoning (Non-Verbal Reasoning)/01 Basic/README.md
abstract-reasoning-basic-odd-one-out-questions-0092,abstract-reasoning,Abstract Reasoning (Non-Verbal Reasoning),Odd One Out Questions,basic,"Which is the odd one out: Blue, Green, Yellow, Red, Triangle?",Triangle | None of the above | Both Triangle... and alternative | Insufficient data,Triangle,"Blue, Green, Yellow, Red are colors. Triangle is a shape.",rohanmistry231/CSE-Aptitude-Test-Practice-Hub,05 Abstract Reasoning (Non-Verbal Reasoning)/01 Basic/README.md
abstract-reasoning-basic-odd-one-out-questions-0093,abstract-reasoning,Abstract Reasoning (Non-Verbal Reasoning),Odd One Out Questions,basic,"Which is the odd one out: 2, 8, 18, 32, 50?",2 | 4 | 1 | 32,2,"2, 8, 18, 32, 50 are 1²+1, 2²+4, 3²+9, 4²+16, 5²+25. 2 deviates slightly.",rohanmistry231/CSE-Aptitude-Test-Practice-Hub,05 Abstract Reasoning (Non-Verbal Reasoning)/01 Basic/README.md
abstract-reasoning-basic-odd-one-out-questions-0094,abstract-reasoning,Abstract Reasoning (Non-Verbal Reasoning),Odd One Out Questions,basic,"Which is the odd one out: Pentagon, Hexagon, Heptagon, Octagon, Circle?",Circle | None of the above | Both Circle... and alternative | Insufficient data,Circle,Circle has no sides; others are polygons.,rohanmistry231/CSE-Aptitude-Test-Practice-Hub,05 Abstract Reasoning (Non-Verbal Reasoning)/01 Basic/README.md
abstract-reasoning-basic-odd-one-out-questions-0095,abstract-reasoning,Abstract Reasoning (Non-Verbal Reasoning),Odd One Out Questions,basic,"Which is the odd one out: 5, 10, 15, 20, 22?",22 | 27 | 19 | 44,22,"5, 10, 15, 20 are multiples of 5. 22 is not.",rohanmistry231/CSE-Aptitude-Test-Practice-Hub,05 Abstract Reasoning (Non-Verbal Reasoning)/01 Basic/README.md
abstract-reasoning-basic-odd-one-out-questions-0096,abstract-reasoning,Abstract Reasoning (Non-Verbal Reasoning),Odd One Out Questions,basic,"Which is the odd one out: Star, Filled Circle, Empty Circle, Square, Triangle?",Star | None of the above | Both Star... and alternative | Insufficient data,Star,Star is not a regular shape; others are.,rohanmistry231/CSE-Aptitude-Test-Practice-Hub,05 Abstract Reasoning (Non-Verbal Reasoning)/01 Basic/README.md
abstract-reasoning-basic-odd-one-out-questions-0097,abstract-reasoning,Abstract Reasoning (Non-Verbal Reasoning),Odd One Out Questions,basic,"Which is the odd one out: 1, 2, 4, 7, 8?",7 | 12 | 4 | 14,7,"1, 2, 4, 8 are powers of 2 (2⁰, 2¹, 2², 2³). 7 is not.",rohanmistry231/CSE-Aptitude-Test-Practice-Hub,05 Abstract Reasoning (Non-Verbal Reasoning)/01 Basic/README.md
abstract-reasoning-basic-odd-one-out-questions-0098,abstract-reasoning,Abstract Reasoning (Non-Verbal Reasoning),Odd One Out Questions,basic,"Which is the odd one out: Red, Blue, Green, Circle, Yellow?",Circle | None of the above | Both Circle... and alternative | Insufficient data,Circle,"Red, Blue, Green, Yellow are colors. Circle is a shape.",rohanmistry231/CSE-Aptitude-Test-Practice-Hub,05 Abstract Reasoning (Non-Verbal Reasoning)/01 Basic/README.md
abstract-reasoning-basic-odd-one-out-questions-0099,abstract-reasoning,Abstract Reasoning (Non-Verbal Reasoning),Odd One Out Questions,basic,"Which is the odd one out: 3, 9, 27, 81, 82?",82 | 87 | 79 | 164,82,"3, 9, 27, 81 are powers of 3 (3¹, 3², 3³, 3⁴). 82 is not.",rohanmistry231/CSE-Aptitude-Test-Practice-Hub,05 Abstract Reasoning (Non-Verbal Reasoning)/01 Basic/README.md
abstract-reasoning-basic-odd-one-out-questions-0100,abstract-reasoning,Abstract Reasoning (Non-Verbal Reasoning),Odd One Out Questions,basic,"Which is the odd one out: Square, Triangle, Pentagon, Hexagon, Star?",Star | None of the above | Both Star... and alternative | Insufficient data,Star,Star is not a regular polygon; others are.,rohanmistry231/CSE-Aptitude-Test-Practice-Hub,05 Abstract Reasoning (Non-Verbal Reasoning)/01 Basic/README.md
abstract-reasoning-intermediate-number-sequence-questions-0001,abstract-reasoning,Abstract Reasoning (Non-Verbal Reasoning),Number Sequence Questions,intermediate,"Find the next number: 1, 3, 6, 10, 15, __",21 | 26 | 18 | 42,21,"Differences: 3 - 1 = 2, 6 - 3 = 3, 10 - 6 = 4, 15 - 10 = 5. Differences increase by 1. Next difference = 6. Next: 15 + 6 = 21.",rohanmistry231/CSE-Aptitude-Test-Practice-Hub,05 Abstract Reasoning (Non-Verbal Reasoning)/02 Intermediate/README.md
abstract-reasoning-intermediate-number-sequence-questions-0002,abstract-reasoning,Abstract Reasoning (Non-Verbal Reasoning),Number Sequence Questions,intermediate,"Find the next number: 2, 5, 11, 23, 47, __",95 | 100 | 92 | 190,95,"Each number is obtained by doubling the previous and adding 1: 2 × 2 + 1 = 5, 5 × 2 + 1 = 11, 11 × 2 + 1 = 23, 23 × 2 + 1 = 47. Next: 47 × 2 + 1 = 95.",rohanmistry231/CSE-Aptitude-Test-Practice-Hub,05 Abstract Reasoning (Non-Verbal Reasoning)/02 Intermediate/README.md
abstract-reasoning-intermediate-number-sequence-questions-0003,abstract-reasoning,Abstract Reasoning (Non-Verbal Reasoning),Number Sequence Questions,intermediate,"Find the next number: 1, 4, 10, 22, 46, __",94 | 99 | 91 | 188,94,"Each number is obtained by doubling the previous and adding a sequence of 2, 2, 2, 2, ...: 1 × 2 + 2 = 4, 4 × 2 + 2 = 10, 10 × 2 + 2 = 22, 22 × 2 + 2 = 46. Next: 46 × 2 + 2 = 94.",rohanmistry231/CSE-Aptitude-Test-Practice-Hub,05 Abstract Reasoning (Non-Verbal Reasoning)/02 Intermediate/README.md
abstract-reasoning-intermediate-number-sequence-questions-0004,abstract-reasoning,Abstract Reasoning (Non-Verbal Reasoning),Number Sequence Questions,intermediate,"Find the next number: 3, 6, 12, 21, 33, __",48 | 53 | 45 | 96,48,"Differences: 3, 6, 9, 12. Differences increase by 3. Next difference = 15. Next: 33 + 15 = 48.",rohanmistry231/CSE-Aptitude-Test-Practice-Hub,05 Abstract Reasoning (Non-Verbal Reasoning)/02 Intermediate/README.md
abstract-reasoning-intermediate-number-sequence-questions-0005,abstract-reasoning,Abstract Reasoning (Non-Verbal Reasoning),Number Sequence Questions,intermediate,"Find the next number: 2, 8, 18, 32, 50, __",72 | 77 | 69 | 144,72,"Numbers follow: 1² + 1, 2² + 4, 3² + 9, 4² + 16, 5² + 25. Next: 6² + 36 = 36 + 36 = 72.",rohanmistry231/CSE-Aptitude-Test-Practice-Hub,05 Abstract Reasoning (Non-Verbal Reasoning)/02 Intermediate/README.md
abstract-reasoning-intermediate-number-sequence-questions-0006,abstract-reasoning,Abstract Reasoning (Non-Verbal Reasoning),Number Sequence Questions,intermediate,"Find the next number: 100, 96, 88, 76, 60, __",40 | 45 | 37 | 80,40,"Differences: -4, -8, -12, -16. Differences decrease by 4. Next difference = -20. Next: 60 - 20 = 40.",rohanmistry231/CSE-Aptitude-Test-Practice-Hub,05 Abstract Reasoning (Non-Verbal Reasoning)/02 Intermediate/README.md
abstract-reasoning-intermediate-number-sequence-questions-0007,abstract-reasoning,Abstract Reasoning (Non-Verbal Reasoning),Number Sequence Questions,intermediate,"Find the next number: 1, 2, 6, 24, 120, __",720 | 725 | 717 | 1440,720,"Each number is multiplied by increasing integers: 1 × 1 = 1, 1 × 2 = 2, 2 × 3 = 6, 6 × 4 = 24, 24 × 5 = 120. Next: 120 × 6 = 720.",rohanmistry231/CSE-Aptitude-Test-Practice-Hub,05 Abstract Reasoning (Non-Verbal Reasoning)/02 Intermediate/README.md
abstract-reasoning-intermediate-number-sequence-questions-0008,abstract-reasoning,Abstract Reasoning (Non-Verbal Reasoning),Number Sequence Questions,intermediate,"Find the next number: 5, 7, 11, 19, 35, __",67 | 72 | 64 | 134,67,"Each number is obtained by adding increasing primes: 5 + 2 = 7, 7 + 4 = 11, 11 + 8 = 19, 19 + 16 = 35. Next prime = 5 (doubled: 32). Next: 35 + 32 = 67.",rohanmistry231/CSE-Aptitude-Test-Practice-Hub,05 Abstract Reasoning (Non-Verbal Reasoning)/02 Intermediate/README.md
abstract-reasoning-intermediate-number-sequence-questions-0009,abstract-reasoning,Abstract Reasoning (Non-Verbal Reasoning),Number Sequence Questions,intermediate,"Find the next number: 4, 9, 25, 64, 144, __",289 | 294 | 286 | 578,289,"Numbers are: 2², 3², 5², 8², 12². Bases: 2, 3, 5, 8, 12. Differences: 1, 2, 3, 4. Next base = 12 + 5 = 17. Next: 17² = 289.",rohanmistry231/CSE-Aptitude-Test-Practice-Hub,05 Abstract Reasoning (Non-Verbal Reasoning)/02 Intermediate/README.md
abstract-reasoning-intermediate-number-sequence-questions-0010,abstract-reasoning,Abstract Reasoning (Non-Verbal Reasoning),Number Sequence Questions,intermediate,"Find the next number: 1, 5, 14, 30, 54, __",86 | 91 | 83 | 172,86,"Differences: 4, 9, 16, 24. Second differences: 5, 7, 8. Next second difference ≈ 8. Next difference = 24 + 8 = 32. Next: 54 + 32 = 86.",rohanmistry231/CSE-Aptitude-Test-Practice-Hub,05 Abstract Reasoning (Non-Verbal Reasoning)/02 Intermediate/README.md
abstract-reasoning-intermediate-number-sequence-questions-0011,abstract-reasoning,Abstract Reasoning (Non-Verbal Reasoning),Number Sequence Questions,intermediate,"Find the next number: 3, 12, 27, 48, 75, __",108 | 113 | 105 | 216,108,"Numbers are: 1 × 3, 2 × 6, 3 × 9, 4 × 12, 5 × 15. Multipliers: 3, 6, 9, 12, 15 (+3). Next: 6 × 18 = 108.",rohanmistry231/CSE-Aptitude-Test-Practice-Hub,05 Abstract Reasoning (Non-Verbal Reasoning)/02 Intermediate/README.md
abstract-reasoning-intermediate-number-sequence-questions-0012,abstract-reasoning,Abstract Reasoning (Non-Verbal Reasoning),Number Sequence Questions,intermediate,"Find the next number: 2, 3, 7, 22, 78, __",391 | 396 | 388 | 782,391,"Each number is obtained by multiplying by increasing integers and adding 1: 2 × 1 + 1 = 3, 3 × 2 + 1 = 7, 7 × 3 + 1 = 22, 22 × 4 + 1 = 89. Next: 78 × 5 + 1 = 391.",rohanmistry231/CSE-Aptitude-Test-Practice-Hub,05 Abstract Reasoning (Non-Verbal Reasoning)/02 Intermediate/README.md
abstract-reasoning-intermediate-number-sequence-questions-0013,abstract-reasoning,Abstract Reasoning (Non-Verbal Reasoning),Number Sequence Questions,intermediate,"Find the next number: 10, 20, 35, 55, 80, __",110 | 115 | 107 | 220,110,"Differences: 10, 15, 20, 25. Differences increase by 5. Next difference = 30. Next: 80 + 30 = 110.",rohanmistry231/CSE-Aptitude-Test-Practice-Hub,05 Abstract Reasoning (Non-Verbal Reasoning)/02 Intermediate/README.md
abstract-reasoning-intermediate-number-sequence-questions-0014,abstract-reasoning,Abstract Reasoning (Non-Verbal Reasoning),Number Sequence Questions,intermediate,"Find the next number: 1, 6, 16, 31, 51, __",76 | 81 | 73 | 152,76,"Differences: 5, 10, 15, 20. Differences increase by 5. Next difference = 25. Next: 51 + 25 = 76.",rohanmistry231/CSE-Aptitude-Test-Practice-Hub,05 Abstract Reasoning (Non-Verbal Reasoning)/02 Intermediate/README.md
abstract-reasoning-intermediate-number-sequence-questions-0015,abstract-reasoning,Abstract Reasoning (Non-Verbal Reasoning),Number Sequence Questions,intermediate,"Find the next number: 4, 16, 36, 64, 100, __",144 | 149 | 141 | 288,144,"Numbers are: 2², 4², 6², 8², 10². Next: 12² = 144.",rohanmistry231/CSE-Aptitude-Test-Practice-Hub,05 Abstract Reasoning (Non-Verbal Reasoning)/02 Intermediate/README.md
abstract-reasoning-intermediate-number-sequence-questions-0016,abstract-reasoning,Abstract Reasoning (Non-Verbal Reasoning),Number Sequence Questions,intermediate,"Find the next number: 2, 4, 10, 28, 82, __",244 | 249 | 241 | 488,244,"Each number is obtained by multiplying by 3 and subtracting 2: 2 × 3 - 2 = 4, 4 × 3 - 2 = 10, 10 × 3 - 2 = 28, 28 × 3 - 2 = 82. Next: 82 × 3 - 2 = 244.",rohanmistry231/CSE-Aptitude-Test-Practice-Hub,05 Abstract Reasoning (Non-Verbal Reasoning)/02 Intermediate/README.md
abstract-reasoning-intermediate-number-sequence-questions-0017,abstract-reasoning,Abstract Reasoning (Non-Verbal Reasoning),Number Sequence Questions,intermediate,"Find the next number: 1, 3, 7, 15, 31, __",63 | 68 | 60 | 126,63,"Each number is doubled and increased by 1: 1 × 2 + 1 = 3, 3 × 2 + 1 = 7, 7 × 2 + 1 = 15, 15 × 2 + 1 = 31. Next: 31 × 2 + 1 = 63.",rohanmistry231/CSE-Aptitude-Test-Practice-Hub,05 Abstract Reasoning (Non-Verbal Reasoning)/02 Intermediate/README.md
abstract-reasoning-intermediate-number-sequence-questions-0018,abstract-reasoning,Abstract Reasoning (Non-Verbal Reasoning),Number Sequence Questions,intermediate,"Find the next number: 5, 10, 25, 80, 305, __",1373 | 1378 | 1370 | 2746,1373,"Each number is multiplied by increasing factors: 5 × 2 = 10, 10 × 2.5 = 25, 25 × 3.2 = 80, 80 × 3.8125 = 305. Next factor ≈ 4.5. Next: 305 × 4.5 = 1372.5 ≈ 1373.",rohanmistry231/CSE-Aptitude-Test-Practice-Hub,05 Abstract Reasoning (Non-Verbal Reasoning)/02 Intermediate/README.md
abstract-reasoning-intermediate-number-sequence-questions-0019,abstract-reasoning,Abstract Reasoning (Non-Verbal Reasoning),Number Sequence Questions,intermediate,"Find the next number: 2, 5, 9, 14, 20, __",27 | 32 | 24 | 54,27,"Differences: 3, 4, 5, 6. Differences increase by 1. Next difference = 7. Next: 20 + 7 = 27.",rohanmistry231/CSE-Aptitude-Test-Practice-Hub,05 Abstract Reasoning (Non-Verbal Reasoning)/02 Intermediate/README.md
abstract-reasoning-intermediate-number-sequence-questions-0020,abstract-reasoning,Abstract Reasoning (Non-Verbal Reasoning),Number Sequence Questions,intermediate,"Find the next number: 100, 98, 93, 85, 74, __",60 | 65 | 57 | 120,60,"Differences: -2, -5, -8, -11. Differences decrease by 3. Next difference = -14. Next: 74 - 14 = 60.",rohanmistry231/CSE-Aptitude-Test-Practice-Hub,05 Abstract Reasoning (Non-Verbal Reasoning)/02 Intermediate/README.md
abstract-reasoning-intermediate-shape-pattern-questions-0021,abstract-reasoning,Abstract Reasoning (Non-Verbal Reasoning),Shape Pattern Questions,intermediate,"A square rotates 90° clockwise and adds one small square inside each step: 1, 2, 3, __. What is the next number of small squares?",4 small squares | 6 small squares | 1 small squares | 8 small squares,4 small squares,"Small squares increase by 1: 1, 2, 3. Next: 3 + 1 = 4.",rohanmistry231/CSE-Aptitude-Test-Practice-Hub,05 Abstract Reasoning (Non-Verbal Reasoning)/02 Intermediate/README.md
abstract-reasoning-intermediate-shape-pattern-questions-0022,abstract-reasoning,Abstract Reasoning (Non-Verbal Reasoning),Shape Pattern Questions,intermediate,"A triangle alternates colors (Red, Blue) and rotates 120° clockwise. After three steps, what is the color and rotation?","Red, 0° rotation | Red, 2° rotation | Red, 1° rotation | Red, 30° rotation","Red, 0° rotation","Colors: Red, Blue, Red. Rotation: 120° × 3 = 360° = 0°.",rohanmistry231/CSE-Aptitude-Test-Practice-Hub,05 Abstract Reasoning (Non-Verbal Reasoning)/02 Intermediate/README.md
abstract-reasoning-intermediate-shape-pattern-questions-0023,abstract-reasoning,Abstract Reasoning (Non-Verbal Reasoning),Shape Pattern Questions,intermediate,"A sequence of circles doubles and alternates fill: Filled (1), Empty (2), Filled (4), __. What is the next state and number?","Empty, 8 circles | Empty, 13 circles | Empty, 5 circles | Empty, 16 circles","Empty, 8 circles","Number doubles: 1, 2, 4, 8. Fill alternates: Filled, Empty, Filled, Empty.",rohanmistry231/CSE-Aptitude-Test-Practice-Hub,05 Abstract Reasoning (Non-Verbal Reasoning)/02 Intermediate/README.md
abstract-reasoning-intermediate-shape-pattern-questions-0024,abstract-reasoning,Abstract Reasoning (Non-Verbal Reasoning),Shape Pattern Questions,intermediate,"A pentagon increases sides by 1 and rotates 72° anticlockwise each step: Pentagon, Hexagon, Heptagon, __. What is the next shape and rotation?","Octagon, 288° anticlockwise | Octagon, 293° anticlockwise | Octagon, 285° anticlockwise | Octagon, 576° anticlockwise","Octagon, 288° anticlockwise","Sides: 5, 6, 7, 8 (Octagon). Rotation: 72° × 4 = 288° anticlockwise.",rohanmistry231/CSE-Aptitude-Test-Practice-Hub,05 Abstract Reasoning (Non-Verbal Reasoning)/02 Intermediate/README.md
abstract-reasoning-intermediate-shape-pattern-questions-0025,abstract-reasoning,Abstract Reasoning (Non-Verbal Reasoning),Shape Pattern Questions,intermediate,"A sequence alternates shapes and colors: Circle (Red), Square (Blue), Circle (Red), Square (Blue), __. What is the next shape and color?","Circle, Red | None of the above | Both Circle, Red... and alternative | Insufficient data","Circle, Red","Pattern alternates: Circle (Red), Square (Blue). Next: Circle (Red).",rohanmistry231/CSE-Aptitude-Test-Practice-Hub,05 Abstract Reasoning (Non-Verbal Reasoning)/02 Intermediate/README.md
abstract-reasoning-intermediate-shape-pattern-questions-0026,abstract-reasoning,Abstract Reasoning (Non-Verbal Reasoning),Shape Pattern Questions,intermediate,"A rectangle doubles length and halves width: 2×4, 4×2, 8×1, __. What is the next rectangle?",16×0.5 | 21×0.5 | 13×0.5 | 32×0.5,16×0.5,"Length: 2, 4, 8, 16. Width: 4, 2, 1, 0.5. Next: 16×0.5.",rohanmistry231/CSE-Aptitude-Test-Practice-Hub,05 Abstract Reasoning (Non-Verbal Reasoning)/02 Intermediate/README.md
abstract-reasoning-intermediate-shape-pattern-questions-0027,abstract-reasoning,Abstract Reasoning (Non-Verbal Reasoning),Shape Pattern Questions,intermediate,"A sequence of triangles adds one and alternates fill: 1 (Filled), 2 (Empty), 3 (Filled), __. What is the next number and state?","4 triangles, Empty | 6 triangles, Empty | 1 triangles, Empty | 8 triangles, Empty","4 triangles, Empty","Number: 1, 2, 3, 4. Fill alternates: Filled, Empty, Filled, Empty.",rohanmistry231/CSE-Aptitude-Test-Practice-Hub,05 Abstract Reasoning (Non-Verbal Reasoning)/02 Intermediate/README.md
abstract-reasoning-intermediate-shape-pattern-questions-0028,abstract-reasoning,Abstract Reasoning (Non-Verbal Reasoning),Shape Pattern Questions,intermediate,"A square increases side length by 2 and rotates 45° clockwise: 2×2, 4×4, 6×6, __. What is the next square and rotation?","8×8, 180° clockwise | 13×8, 180° clockwise | 5×8, 180° clockwise | 16×8, 180° clockwise","8×8, 180° clockwise","Side: 2, 4, 6, 8. Rotation: 45°, 90°, 135°, 180°.",rohanmistry231/CSE-Aptitude-Test-Practice-Hub,05 Abstract Reasoning (Non-Verbal Reasoning)/02 Intermediate/README.md
abstract-reasoning-intermediate-shape-pattern-questions-0029,abstract-reasoning,Abstract Reasoning (Non-Verbal Reasoning),Shape Pattern Questions,intermediate,"A sequence cycles colors (Red, Blue, Green) and shapes (Circle, Square): Circle (Red), Square (Blue), Circle (Green), Square (Red), Circle (Blue), __. What is the next shape and color?","Square, Green | None of the above | Both Square, Green... and alternative | Insufficient data","Square, Green","Shapes alternate: Circle, Square. Colors cycle: Red, Blue, Green. Next: Square (Green).",rohanmistry231/CSE-Aptitude-Test-Practice-Hub,05 Abstract Reasoning (Non-Verbal Reasoning)/02 Intermediate/README.md
abstract-reasoning-intermediate-shape-pattern-questions-0030,abstract-reasoning,Abstract Reasoning (Non-Verbal Reasoning),Shape Pattern Questions,intermediate,"A circle is divided into sectors: 2, 4, 8, 16, __. What is the next number, and if it rotates 90° clockwise per step, what is the rotation?","32 sectors, 90° clockwise | 37 sectors, 90° clockwise | 29 sectors, 90° clockwise | 64 sectors, 90° clockwise","32 sectors, 90° clockwise","Sectors double: 2, 4, 8, 16, 32. Rotation: 90° × 5 = 450° = 90°.",rohanmistry231/CSE-Aptitude-Test-Practice-Hub,05 Abstract Reasoning (Non-Verbal Reasoning)/02 Intermediate/README.md
abstract-reasoning-intermediate-shape-pattern-questions-0031,abstract-reasoning,Abstract Reasoning (Non-Verbal Reasoning),Shape Pattern Questions,intermediate,"A sequence alternates shapes: Star (Filled), Circle (Empty), Star (Filled), Circle (Empty), __. What is the next shape and state?","Star, Filled | None of the above | Both Star, Filled... and alternative | Insufficient data","Star, Filled","Pattern alternates: Star (Filled), Circle (Empty). Next: Star (Filled).",rohanmistry231/CSE-Aptitude-Test-Practice-Hub,05 Abstract Reasoning (Non-Verbal Reasoning)/02 Intermediate/README.md
abstract-reasoning-intermediate-shape-pattern-questions-0032,abstract-reasoning,Abstract Reasoning (Non-Verbal Reasoning),Shape Pattern Questions,intermediate,"A hexagon rotates 60° anticlockwise and adds one side: Hexagon, Heptagon, Octagon, __. What is the next shape and rotation?","Nonagon, 240° anticlockwise | Nonagon, 245° anticlockwise | Nonagon, 237° anticlockwise | Nonagon, 480° anticlockwise","Nonagon, 240° anticlockwise","Sides: 6, 7, 8, 9 (Nonagon). Rotation: 60° × 4 = 240° anticlockwise.",rohanmistry231/CSE-Aptitude-Test-Practice-Hub,05 Abstract Reasoning (Non-Verbal Reasoning)/02 Intermediate/README.md
abstract-reasoning-intermediate-shape-pattern-questions-0033,abstract-reasoning,Abstract Reasoning (Non-Verbal Reasoning),Shape Pattern Questions,intermediate,"A sequence of squares adds 1 small square and alternates colors: 1 (Red), 2 (Blue), 3 (Red), __. What is the next number and color?","4 squares, Blue | 6 squares, Blue | 1 squares, Blue | 8 squares, Blue","4 squares, Blue","Squares: 1, 2, 3, 4. Colors alternate: Red, Blue, Red, Blue.",rohanmistry231/CSE-Aptitude-Test-Practice-Hub,05 Abstract Reasoning (Non-Verbal Reasoning)/02 Intermediate/README.md
abstract-reasoning-intermediate-shape-pattern-questions-0034,abstract-reasoning,Abstract Reasoning (Non-Verbal Reasoning),Shape Pattern Questions,intermediate,"A triangle doubles sides and rotates 120° clockwise: 3, 6, 12, __. What is the next number of sides and rotation?","24 sides, 120° clockwise | 29 sides, 120° clockwise | 21 sides, 120° clockwise | 48 sides, 120° clockwise","24 sides, 120° clockwise","Sides: 3, 6, 12, 24. Rotation: 120° × 4 = 480° = 120°.",rohanmistry231/CSE-Aptitude-Test-Practice-Hub,05 Abstract Reasoning (Non-Verbal Reasoning)/02 Intermediate/README.md
abstract-reasoning-intermediate-shape-pattern-questions-0035,abstract-reasoning,Abstract Reasoning (Non-Verbal Reasoning),Shape Pattern Questions,intermediate,"A sequence cycles shapes (Circle, Square, Triangle) and fills: Circle (Filled), Square (Empty), Triangle (Filled), Circle (Empty), Square (Filled), __. What is the next shape and state?","Triangle, Empty | None of the above | Both Triangle, Empty... and alternative | Insufficient data","Triangle, Empty","Shapes cycle: Circle, Square, Triangle. Fill cycles: Filled, Empty, Filled. Next: Triangle (Empty).",rohanmistry231/CSE-Aptitude-Test-Practice-Hub,05 Abstract Reasoning (Non-Verbal Reasoning)/02 Intermediate/README.md
abstract-reasoning-intermediate-shape-pattern-questions-0036,abstract-reasoning,Abstract Reasoning (Non-Verbal Reasoning),Shape Pattern Questions,intermediate,"A rectangle increases width by 1 and doubles length: 2×1, 4×2, 8×3, __. What is the next rectangle?",16×4 | 21×4 | 13×4 | 32×4,16×4,"Length: 2, 4, 8, 16. Width: 1, 2, 3, 4. Next: 16×4.",rohanmistry231/CSE-Aptitude-Test-Practice-Hub,05 Abstract Reasoning (Non-Verbal Reasoning)/02 Intermediate/README.md
abstract-reasoning-intermediate-shape-pattern-questions-0037,abstract-reasoning,Abstract Reasoning (Non-Verbal Reasoning),Shape Pattern Questions,intermediate,"A sequence of circles adds 2 and alternates fill: 2 (Filled), 4 (Empty), 6 (Filled), __. What is the next number and state?","8 circles, Empty | 13 circles, Empty | 5 circles, Empty | 16 circles, Empty","8 circles, Empty","Number: 2, 4, 6, 8. Fill alternates: Filled, Empty, Filled, Empty.",rohanmistry231/CSE-Aptitude-Test-Practice-Hub,05 Abstract Reasoning (Non-Verbal Reasoning)/02 Intermediate/README.md
abstract-reasoning-intermediate-shape-pattern-questions-0038,abstract-reasoning,Abstract Reasoning (Non-Verbal Reasoning),Shape Pattern Questions,intermediate,"A pentagon increases sides by 2 and rotates 36° clockwise: 5, 7, 9, __. What is the next shape and rotation?","11-gon, 144° clockwise | 16-gon, 144° clockwise | 8-gon, 144° clockwise | 22-gon, 144° clockwise","11-gon, 144° clockwise","Sides: 5, 7, 9, 11 (11-gon). Rotation: 36° × 4 = 144°.",rohanmistry231/CSE-Aptitude-Test-Practice-Hub,05 Abstract Reasoning (Non-Verbal Reasoning)/02 Intermediate/README.md
abstract-reasoning-intermediate-shape-pattern-questions-0039,abstract-reasoning,Abstract Reasoning (Non-Verbal Reasoning),Shape Pattern Questions,intermediate,"A sequence alternates shapes and colors: Triangle (Red), Square (Blue), Triangle (Red), Square (Blue), __. What is the next shape and color?","Triangle, Red | None of the above | Both Triangle, Red... and alternative | Insufficient data","Triangle, Red","Pattern alternates: Triangle (Red), Square (Blue). Next: Triangle (Red).",rohanmistry231/CSE-Aptitude-Test-Practice-Hub,05 Abstract Reasoning (Non-Verbal Reasoning)/02 Intermediate/README.md
abstract-reasoning-intermediate-shape-pattern-questions-0040,abstract-reasoning,Abstract Reasoning (Non-Verbal Reasoning),Shape Pattern Questions,intermediate,"A circle increases radius by 2 and rotates 45° anticlockwise: r=2, r=4, r=6, __. What is the next radius and rotation?","r=8, 180° anticlockwise | r=13, 180° anticlockwise | r=5, 180° anticlockwise | r=16, 180° anticlockwise","r=8, 180° anticlockwise","Radius: 2, 4, 6, 8. Rotation: 45° × 4 = 180° anticlockwise.",rohanmistry231/CSE-Aptitude-Test-Practice-Hub,05 Abstract Reasoning (Non-Verbal Reasoning)/02 Intermediate/README.md
abstract-reasoning-intermediate-analogy-questions-0041,abstract-reasoning,Abstract Reasoning (Non-Verbal Reasoning),Analogy Questions,intermediate,2 : 6 :: 5 : __,15 | 20 | 12 | 30,15,"2 × 3 = 6. Similarly, 5 × 3 = 15.",rohanmistry231/CSE-Aptitude-Test-Practice-Hub,05 Abstract Reasoning (Non-Verbal Reasoning)/02 Intermediate/README.md
abstract-reasoning-intermediate-analogy-questions-0042,abstract-reasoning,Abstract Reasoning (Non-Verbal Reasoning),Analogy Questions,intermediate,Circle (Red) : Square (Blue) :: Triangle (Green) : __,Square (Red) | None of the above | Both Square (Red)... and alternative | Insufficient data,Square (Red),"Circle to Square changes shape, Red to Blue changes color. Triangle to Square, Green to Red (next color).",rohanmistry231/CSE-Aptitude-Test-Practice-Hub,05 Abstract Reasoning (Non-Verbal Reasoning)/02 Intermediate/README.md
abstract-reasoning-intermediate-analogy-questions-0043,abstract-reasoning,Abstract Reasoning (Non-Verbal Reasoning),Analogy Questions,intermediate,3 : 12 :: 4 : __,16 | 21 | 13 | 32,16,"3 × 4 = 12. Similarly, 4 × 4 = 16.",rohanmistry231/CSE-Aptitude-Test-Practice-Hub,05 Abstract Reasoning (Non-Verbal Reasoning)/02 Intermediate/README.md
abstract-reasoning-intermediate-analogy-questions-0044,abstract-reasoning,Abstract Reasoning (Non-Verbal Reasoning),Analogy Questions,intermediate,Filled Circle : Empty Square :: Filled Triangle : __,Empty Square | None of the above | Both Empty Square... and alternative | Insufficient data,Empty Square,"Filled to Empty changes state, Circle to Square changes shape. Filled Triangle to Empty Square.",rohanmistry231/CSE-Aptitude-Test-Practice-Hub,05 Abstract Reasoning (Non-Verbal Reasoning)/02 Intermediate/README.md
abstract-reasoning-intermediate-analogy-questions-0045,abstract-reasoning,Abstract Reasoning (Non-Verbal Reasoning),Analogy Questions,intermediate,5 : 30 :: 6 : __,42 | 47 | 39 | 84,42,"5 × (5 + 1) = 30. Similarly, 6 × (6 + 1) = 42.",rohanmistry231/CSE-Aptitude-Test-Practice-Hub,05 Abstract Reasoning (Non-Verbal Reasoning)/02 Intermediate/README.md
abstract-reasoning-intermediate-analogy-questions-0046,abstract-reasoning,Abstract Reasoning (Non-Verbal Reasoning),Analogy Questions,intermediate,Star (3) : Circle (0) :: Pentagon (5) : __,Circle (0) | Circle (2) | Circle (1) | Circle (30),Circle (0),Star (3 sides) to Circle (0 sides). Pentagon (5 sides) to Circle (0 sides).,rohanmistry231/CSE-Aptitude-Test-Practice-Hub,05 Abstract Reasoning (Non-Verbal Reasoning)/02 Intermediate/README.md
abstract-reasoning-intermediate-analogy-questions-0047,abstract-reasoning,Abstract Reasoning (Non-Verbal Reasoning),Analogy Questions,intermediate,2 : 10 :: 3 : __,18 | 23 | 15 | 36,18,"2 × (2 + 3) = 10. Similarly, 3 × (3 + 3) = 18.",rohanmistry231/CSE-Aptitude-Test-Practice-Hub,05 Abstract Reasoning (Non-Verbal Reasoning)/02 Intermediate/README.md
abstract-reasoning-intermediate-analogy-questions-0048,abstract-reasoning,Abstract Reasoning (Non-Verbal Reasoning),Analogy Questions,intermediate,Red : Green :: Blue : __,Yellow | None of the above | Both Yellow... and alternative | Insufficient data,Yellow,"Red to Green is a color shift. Blue to Yellow (next in sequence: Red, Green, Blue, Yellow).",rohanmistry231/CSE-Aptitude-Test-Practice-Hub,05 Abstract Reasoning (Non-Verbal Reasoning)/02 Intermediate/README.md
abstract-reasoning-intermediate-analogy-questions-0049,abstract-reasoning,Abstract Reasoning (Non-Verbal Reasoning),Analogy Questions,intermediate,4 : 20 :: 5 : __,25 | 30 | 22 | 50,25,"4 × 5 = 20. Similarly, 5 × 5 = 25.",rohanmistry231/CSE-Aptitude-Test-Practice-Hub,05 Abstract Reasoning (Non-Verbal Reasoning)/02 Intermediate/README.md
abstract-reasoning-intermediate-analogy-questions-0050,abstract-reasoning,Abstract Reasoning (Non-Verbal Reasoning),Analogy Questions,intermediate,Triangle (3) : Square (4) :: Pentagon (5) : __,Hexagon (6) | Hexagon (11) | Hexagon (3) | Hexagon (12),Hexagon (6),Triangle (3 sides) to Square (4 sides). Pentagon (5 sides) to Hexagon (6 sides).,rohanmistry231/CSE-Aptitude-Test-Practice-Hub,05 Abstract Reasoning (Non-Verbal Reasoning)/02 Intermediate/README.md
abstract-reasoning-intermediate-analogy-questions-0051,abstract-reasoning,Abstract Reasoning (Non-Verbal Reasoning),Analogy Questions,intermediate,1 : 4 :: 3 : __,8 | 13 | 5 | 16,8,"1 × 2 + 2 = 4. Similarly, 3 × 2 + 2 = 8.",rohanmistry231/CSE-Aptitude-Test-Practice-Hub,05 Abstract Reasoning (Non-Verbal Reasoning)/02 Intermediate/README.md
abstract-reasoning-intermediate-analogy-questions-0052,abstract-reasoning,Abstract Reasoning (Non-Verbal Reasoning),Analogy Questions,intermediate,Filled : Empty :: Up : __,Down | None of the above | Both Down... and alternative | Insufficient data,Down,Filled to Empty is opposite. Up to Down is opposite.,rohanmistry231/CSE-Aptitude-Test-Practice-Hub,05 Abstract Reasoning (Non-Verbal Reasoning)/02 Intermediate/README.md
abstract-reasoning-intermediate-analogy-questions-0053,abstract-reasoning,Abstract Reasoning (Non-Verbal Reasoning),Analogy Questions,intermediate,6 : 42 :: 7 : __,56 | 61 | 53 | 112,56,"6 × (6 + 1) = 42. Similarly, 7 × (7 + 1) = 56.",rohanmistry231/CSE-Aptitude-Test-Practice-Hub,05 Abstract Reasoning (Non-Verbal Reasoning)/02 Intermediate/README.md
abstract-reasoning-intermediate-analogy-questions-0054,abstract-reasoning,Abstract Reasoning (Non-Verbal Reasoning),Analogy Questions,intermediate,Circle (0) : Triangle (3) :: Square (4) : __,Heptagon (7) | Heptagon (12) | Heptagon (4) | Heptagon (14),Heptagon (7),"Circle (0 sides) to Triangle (3 sides). Square (4 sides) to Heptagon (7 sides, +3).",rohanmistry231/CSE-Aptitude-Test-Practice-Hub,05 Abstract Reasoning (Non-Verbal Reasoning)/02 Intermediate/README.md
abstract-reasoning-intermediate-analogy-questions-0055,abstract-reasoning,Abstract Reasoning (Non-Verbal Reasoning),Analogy Questions,intermediate,2 : 12 :: 4 : __,32 | 37 | 29 | 64,32,"2 × (2 + 4) = 12. Similarly, 4 × (4 + 4) = 32.",rohanmistry231/CSE-Aptitude-Test-Practice-Hub,05 Abstract Reasoning (Non-Verbal Reasoning)/02 Intermediate/README.md
abstract-reasoning-intermediate-analogy-questions-0056,abstract-reasoning,Abstract Reasoning (Non-Verbal Reasoning),Analogy Questions,intermediate,Red Circle : Blue Square :: Green Triangle : __,Red Square | None of the above | Both Red Square... and alternative | Insufficient data,Red Square,"Red to Blue, Circle to Square. Green to Red, Triangle to Square.",rohanmistry231/CSE-Aptitude-Test-Practice-Hub,05 Abstract Reasoning (Non-Verbal Reasoning)/02 Intermediate/README.md
abstract-reasoning-intermediate-analogy-questions-0057,abstract-reasoning,Abstract Reasoning (Non-Verbal Reasoning),Analogy Questions,intermediate,3 : 15 :: 5 : __,25 | 30 | 22 | 50,25,"3 × 5 = 15. Similarly, 5 × 5 = 25.",rohanmistry231/CSE-Aptitude-Test-Practice-Hub,05 Abstract Reasoning (Non-Verbal Reasoning)/02 Intermediate/README.md
abstract-reasoning-intermediate-analogy-questions-0058,abstract-reasoning,Abstract Reasoning (Non-Verbal Reasoning),Analogy Questions,intermediate,Square (Filled) : Circle (Empty) :: Triangle (Filled) : __,Circle (Empty) | None of the above | Both Circle (Empty)... and alternative | Insufficient data,Circle (Empty),"Square to Circle changes shape, Filled to Empty changes state. Triangle to Circle, Filled to Empty.",rohanmistry231/CSE-Aptitude-Test-Practice-Hub,05 Abstract Reasoning (Non-Verbal Reasoning)/02 Intermediate/README.md
abstract-reasoning-intermediate-analogy-questions-0059,abstract-reasoning,Abstract Reasoning (Non-Verbal Reasoning),Analogy Questions,intermediate,4 : 24 :: 6 : __,48 | 53 | 45 | 96,48,"4 × (4 + 2) = 24. Similarly, 6 × (6 + 2) = 48.",rohanmistry231/CSE-Aptitude-Test-Practice-Hub,05 Abstract Reasoning (Non-Verbal Reasoning)/02 Intermediate/README.md
abstract-reasoning-intermediate-analogy-questions-0060,abstract-reasoning,Abstract Reasoning (Non-Verbal Reasoning),Analogy Questions,intermediate,Pentagon (5) : Hexagon (6) :: Heptagon (7) : __,Octagon (8) | Octagon (13) | Octagon (5) | Octagon (16),Octagon (8),Pentagon (5 sides) to Hexagon (6 sides). Heptagon (7 sides) to Octagon (8 sides).,rohanmistry231/CSE-Aptitude-Test-Practice-Hub,05 Abstract Reasoning (Non-Verbal Reasoning)/02 Intermediate/README.md
abstract-reasoning-intermediate-matrix-pattern-questions-0061,abstract-reasoning,Abstract Reasoning (Non-Verbal Reasoning),Matrix Pattern Questions,intermediate,"Matrix: [1, 4, 10; 2, 7, 16; 3, 10, __]. What is the missing number?",22 | 27 | 19 | 44,22,"Columns: 1, 2, 3 (+1); 4, 7, 10 (+3); 10, 16, x (+6). Next: 16 + 6 = 22.",rohanmistry231/CSE-Aptitude-Test-Practice-Hub,05 Abstract Reasoning (Non-Verbal Reasoning)/02 Intermediate/README.md
abstract-reasoning-intermediate-matrix-pattern-questions-0062,abstract-reasoning,Abstract Reasoning (Non-Verbal Reasoning),Matrix Pattern Questions,intermediate,"Matrix: [2, 6, 12; 3, 12, 36; 4, 24, __]. What is the missing number?",72 | 77 | 69 | 144,72,"Each row: 2 × 1, 2 × 3, 2 × 6; 3 × 1, 3 × 4, 3 × 12; 4 × 1, 4 × 6, 4 × 18. Next: 4 × 18 = 72.",rohanmistry231/CSE-Aptitude-Test-Practice-Hub,05 Abstract Reasoning (Non-Verbal Reasoning)/02 Intermediate/README.md
abstract-reasoning-intermediate-matrix-pattern-questions-0063,abstract-reasoning,Abstract Reasoning (Non-Verbal Reasoning),Matrix Pattern Questions,intermediate,"Matrix: [Red, Blue, Green; Blue, Green, Red; Green, Red, __]. What is the missing color?",Blue | None of the above | Both Blue... and alternative | Insufficient data,Blue,Each column shifts down: Red → Blue → Green; Blue → Green → Red; Green → Red → Blue.,rohanmistry231/CSE-Aptitude-Test-Practice-Hub,05 Abstract Reasoning (Non-Verbal Reasoning)/02 Intermediate/README.md
abstract-reasoning-intermediate-matrix-pattern-questions-0064,abstract-reasoning,Abstract Reasoning (Non-Verbal Reasoning),Matrix Pattern Questions,intermediate,"Matrix: [1, 3, 6; 8, 10, 12; 15, 17, __]. What is the missing number?",19 | 24 | 16 | 38,19,"Numbers increase by differences: 1, 3 (+2), 6 (+3), 8 (+2), 10 (+2), 12 (+2), 15 (+3), 17 (+2), x (+2). Next: 17 + 2 = 19.",rohanmistry231/CSE-Aptitude-Test-Practice-Hub,05 Abstract Reasoning (Non-Verbal Reasoning)/02 Intermediate/README.md
abstract-reasoning-intermediate-matrix-pattern-questions-0065,abstract-reasoning,Abstract Reasoning (Non-Verbal Reasoning),Matrix Pattern Questions,intermediate,"Matrix: [Circle, Square, Triangle; Square, Triangle, Circle; Triangle, Circle, __]. What is the missing shape?",Square | None of the above | Both Square... and alternative | Insufficient data,Square,Each column shifts down: Circle → Square → Triangle; Square → Triangle → Circle; Triangle → Circle → Square.,rohanmistry231/CSE-Aptitude-Test-Practice-Hub,05 Abstract Reasoning (Non-Verbal Reasoning)/02 Intermediate/README.md
abstract-reasoning-intermediate-matrix-pattern-questions-0066,abstract-reasoning,Abstract Reasoning (Non-Verbal Reasoning),Matrix Pattern Questions,intermediate,"Matrix: [2, 8, 18; 3, 12, 24; 4, 16, __]. What is the missing number?",36 | 41 | 33 | 72,36,"Each row: 2 × 1², 2 × 2², 2 × 3²; 3 × 1², 3 × 2², 3 × 3²; 4 × 1², 4 × 2², 4 × 3². Next: 4 × 3² = 36.",rohanmistry231/CSE-Aptitude-Test-Practice-Hub,05 Abstract Reasoning (Non-Verbal Reasoning)/02 Intermediate/README.md
abstract-reasoning-intermediate-matrix-pattern-questions-0067,abstract-reasoning,Abstract Reasoning (Non-Verbal Reasoning),Matrix Pattern Questions,intermediate,"Matrix: [1, 5, 11; 2, 8, 17; 3, 11, __]. What is the missing number?",23 | 28 | 20 | 46,23,"Columns: 1, 2, 3 (+1); 5, 8, 11 (+3); 11, 17, x (+6). Next: 17 + 6 = 23.",rohanmistry231/CSE-Aptitude-Test-Practice-Hub,05 Abstract Reasoning (Non-Verbal Reasoning)/02 Intermediate/README.md
abstract-reasoning-intermediate-matrix-pattern-questions-0068,abstract-reasoning,Abstract Reasoning (Non-Verbal Reasoning),Matrix Pattern Questions,intermediate,"Matrix: [Filled, Empty, Filled; Empty, Filled, Empty; Filled, Empty, __]. What is the missing state?",Filled | None of the above | Both Filled... and alternative | Insufficient data,Filled,Each column alternates: Filled → Empty → Filled; Empty → Filled → Empty; Filled → Empty → Filled.,rohanmistry231/CSE-Aptitude-Test-Practice-Hub,05 Abstract Reasoning (Non-Verbal Reasoning)/02 Intermediate/README.md
abstract-reasoning-intermediate-matrix-pattern-questions-0069,abstract-reasoning,Abstract Reasoning (Non-Verbal Reasoning),Matrix Pattern Questions,intermediate,"Matrix: [4, 12, 24; 6, 18, 36; 8, 24, __]. What is the missing number?",48 | 53 | 45 | 96,48,"Each row: 4 × 1, 4 × 3, 4 × 6; 6 × 1, 6 × 3, 6 × 6; 8 × 1, 8 × 3, 8 × 6. Next: 8 × 6 = 48.",rohanmistry231/CSE-Aptitude-Test-Practice-Hub,05 Abstract Reasoning (Non-Verbal Reasoning)/02 Intermediate/README.md
abstract-reasoning-intermediate-matrix-pattern-questions-0070,abstract-reasoning,Abstract Reasoning (Non-Verbal Reasoning),Matrix Pattern Questions,intermediate,"Matrix: [1, 4, 16; 2, 8, 32; 3, 12, __]. What is the missing number?",48 | 53 | 45 | 96,48,"Each row: 1 × 4⁰, 1 × 4¹, 1 × 4²; 2 × 4⁰, 2 × 4¹, 2 × 4²; 3 × 4⁰, 3 × 4¹, 3 × 4². Next: 3 × 4² = 48.",rohanmistry231/CSE-Aptitude-Test-Practice-Hub,05 Abstract Reasoning (Non-Verbal Reasoning)/02 Intermediate/README.md
abstract-reasoning-intermediate-matrix-pattern-questions-0071,abstract-reasoning,Abstract Reasoning (Non-Verbal Reasoning),Matrix Pattern Questions,intermediate,"Matrix: [Star, Circle, Square; Circle, Square, Star; Square, Star, __]. What is the missing shape?",Circle | None of the above | Both Circle... and alternative | Insufficient data,Circle,Each column shifts down: Star → Circle → Square; Circle → Square → Star; Square → Star → Circle.,rohanmistry231/CSE-Aptitude-Test-Practice-Hub,05 Abstract Reasoning (Non-Verbal Reasoning)/02 Intermediate/README.md
abstract-reasoning-intermediate-matrix-pattern-questions-0072,abstract-reasoning,Abstract Reasoning (Non-Verbal Reasoning),Matrix Pattern Questions,intermediate,"Matrix: [2, 10, 26; 3, 15, 39; 4, 20, __]. What is the missing number?",52 | 57 | 49 | 104,52,"Each row: 2 × (1 + 4), 2 × (5 + 0), 2 × (13 - 0); 3 × (1 + 4), 3 × 5, 3 × 13; 4 × (1 + 4), 4 × 5, 4 × 13. Next: 4 × 13 = 52.",rohanmistry231/CSE-Aptitude-Test-Practice-Hub,05 Abstract Reasoning (Non-Verbal Reasoning)/02 Intermediate/README.md
abstract-reasoning-intermediate-matrix-pattern-questions-0073,abstract-reasoning,Abstract Reasoning (Non-Verbal Reasoning),Matrix Pattern Questions,intermediate,"Matrix: [1, 6, 14; 2, 8, 17; 3, 10, __]. What is the missing number?",20 | 25 | 17 | 40,20,"Columns: 1, 2, 3 (+1); 6, 8, 10 (+2); 14, 17, x (+3). Next: 17 + 3 = 20.",rohanmistry231/CSE-Aptitude-Test-Practice-Hub,05 Abstract Reasoning (Non-Verbal Reasoning)/02 Intermediate/README.md
abstract-reasoning-intermediate-matrix-pattern-questions-0074,abstract-reasoning,Abstract Reasoning (Non-Verbal Reasoning),Matrix Pattern Questions,intermediate,"Matrix: [Red, Green, Blue; Green, Blue, Red; Blue, Red, __]. What is the missing color?",Green | None of the above | Both Green... and alternative | Insufficient data,Green,Each column shifts down: Red → Green → Blue; Green → Blue → Red; Blue → Red → Green.,rohanmistry231/CSE-Aptitude-Test-Practice-Hub,05 Abstract Reasoning (Non-Verbal Reasoning)/02 Intermediate/README.md
abstract-reasoning-intermediate-matrix-pattern-questions-0075,abstract-reasoning,Abstract Reasoning (Non-Verbal Reasoning),Matrix Pattern Questions,intermediate,"Matrix: [3, 9, 18; 4, 12, 24; 5, 15, __]. What is the missing number?",30 | 35 | 27 | 60,30,"Each row: 3 × 1, 3 × 3, 3 × 6; 4 × 1, 4 × 3, 4 × 6; 5 × 1, 5 × 3, 5 × 6. Next: 5 × 6 = 30.",rohanmistry231/CSE-Aptitude-Test-Practice-Hub,05 Abstract Reasoning (Non-Verbal Reasoning)/02 Intermediate/README.md
abstract-reasoning-intermediate-matrix-pattern-questions-0076,abstract-reasoning,Abstract Reasoning (Non-Verbal Reasoning),Matrix Pattern Questions,intermediate,"Matrix: [1, 3, 7; 9, 11, 15; 17, 19, __]. What is the missing number?",23 | 28 | 20 | 46,23,"Numbers increase by differences: 1, 3 (+2), 7 (+4), 9 (+2), 11 (+2), 15 (+4), 17 (+2), 19 (+2), x (+4). Next: 19 + 4 = 23.",rohanmistry231/CSE-Aptitude-Test-Practice-Hub,05 Abstract Reasoning (Non-Verbal Reasoning)/02 Intermediate/README.md
abstract-reasoning-intermediate-matrix-pattern-questions-0077,abstract-reasoning,Abstract Reasoning (Non-Verbal Reasoning),Matrix Pattern Questions,intermediate,"Matrix: [2, 8, 20; 3, 12, 30; 4, 16, __]. What is the missing number?",40 | 45 | 37 | 80,40,"Each row: 2 × 1, 2 × 4, 2 × 10; 3 × 1, 3 × 4, 3 × 10; 4 × 1, 4 × 4, 4 × 10. Next: 4 × 10 = 40.",rohanmistry231/CSE-Aptitude-Test-Practice-Hub,05 Abstract Reasoning (Non-Verbal Reasoning)/02 Intermediate/README.md
abstract-reasoning-intermediate-matrix-pattern-questions-0078,abstract-reasoning,Abstract Reasoning (Non-Verbal Reasoning),Matrix Pattern Questions,intermediate,"Matrix: [Filled Circle, Empty Square, Filled Triangle; Empty Square, Filled Triangle, Filled Circle; Filled Triangle, Filled Circle, __]. What is the missing shape?",Empty Square | None of the above | Both Empty Square... and alternative | Insufficient data,Empty Square,Each column shifts down: Circle → Square → Triangle; Square → Triangle → Circle; Triangle → Circle → Square.,rohanmistry231/CSE-Aptitude-Test-Practice-Hub,05 Abstract Reasoning (Non-Verbal Reasoning)/02 Intermediate/README.md
abstract-reasoning-intermediate-matrix-pattern-questions-0079,abstract-reasoning,Abstract Reasoning (Non-Verbal Reasoning),Matrix Pattern Questions,intermediate,"Matrix: [4, 16, 36; 5, 20, 45; 6, 24, __]. What is the missing number?",54 | 59 | 51 | 108,54,"Each row: 4 × 1², 4 × 2², 4 × 3²; 5 × 1², 5 × 2², 5 × 3²; 6 × 1², 6 × 2², 6 × 3². Next: 6 × 3² = 54.",rohanmistry231/CSE-Aptitude-Test-Practice-Hub,05 Abstract Reasoning (Non-Verbal Reasoning)/02 Intermediate/README.md
abstract-reasoning-intermediate-matrix-pattern-questions-0080,abstract-reasoning,Abstract Reasoning (Non-Verbal Reasoning),Matrix Pattern Questions,intermediate,"Matrix: [1, 5, 13; 2, 8, 20; 3, 11, __]. What is the missing number?",27 | 32 | 24 | 54,27,"Columns: 1, 2, 3 (+1); 5, 8, 11 (+3); 13, 20, x (+7). Next: 20 + 7 = 27.",rohanmistry231/CSE-Aptitude-Test-Practice-Hub,05 Abstract Reasoning (Non-Verbal Reasoning)/02 Intermediate/README.md
abstract-reasoning-intermediate-odd-one-out-questions-0081,abstract-reasoning,Abstract Reasoning (Non-Verbal Reasoning),Odd One Out Questions,intermediate,"Which is the odd one out: 3, 9, 18, 27, 36?",18 | 23 | 15 | 36,18,"3, 9, 27, 36 are multiples of 3. 18 is not divisible by 3 evenly in this context.",rohanmistry231/CSE-Aptitude-Test-Practice-Hub,05 Abstract Reasoning (Non-Verbal Reasoning)/02 Intermediate/README.md
abstract-reasoning-intermediate-odd-one-out-questions-0082,abstract-reasoning,Abstract Reasoning (Non-Verbal Reasoning),Odd One Out Questions,intermediate,"Which is the odd one out: Circle (Red), Square (Blue), Triangle (Green), Pentagon (Red), Star (Blue)?",Star | None of the above | Both Star... and alternative | Insufficient data,Star,"Circle, Square, Triangle, Pentagon are polygons. Star is not.",rohanmistry231/CSE-Aptitude-Test-Practice-Hub,05 Abstract Reasoning (Non-Verbal Reasoning)/02 Intermediate/README.md
abstract-reasoning-intermediate-odd-one-out-questions-0083,abstract-reasoning,Abstract Reasoning (Non-Verbal Reasoning),Odd One Out Questions,intermediate,"Which is the odd one out: 2, 6, 12, 20, 30?",2 | 4 | 1 | 32,2,"Differences: 4, 6, 8, 10. 2 does not fit the pattern of increasing differences.",rohanmistry231/CSE-Aptitude-Test-Practice-Hub,05 Abstract Reasoning (Non-Verbal Reasoning)/02 Intermediate/README.md
abstract-reasoning-intermediate-odd-one-out-questions-0084,abstract-reasoning,Abstract Reasoning (Non-Verbal Reasoning),Odd One Out Questions,intermediate,"Which is the odd one out: Filled Circle, Empty Square, Filled Triangle, Empty Pentagon, Red Hexagon?",Red Hexagon | None of the above | Both Red Hexagon... and alternative | Insufficient data,Red Hexagon,"Filled, Empty are states. Red is a color.",rohanmistry231/CSE-Aptitude-Test-Practice-Hub,05 Abstract Reasoning (Non-Verbal Reasoning)/02 Intermediate/README.md
abstract-reasoning-intermediate-odd-one-out-questions-0085,abstract-reasoning,Abstract Reasoning (Non-Verbal Reasoning),Odd One Out Questions,intermediate,"Which is the odd one out: 4, 16, 36, 64, 81?",81 | 86 | 78 | 162,81,"4, 16, 36, 64 are squares of even numbers (2², 4², 6², 8²). 81 is 9² (odd).",rohanmistry231/CSE-Aptitude-Test-Practice-Hub,05 Abstract Reasoning (Non-Verbal Reasoning)/02 Intermediate/README.md
abstract-reasoning-intermediate-odd-one-out-questions-0086,abstract-reasoning,Abstract Reasoning (Non-Verbal Reasoning),Odd One Out Questions,intermediate,"Which is the odd one out: Star, Circle, Square, Triangle, Filled Pentagon?",Filled Pentagon | None of the above | Both Filled Pentagon... and alternative | Insufficient data,Filled Pentagon,Filled Pentagon has a state; others are shapes only.,rohanmistry231/CSE-Aptitude-Test-Practice-Hub,05 Abstract Reasoning (Non-Verbal Reasoning)/02 Intermediate/README.md
abstract-reasoning-intermediate-odd-one-out-questions-0087,abstract-reasoning,Abstract Reasoning (Non-Verbal Reasoning),Odd One Out Questions,intermediate,"Which is the odd one out: 1, 5, 14, 30, 54?",54 | 59 | 51 | 108,54,"Differences: 4, 9, 16, 24. 54 does not fit the pattern of increasing differences.",rohanmistry231/CSE-Aptitude-Test-Practice-Hub,05 Abstract Reasoning (Non-Verbal Reasoning)/02 Intermediate/README.md
abstract-reasoning-intermediate-odd-one-out-questions-0088,abstract-reasoning,Abstract Reasoning (Non-Verbal Reasoning),Odd One Out Questions,intermediate,"Which is the odd one out: Red, Blue, Green, Yellow, Empty?",Empty | None of the above | Both Empty... and alternative | Insufficient data,Empty,"Red, Blue, Green, Yellow are colors. Empty is a state.",rohanmistry231/CSE-Aptitude-Test-Practice-Hub,05 Abstract Reasoning (Non-Verbal Reasoning)/02 Intermediate/README.md
abstract-reasoning-intermediate-odd-one-out-questions-0089,abstract-reasoning,Abstract Reasoning (Non-Verbal Reasoning),Odd One Out Questions,intermediate,"Which is the odd one out: 2, 8, 20, 40, 70?",70 | 75 | 67 | 140,70,"Differences: 6, 12, 20, 30. 70 does not fit the pattern.",rohanmistry231/CSE-Aptitude-Test-Practice-Hub,05 Abstract Reasoning (Non-Verbal Reasoning)/02 Intermediate/README.md
abstract-reasoning-intermediate-odd-one-out-questions-0090,abstract-reasoning,Abstract Reasoning (Non-Verbal Reasoning),Odd One Out Questions,intermediate,"Which is the odd one out: Triangle, Square, Pentagon, Circle, Hexagon?",Circle | None of the above | Both Circle... and alternative | Insufficient data,Circle,Circle has no sides; others are polygons.,rohanmistry231/CSE-Aptitude-Test-Practice-Hub,05 Abstract Reasoning (Non-Verbal Reasoning)/02 Intermediate/README.md
abstract-reasoning-intermediate-odd-one-out-questions-0091,abstract-reasoning,Abstract Reasoning (Non-Verbal Reasoning),Odd One Out Questions,intermediate,"Which is the odd one out: 3, 12, 27, 48, 76?",76 | 81 | 73 | 152,76,"Numbers are: 1 × 3, 2 × 6, 3 × 9, 4 × 12, 5 × 15. 76 ≠ 5 × 15.",rohanmistry231/CSE-Aptitude-Test-Practice-Hub,05 Abstract Reasoning (Non-Verbal Reasoning)/02 Intermediate/README.md
abstract-reasoning-intermediate-odd-one-out-questions-0092,abstract-reasoning,Abstract Reasoning (Non-Verbal Reasoning),Odd One Out Questions,intermediate,"Which is the odd one out: Blue Circle, Red Square, Green Triangle, Yellow Pentagon, Star?",Star | None of the above | Both Star... and alternative | Insufficient data,Star,Star has no color; others have colors.,rohanmistry231/CSE-Aptitude-Test-Practice-Hub,05 Abstract Reasoning (Non-Verbal Reasoning)/02 Intermediate/README.md
abstract-reasoning-intermediate-odd-one-out-questions-0093,abstract-reasoning,Abstract Reasoning (Non-Verbal Reasoning),Odd One Out Questions,intermediate,"Which is the odd one out: 5, 10, 25, 80, 305?",305 | 310 | 302 | 610,305,Each number is multiplied by increasing factors. 305 does not fit exactly.,rohanmistry231/CSE-Aptitude-Test-Practice-Hub,05 Abstract Reasoning (Non-Verbal Reasoning)/02 Intermediate/README.md
abstract-reasoning-intermediate-odd-one-out-questions-0094,abstract-reasoning,Abstract Reasoning (Non-Verbal Reasoning),Odd One Out Questions,intermediate,"Which is the odd one out: Pentagon, Hexagon, Heptagon, Octagon, Filled Circle?",Filled Circle | None of the above | Both Filled Circle... and alternative | Insufficient data,Filled Circle,Filled Circle has a state; others are shapes.,rohanmistry231/CSE-Aptitude-Test-Practice-Hub,05 Abstract Reasoning (Non-Verbal Reasoning)/02 Intermediate/README.md
abstract-reasoning-intermediate-odd-one-out-questions-0095,abstract-reasoning,Abstract Reasoning (Non-Verbal Reasoning),Odd One Out Questions,intermediate,"Which is the odd one out: 2, 5, 9, 14, 22?",22 | 27 | 19 | 44,22,"Differences: 3, 4, 5, 8. 22 does not fit the pattern.",rohanmistry231/CSE-Aptitude-Test-Practice-Hub,05 Abstract Reasoning (Non-Verbal Reasoning)/02 Intermediate/README.md
abstract-reasoning-intermediate-odd-one-out-questions-0096,abstract-reasoning,Abstract Reasoning (Non-Verbal Reasoning),Odd One Out Questions,intermediate,"Which is the odd one out: Filled Star, Empty Circle, Filled Square, Empty Triangle, Green Pentagon?",Green Pentagon | None of the above | Both Green Pentagon... and alternative | Insufficient data,Green Pentagon,Green is a color; others are states.,rohanmistry231/CSE-Aptitude-Test-Practice-Hub,05 Abstract Reasoning (Non-Verbal Reasoning)/02 Intermediate/README.md
abstract-reasoning-intermediate-odd-one-out-questions-0097,abstract-reasoning,Abstract Reasoning (Non-Verbal Reasoning),Odd One Out Questions,intermediate,"Which is the odd one out: 1, 3, 7, 15, 30?",30 | 35 | 27 | 60,30,Each number doubles and adds 1. 30 does not fit.,rohanmistry231/CSE-Aptitude-Test-Practice-Hub,05 Abstract Reasoning (Non-Verbal Reasoning)/02 Intermediate/README.md
abstract-reasoning-intermediate-odd-one-out-questions-0098,abstract-reasoning,Abstract Reasoning (Non-Verbal Reasoning),Odd One Out Questions,intermediate,"Which is the odd one out: Red, Blue, Circle, Green, Yellow?",Circle | None of the above | Both Circle... and alternative | Insufficient data,Circle,Circle is a shape; others are colors.,rohanmistry231/CSE-Aptitude-Test-Practice-Hub,05 Abstract Reasoning (Non-Verbal Reasoning)/02 Intermediate/README.md
abstract-reasoning-intermediate-odd-one-out-questions-0099,abstract-reasoning,Abstract Reasoning (Non-Verbal Reasoning),Odd One Out Questions,intermediate,"Which is the odd one out: 4, 16, 36, 100, 144?",144 (contextual) | 149 (contextual) | 141 (contextual) | 288 (contextual),144 (contextual),"4, 16, 36, 100 are squares of even numbers (2², 4², 6², 10²). 144 is 12² but fits.",rohanmistry231/CSE-Aptitude-Test-Practice-Hub,05 Abstract Reasoning (Non-Verbal Reasoning)/02 Intermediate/README.md
abstract-reasoning-intermediate-odd-one-out-questions-0100,abstract-reasoning,Abstract Reasoning (Non-Verbal Reasoning),Odd One Out Questions,intermediate,"Which is the odd one out: Square (Red), Triangle (Blue), Pentagon (Green), Hexagon (Yellow), Star (Filled)?",Star | None of the above | Both Star... and alternative | Insufficient data,Star,Star has a state (Filled); others have colors.,rohanmistry231/CSE-Aptitude-Test-Practice-Hub,05 Abstract Reasoning (Non-Verbal Reasoning)/02 Intermediate/README.md
abstract-reasoning-advanced-number-sequence-questions-0001,abstract-reasoning,Abstract Reasoning (Non-Verbal Reasoning),Number Sequence Questions,advanced,"Find the next number: 1, 2, 6, 24, 120, 720, __",5040 | 5045 | 5037 | 10080,5040,"Each number is multiplied by increasing integers (factorial): 1 × 1 = 1, 1 × 2 = 2, 2 × 3 = 6, 6 × 4 = 24, 24 × 5 = 120, 120 × 6 = 720. Next: 720 × 7 = 5040.",rohanmistry231/CSE-Aptitude-Test-Practice-Hub,05 Abstract Reasoning (Non-Verbal Reasoning)/03 Advance/README.md
abstract-reasoning-advanced-number-sequence-questions-0002,abstract-reasoning,Abstract Reasoning (Non-Verbal Reasoning),Number Sequence Questions,advanced,"Find the next number: 3, 7, 18, 44, 94, 182, __",330 | 335 | 327 | 660,330,"Differences: 4, 11, 26, 50, 88. Second differences: 7, 15, 24, 38. Third differences: 8, 9, 14. Next third difference ≈ 22. Second difference = 38 + 22 = 60. First difference = 88 + 60 = 148. Next: 182 + 148 = 330.",rohanmistry231/CSE-Aptitude-Test-Practice-Hub,05 Abstract Reasoning (Non-Verbal Reasoning)/03 Advance/README.md
abstract-reasoning-advanced-number-sequence-questions-0003,abstract-reasoning,Abstract Reasoning (Non-Verbal Reasoning),Number Sequence Questions,advanced,"Find the next number: 2, 5, 14, 41, 122, 365, __",1094 | 1099 | 1091 | 2188,1094,"Each number is multiplied by 3 and subtracted by 1: 2 × 3 - 1 = 5, 5 × 3 - 1 = 14, 14 × 3 - 1 = 41, 41 × 3 - 1 = 122, 122 × 3 - 1 = 365. Next: 365 × 3 - 1 = 1094.",rohanmistry231/CSE-Aptitude-Test-Practice-Hub,05 Abstract Reasoning (Non-Verbal Reasoning)/03 Advance/README.md
abstract-reasoning-advanced-number-sequence-questions-0004,abstract-reasoning,Abstract Reasoning (Non-Verbal Reasoning),Number Sequence Questions,advanced,"Find the next number: 1, 4, 13, 40, 121, 364, __",1093 | 1098 | 1090 | 2186,1093,"Each number is multiplied by 3 and increased by 1: 1 × 3 + 1 = 4, 4 × 3 + 1 = 13, 13 × 3 + 1 = 40, 40 × 3 + 1 = 121, 121 × 3 + 1 = 364. Next: 364 × 3 + 1 = 1093.",rohanmistry231/CSE-Aptitude-Test-Practice-Hub,05 Abstract Reasoning (Non-Verbal Reasoning)/03 Advance/README.md
abstract-reasoning-advanced-number-sequence-questions-0005,abstract-reasoning,Abstract Reasoning (Non-Verbal Reasoning),Number Sequence Questions,advanced,"Find the next number: 5, 10, 22, 49, 103, 208, __",421 | 426 | 418 | 842,421,"Each number is approximately doubled and increased by a sequence: 5 × 2 = 10, 10 × 2 + 2 = 22, 22 × 2 + 5 = 49, 49 × 2 + 5 = 103, 103 × 2 + 2 = 208. Pattern alternates +2, +5. Next: 208 × 2 + 5 = 421.",rohanmistry231/CSE-Aptitude-Test-Practice-Hub,05 Abstract Reasoning (Non-Verbal Reasoning)/03 Advance/README.md
abstract-reasoning-advanced-number-sequence-questions-0006,abstract-reasoning,Abstract Reasoning (Non-Verbal Reasoning),Number Sequence Questions,advanced,"Find the next number: 100, 95, 85, 70, 50, 25, __",-5 | -7 | -2 | -10,-5,"Differences: -5, -10, -15, -20, -25. Differences decrease by 5. Next difference = -30. Next: 25 - 30 = -5.",rohanmistry231/CSE-Aptitude-Test-Practice-Hub,05 Abstract Reasoning (Non-Verbal Reasoning)/03 Advance/README.md
abstract-reasoning-advanced-number-sequence-questions-0007,abstract-reasoning,Abstract Reasoning (Non-Verbal Reasoning),Number Sequence Questions,advanced,"Find the next number: 2, 6, 15, 31, 56, 92, __",141 | 146 | 138 | 282,141,"Differences: 4, 9, 16, 25, 36 (squares: 2², 3², 4², 5², 6²). Next difference = 7² = 49. Next: 92 + 49 = 141.",rohanmistry231/CSE-Aptitude-Test-Practice-Hub,05 Abstract Reasoning (Non-Verbal Reasoning)/03 Advance/README.md
abstract-reasoning-advanced-number-sequence-questions-0008,abstract-reasoning,Abstract Reasoning (Non-Verbal Reasoning),Number Sequence Questions,advanced,"Find the next number: 1, 3, 10, 32, 94, 250, __",812 | 817 | 809 | 1624,812,"Each number follows: 1 × 3 - 0 = 3, 3 × 3 + 1 = 10, 10 × 3 + 2 = 32, 32 × 3 - 2 = 94, 94 × 3 - 32 = 250. Additions/subtractions: 0, +1, +2, -2, -32. Next: +62 (alternating signs, squares). Next: 250 × 3 + 62 = 812.",rohanmistry231/CSE-Aptitude-Test-Practice-Hub,05 Abstract Reasoning (Non-Verbal Reasoning)/03 Advance/README.md
abstract-reasoning-advanced-number-sequence-questions-0009,abstract-reasoning,Abstract Reasoning (Non-Verbal Reasoning),Number Sequence Questions,advanced,"Find the next number: 4, 12, 30, 66, 132, 240, __",402 | 407 | 399 | 804,402,"Differences: 8, 18, 36, 66, 108. Second differences: 10, 18, 30, 42. Third differences: 8, 12, 12. Next: 42 + 12 = 54. First difference = 108 + 54 = 162. Next: 240 + 162 = 402.",rohanmistry231/CSE-Aptitude-Test-Practice-Hub,05 Abstract Reasoning (Non-Verbal Reasoning)/03 Advance/README.md
abstract-reasoning-advanced-number-sequence-questions-0010,abstract-reasoning,Abstract Reasoning (Non-Verbal Reasoning),Number Sequence Questions,advanced,"Find the next number: 1, 5, 16, 44, 104, 224, __",452 | 457 | 449 | 904,452,"Differences: 4, 11, 28, 60, 120. Second differences: 7, 17, 32, 60. Third differences: 10, 15, 28. Next ≈ 48. Second difference = 60 + 48 = 108. First difference = 120 + 108 = 228. Next: 224 + 228 = 452.",rohanmistry231/CSE-Aptitude-Test-Practice-Hub,05 Abstract Reasoning (Non-Verbal Reasoning)/03 Advance/README.md
abstract-reasoning-advanced-number-sequence-questions-0011,abstract-reasoning,Abstract Reasoning (Non-Verbal Reasoning),Number Sequence Questions,advanced,"Find the next number: 3, 9, 22, 46, 88, 158, __",272 | 277 | 269 | 544,272,"Differences: 6, 13, 24, 42, 70. Second differences: 7, 11, 18, 28. Third differences: 4, 7, 10. Next ≈ 16. Second difference = 28 + 16 = 44. First difference = 70 + 44 = 114. Next: 158 + 114 = 272.",rohanmistry231/CSE-Aptitude-Test-Practice-Hub,05 Abstract Reasoning (Non-Verbal Reasoning)/03 Advance/README.md
abstract-reasoning-advanced-number-sequence-questions-0012,abstract-reasoning,Abstract Reasoning (Non-Verbal Reasoning),Number Sequence Questions,advanced,"Find the next number: 2, 4, 11, 29, 74, 182, __",442 | 447 | 439 | 884,442,"Each number follows: 2 × 2 - 0 = 4, 4 × 3 - 1 = 11, 11 × 3 - 4 = 29, 29 × 3 - 13 = 74, 74 × 3 - 40 = 182. Subtractions: 0, 1, 4, 13, 40 (Fibonacci-like). Next: 104. Next: 182 × 3 - 104 = 442.",rohanmistry231/CSE-Aptitude-Test-Practice-Hub,05 Abstract Reasoning (Non-Verbal Reasoning)/03 Advance/README.md
abstract-reasoning-advanced-number-sequence-questions-0013,abstract-reasoning,Abstract Reasoning (Non-Verbal Reasoning),Number Sequence Questions,advanced,"Find the next number: 10, 20, 35, 65, 140, 350, __",980 | 985 | 977 | 1960,980,"Each number is multiplied by increasing factors: 10 × 2 = 20, 20 × 1.75 = 35, 35 × 1.857 = 65, 65 × 2.154 = 140, 140 × 2.5 = 350. Next factor ≈ 2.8. Next: 350 × 2.8 = 980.",rohanmistry231/CSE-Aptitude-Test-Practice-Hub,05 Abstract Reasoning (Non-Verbal Reasoning)/03 Advance/README.md
abstract-reasoning-advanced-number-sequence-questions-0014,abstract-reasoning,Abstract Reasoning (Non-Verbal Reasoning),Number Sequence Questions,advanced,"Find the next number: 1, 6, 18, 45, 103, 224, __",472 | 477 | 469 | 944,472,"Differences: 5, 12, 27, 58, 121. Second differences: 7, 15, 31, 63. Third differences: 8, 16, 32 (doubles). Next: 64. Second difference = 63 + 64 = 127. First difference = 121 + 127 = 248. Next: 224 + 248 = 472.",rohanmistry231/CSE-Aptitude-Test-Practice-Hub,05 Abstract Reasoning (Non-Verbal Reasoning)/03 Advance/README.md
abstract-reasoning-advanced-number-sequence-questions-0015,abstract-reasoning,Abstract Reasoning (Non-Verbal Reasoning),Number Sequence Questions,advanced,"Find the next number: 5, 15, 35, 65, 105, 155, __",215 | 220 | 212 | 430,215,"Differences: 10, 20, 30, 40, 50. Differences increase by 10. Next difference = 60. Next: 155 + 60 = 215.",rohanmistry231/CSE-Aptitude-Test-Practice-Hub,05 Abstract Reasoning (Non-Verbal Reasoning)/03 Advance/README.md
abstract-reasoning-advanced-number-sequence-questions-0016,abstract-reasoning,Abstract Reasoning (Non-Verbal Reasoning),Number Sequence Questions,advanced,"Find the next number: 2, 7, 17, 37, 77, 157, __",317 | 322 | 314 | 634,317,"Differences: 5, 10, 20, 40, 80 (doubles). Next difference = 160. Next: 157 + 160 = 317.",rohanmistry231/CSE-Aptitude-Test-Practice-Hub,05 Abstract Reasoning (Non-Verbal Reasoning)/03 Advance/README.md
abstract-reasoning-advanced-number-sequence-questions-0017,abstract-reasoning,Abstract Reasoning (Non-Verbal Reasoning),Number Sequence Questions,advanced,"Find the next number: 1, 4, 12, 36, 108, 324, __",972 | 977 | 969 | 1944,972,"Each number is multiplied by 3: 1 × 3 = 4, 4 × 3 = 12, 12 × 3 = 36, 36 × 3 = 108, 108 × 3 = 324. Next: 324 × 3 = 972.",rohanmistry231/CSE-Aptitude-Test-Practice-Hub,05 Abstract Reasoning (Non-Verbal Reasoning)/03 Advance/README.md
abstract-reasoning-advanced-number-sequence-questions-0018,abstract-reasoning,Abstract Reasoning (Non-Verbal Reasoning),Number Sequence Questions,advanced,"Find the next number: 3, 8, 22, 60, 164, 446, __",1202 | 1207 | 1199 | 2404,1202,"Each number is multiplied by 3 and subtracted by a sequence: 3 × 3 - 1 = 8, 8 × 3 - 2 = 22, 22 × 3 - 6 = 60, 60 × 3 - 16 = 164, 164 × 3 - 46 = 446. Subtractions: 1, 2, 6, 16, 46 (+1, ×3). Next: 136. Next: 446 × 3 - 136 = 1202.",rohanmistry231/CSE-Aptitude-Test-Practice-Hub,05 Abstract Reasoning (Non-Verbal Reasoning)/03 Advance/README.md
abstract-reasoning-advanced-number-sequence-questions-0019,abstract-reasoning,Abstract Reasoning (Non-Verbal Reasoning),Number Sequence Questions,advanced,"Find the next number: 2, 5, 13, 35, 94, 248, __",656 | 661 | 653 | 1312,656,"Each number follows: 2 × 2 + 1 = 5, 5 × 3 - 2 = 13, 13 × 3 - 4 = 35, 35 × 3 - 11 = 94, 94 × 3 - 34 = 248. Subtractions: 0, 2, 4, 11, 34 (Fibonacci-like). Next: 88. Next: 248 × 3 - 88 = 656.",rohanmistry231/CSE-Aptitude-Test-Practice-Hub,05 Abstract Reasoning (Non-Verbal Reasoning)/03 Advance/README.md
abstract-reasoning-advanced-number-sequence-questions-0020,abstract-reasoning,Abstract Reasoning (Non-Verbal Reasoning),Number Sequence Questions,advanced,"Find the next number: 100, 98, 92, 80, 62, 38, __",8 | 13 | 5 | 16,8,"Differences: -2, -6, -12, -18, -24. Second differences: -4, -6, -6, -6. Next difference = -30. Next: 38 - 30 = 8.",rohanmistry231/CSE-Aptitude-Test-Practice-Hub,05 Abstract Reasoning (Non-Verbal Reasoning)/03 Advance/README.md
abstract-reasoning-advanced-shape-pattern-questions-0021,abstract-reasoning,Abstract Reasoning (Non-Verbal Reasoning),Shape Pattern Questions,advanced,"A square rotates 90° clockwise, doubles small squares inside, and alternates colors (Red, Blue): 1 (Red), 2 (Blue), 4 (Red), __. What is the next number, color, and rotation?","8 squares, Blue, 0° rotation | 13 squares, Blue, 0° rotation | 5 squares, Blue, 0° rotation | 16 squares, Blue, 0° rotation","8 squares, Blue, 0° rotation","Squares: 1, 2, 4, 8 (doubles). Colors: Red, Blue, Red, Blue. Rotation: 90° × 4 = 360° = 0°.",rohanmistry231/CSE-Aptitude-Test-Practice-Hub,05 Abstract Reasoning (Non-Verbal Reasoning)/03 Advance/README.md
abstract-reasoning-advanced-shape-pattern-questions-0022,abstract-reasoning,Abstract Reasoning (Non-Verbal Reasoning),Shape Pattern Questions,advanced,"A triangle rotates 120° anticlockwise, adds 1 side, and cycles fills (Filled, Empty, Half): Triangle (Filled), Quadrilateral (Empty), Pentagon (Half), __. What is the next shape, fill, and rotation?","Hexagon, Filled, 120° anticlockwise | Hexagon, Filled, 125° anticlockwise | Hexagon, Filled, 117° anticlockwise | Hexagon, Filled, 240° anticlockwise","Hexagon, Filled, 120° anticlockwise","Sides: 3, 4, 5, 6 (Hexagon). Fill: Filled, Empty, Half, Filled. Rotation: 120° × 4 = 480° = 120°.",rohanmistry231/CSE-Aptitude-Test-Practice-Hub,05 Abstract Reasoning (Non-Verbal Reasoning)/03 Advance/README.md
abstract-reasoning-advanced-shape-pattern-questions-0023,abstract-reasoning,Abstract Reasoning (Non-Verbal Reasoning),Shape Pattern Questions,advanced,"A circle doubles sectors and alternates fill and color (Red Filled, Blue Empty): 2 (Red Filled), 4 (Blue Empty), 8 (Red Filled), __. What is the next number, fill, and color?","16 sectors, Blue Empty | 21 sectors, Blue Empty | 13 sectors, Blue Empty | 32 sectors, Blue Empty","16 sectors, Blue Empty","Sectors: 2, 4, 8, 16 (doubles). Fill/Color: Red Filled, Blue Empty, Red Filled, Blue Empty.",rohanmistry231/CSE-Aptitude-Test-Practice-Hub,05 Abstract Reasoning (Non-Verbal Reasoning)/03 Advance/README.md
abstract-reasoning-advanced-shape-pattern-questions-0024,abstract-reasoning,Abstract Reasoning (Non-Verbal Reasoning),Shape Pattern Questions,advanced,"A pentagon rotates 72° clockwise, increases sides by 2, and cycles colors (Red, Blue, Green): Pentagon (Red), Heptagon (Blue), Nonagon (Green), __. What is the next shape, color, and rotation?","11-gon, Red, 288° clockwise | 16-gon, Red, 288° clockwise | 8-gon, Red, 288° clockwise | 22-gon, Red, 288° clockwise","11-gon, Red, 288° clockwise","Sides: 5, 7, 9, 11 (11-gon). Colors: Red, Blue, Green, Red. Rotation: 72° × 4 = 288°.",rohanmistry231/CSE-Aptitude-Test-Practice-Hub,05 Abstract Reasoning (Non-Verbal Reasoning)/03 Advance/README.md
abstract-reasoning-advanced-shape-pattern-questions-0025,abstract-reasoning,Abstract Reasoning (Non-Verbal Reasoning),Shape Pattern Questions,advanced,"A sequence alternates shapes (Circle, Square), doubles count, and cycles colors (Red, Blue): 1 Circle (Red), 2 Squares (Blue), 4 Circles (Red), __. What is the next shape, number, and color?","8 Squares, Blue | 13 Squares, Blue | 5 Squares, Blue | 16 Squares, Blue","8 Squares, Blue","Shapes: Circle, Square, Circle, Square. Number: 1, 2, 4, 8. Colors: Red, Blue, Red, Blue.",rohanmistry231/CSE-Aptitude-Test-Practice-Hub,05 Abstract Reasoning (Non-Verbal Reasoning)/03 Advance/README.md
abstract-reasoning-advanced-shape-pattern-questions-0026,abstract-reasoning,Abstract Reasoning (Non-Verbal Reasoning),Shape Pattern Questions,advanced,"A rectangle triples length, halves width, and rotates 90° anticlockwise: 3×4, 9×2, 27×1, __. What is the next rectangle and rotation?","81×0.5, 0° rotation | 86×0.5, 0° rotation | 78×0.5, 0° rotation | 162×0.5, 0° rotation","81×0.5, 0° rotation","Length: 3, 9, 27, 81. Width: 4, 2, 1, 0.5. Rotation: 90° × 4 = 360° = 0°.",rohanmistry231/CSE-Aptitude-Test-Practice-Hub,05 Abstract Reasoning (Non-Verbal Reasoning)/03 Advance/README.md
abstract-reasoning-advanced-shape-pattern-questions-0027,abstract-reasoning,Abstract Reasoning (Non-Verbal Reasoning),Shape Pattern Questions,advanced,"A sequence of triangles adds 2, cycles fills (Filled, Empty), and rotates 60° clockwise: 2 (Filled), 4 (Empty), 6 (Filled), __. What is the next number, fill, and rotation?","8 triangles, Empty, 240° clockwise | 13 triangles, Empty, 240° clockwise | 5 triangles, Empty, 240° clockwise | 16 triangles, Empty, 240° clockwise","8 triangles, Empty, 240° clockwise","Number: 2, 4, 6, 8. Fill: Filled, Empty, Filled, Empty. Rotation: 60° × 4 = 240°.",rohanmistry231/CSE-Aptitude-Test-Practice-Hub,05 Abstract Reasoning (Non-Verbal Reasoning)/03 Advance/README.md
abstract-reasoning-advanced-shape-pattern-questions-0028,abstract-reasoning,Abstract Reasoning (Non-Verbal Reasoning),Shape Pattern Questions,advanced,"A square increases side by 3, adds 1 small square, and cycles colors (Red, Blue, Green): 3×3 (1 Red), 6×6 (2 Blue), 9×9 (3 Green), __. What is the next square, number, and color?","12×12, 4 squares, Red | 17×12, 4 squares, Red | 9×12, 4 squares, Red | 24×12, 4 squares, Red","12×12, 4 squares, Red","Side: 3, 6, 9, 12. Squares: 1, 2, 3, 4. Colors: Red, Blue, Green, Red.",rohanmistry231/CSE-Aptitude-Test-Practice-Hub,05 Abstract Reasoning (Non-Verbal Reasoning)/03 Advance/README.md
abstract-reasoning-advanced-shape-pattern-questions-0029,abstract-reasoning,Abstract Reasoning (Non-Verbal Reasoning),Shape Pattern Questions,advanced,"A sequence cycles shapes (Circle, Square, Triangle), doubles count, and alternates fills: 1 Circle (Filled), 2 Squares (Empty), 4 Triangles (Filled), __. What is the next shape, number, and fill?","8 Circles, Empty | 13 Circles, Empty | 5 Circles, Empty | 16 Circles, Empty","8 Circles, Empty","Shapes: Circle, Square, Triangle, Circle. Number: 1, 2, 4, 8. Fill: Filled, Empty, Filled, Empty.",rohanmistry231/CSE-Aptitude-Test-Practice-Hub,05 Abstract Reasoning (Non-Verbal Reasoning)/03 Advance/README.md
abstract-reasoning-advanced-shape-pattern-questions-0030,abstract-reasoning,Abstract Reasoning (Non-Verbal Reasoning),Shape Pattern Questions,advanced,"A circle quadruples sectors, rotates 45° clockwise, and cycles colors (Red, Blue): 4 (Red), 16 (Blue), 64 (Red), __. What is the next number, color, and rotation?","256 sectors, Blue, 180° clockwise | 261 sectors, Blue, 180° clockwise | 253 sectors, Blue, 180° clockwise | 512 sectors, Blue, 180° clockwise","256 sectors, Blue, 180° clockwise","Sectors: 4, 16, 64, 256 (×4). Colors: Red, Blue, Red, Blue. Rotation: 45° × 4 = 180°.",rohanmistry231/CSE-Aptitude-Test-Practice-Hub,05 Abstract Reasoning (Non-Verbal Reasoning)/03 Advance/README.md
abstract-reasoning-advanced-shape-pattern-questions-0031,abstract-reasoning,Abstract Reasoning (Non-Verbal Reasoning),Shape Pattern Questions,advanced,"A sequence alternates shapes (Star, Circle), triples count, and cycles fills (Filled, Empty): 1 Star (Filled), 3 Circles (Empty), 9 Stars (Filled), __. What is the next shape, number, and fill?","27 Circles, Empty | 32 Circles, Empty | 24 Circles, Empty | 54 Circles, Empty","27 Circles, Empty","Shapes: Star, Circle, Star, Circle. Number: 1, 3, 9, 27. Fill: Filled, Empty, Filled, Empty.",rohanmistry231/CSE-Aptitude-Test-Practice-Hub,05 Abstract Reasoning (Non-Verbal Reasoning)/03 Advance/README.md
abstract-reasoning-advanced-shape-pattern-questions-0032,abstract-reasoning,Abstract Reasoning (Non-Verbal Reasoning),Shape Pattern Questions,advanced,"A hexagon rotates 60° anticlockwise, adds 3 sides, and cycles colors (Red, Blue, Green): Hexagon (Red), Nonagon (Blue), 12-gon (Green), __. What is the next shape, color, and rotation?","15-gon, Red, 240° anticlockwise | 20-gon, Red, 240° anticlockwise | 12-gon, Red, 240° anticlockwise | 30-gon, Red, 240° anticlockwise","15-gon, Red, 240° anticlockwise","Sides: 6, 9, 12, 15 (15-gon). Colors: Red, Blue, Green, Red. Rotation: 60° × 4 = 240°.",rohanmistry231/CSE-Aptitude-Test-Practice-Hub,05 Abstract Reasoning (Non-Verbal Reasoning)/03 Advance/README.md
abstract-reasoning-advanced-shape-pattern-questions-0033,abstract-reasoning,Abstract Reasoning (Non-Verbal Reasoning),Shape Pattern Questions,advanced,"A sequence of squares triples small squares and alternates colors (Red, Blue): 3 (Red), 9 (Blue), 27 (Red), __. What is the next number, color, and rotation (90° clockwise)?","81 squares, Blue, 0° rotation | 86 squares, Blue, 0° rotation | 78 squares, Blue, 0° rotation | 162 squares, Blue, 0° rotation","81 squares, Blue, 0° rotation","Squares: 3, 9, 27, 81 (×3). Colors: Red, Blue, Red, Blue. Rotation: 90° × 4 = 360° = 0°.",rohanmistry231/CSE-Aptitude-Test-Practice-Hub,05 Abstract Reasoning (Non-Verbal Reasoning)/03 Advance/README.md
abstract-reasoning-advanced-shape-pattern-questions-0034,abstract-reasoning,Abstract Reasoning (Non-Verbal Reasoning),Shape Pattern Questions,advanced,"A triangle doubles sides, rotates 120° clockwise, and cycles fills (Filled, Empty, Half): 3 (Filled), 6 (Empty), 12 (Half), __. What is the next shape, fill, and rotation?","24-gon, Filled, 120° clockwise | 29-gon, Filled, 120° clockwise | 21-gon, Filled, 120° clockwise | 48-gon, Filled, 120° clockwise","24-gon, Filled, 120° clockwise","Sides: 3, 6, 12, 24. Fill: Filled, Empty, Half, Filled. Rotation: 120° × 4 = 480° = 120°.",rohanmistry231/CSE-Aptitude-Test-Practice-Hub,05 Abstract Reasoning (Non-Verbal Reasoning)/03 Advance/README.md
abstract-reasoning-advanced-shape-pattern-questions-0035,abstract-reasoning,Abstract Reasoning (Non-Verbal Reasoning),Shape Pattern Questions,advanced,"A sequence cycles shapes (Circle, Square, Triangle), quadruples count, and cycles colors (Red, Blue, Green): 1 Circle (Red), 4 Squares (Blue), 16 Triangles (Green), __. What is the next shape, number, and color?","64 Circles, Red | 69 Circles, Red | 61 Circles, Red | 128 Circles, Red","64 Circles, Red","Shapes: Circle, Square, Triangle, Circle. Number: 1, 4, 16, 64. Colors: Red, Blue, Green, Red.",rohanmistry231/CSE-Aptitude-Test-Practice-Hub,05 Abstract Reasoning (Non-Verbal Reasoning)/03 Advance/README.md
abstract-reasoning-advanced-shape-pattern-questions-0036,abstract-reasoning,Abstract Reasoning (Non-Verbal Reasoning),Shape Pattern Questions,advanced,"A rectangle doubles length, adds 2 to width, and rotates 90° clockwise: 2×3, 4×5, 8×7, __. What is the next rectangle and rotation?","16×9, 0° rotation | 21×9, 0° rotation | 13×9, 0° rotation | 32×9, 0° rotation","16×9, 0° rotation","Length: 2, 4, 8, 16. Width: 3, 5, 7, 9. Rotation: 90° × 4 = 360° = 0°.",rohanmistry231/CSE-Aptitude-Test-Practice-Hub,05 Abstract Reasoning (Non-Verbal Reasoning)/03 Advance/README.md
abstract-reasoning-advanced-shape-pattern-questions-0037,abstract-reasoning,Abstract Reasoning (Non-Verbal Reasoning),Shape Pattern Questions,advanced,"A sequence of circles adds 3, cycles fills (Filled, Empty, Half), and rotates 45° anticlockwise: 3 (Filled), 6 (Empty), 9 (Half), __. What is the next number, fill, and rotation?","12 circles, Filled, 180° anticlockwise | 17 circles, Filled, 180° anticlockwise | 9 circles, Filled, 180° anticlockwise | 24 circles, Filled, 180° anticlockwise","12 circles, Filled, 180° anticlockwise","Number: 3, 6, 9, 12. Fill: Filled, Empty, Half, Filled. Rotation: 45° × 4 = 180°.",rohanmistry231/CSE-Aptitude-Test-Practice-Hub,05 Abstract Reasoning (Non-Verbal Reasoning)/03 Advance/README.md
abstract-reasoning-advanced-shape-pattern-questions-0038,abstract-reasoning,Abstract Reasoning (Non-Verbal Reasoning),Shape Pattern Questions,advanced,"A pentagon adds 4 sides, rotates 36° clockwise, and alternates colors (Red, Blue): 5 (Red), 9 (Blue), 13 (Red), __. What is the next shape, color, and rotation?","17-gon, Blue, 144° clockwise | 22-gon, Blue, 144° clockwise | 14-gon, Blue, 144° clockwise | 34-gon, Blue, 144° clockwise","17-gon, Blue, 144° clockwise","Sides: 5, 9, 13, 17 (17-gon). Colors: Red, Blue, Red, Blue. Rotation: 36° × 4 = 144°.",rohanmistry231/CSE-Aptitude-Test-Practice-Hub,05 Abstract Reasoning (Non-Verbal Reasoning)/03 Advance/README.md
abstract-reasoning-advanced-shape-pattern-questions-0039,abstract-reasoning,Abstract Reasoning (Non-Verbal Reasoning),Shape Pattern Questions,advanced,"A sequence alternates shapes (Triangle, Square), triples count, and cycles colors (Red, Blue): 1 Triangle (Red), 3 Squares (Blue), 9 Triangles (Red), __. What is the next shape, number, and color?","27 Squares, Blue | 32 Squares, Blue | 24 Squares, Blue | 54 Squares, Blue","27 Squares, Blue","Shapes: Triangle, Square, Triangle, Square. Number: 1, 3, 9, 27. Colors: Red, Blue, Red, Blue.",rohanmistry231/CSE-Aptitude-Test-Practice-Hub,05 Abstract Reasoning (Non-Verbal Reasoning)/03 Advance/README.md
abstract-reasoning-advanced-shape-pattern-questions-0040,abstract-reasoning,Abstract Reasoning (Non-Verbal Reasoning),Shape Pattern Questions,advanced,"A circle increases radius by 3, rotates 60° anticlockwise, and cycles fills (Filled, Empty): r=3 (Filled), r=6 (Empty), r=9 (Filled), __. What is the next radius, fill, and rotation?","r=12, Empty, 240° anticlockwise | r=17, Empty, 240° anticlockwise | r=9, Empty, 240° anticlockwise | r=24, Empty, 240° anticlockwise","r=12, Empty, 240° anticlockwise","Radius: 3, 6, 9, 12. Fill: Filled, Empty, Filled, Empty. Rotation: 60° × 4 = 240°.",rohanmistry231/CSE-Aptitude-Test-Practice-Hub,05 Abstract Reasoning (Non-Verbal Reasoning)/03 Advance/README.md
abstract-reasoning-advanced-analogy-questions-0041,abstract-reasoning,Abstract Reasoning (Non-Verbal Reasoning),Analogy Questions,advanced,2 : 12 :: 5 : __,45 | 50 | 42 | 90,45,"2 × (2 + 4) = 12. Similarly, 5 × (5 + 4) = 45.",rohanmistry231/CSE-Aptitude-Test-Practice-Hub,05 Abstract Reasoning (Non-Verbal Reasoning)/03 Advance/README.md
abstract-reasoning-advanced-analogy-questions-0042,abstract-reasoning,Abstract Reasoning (Non-Verbal Reasoning),Analogy Questions,advanced,Circle (Red Filled) : Square (Blue Empty) :: Triangle (Green Half) : __,Square (Red Filled) | None of the above | Both Square (Red Fil... and alternative | Insufficient data,Square (Red Filled),"Circle to Square (shape), Red to Blue (color), Filled to Empty (state). Triangle to Square, Green to Red, Half to Filled.",rohanmistry231/CSE-Aptitude-Test-Practice-Hub,05 Abstract Reasoning (Non-Verbal Reasoning)/03 Advance/README.md
abstract-reasoning-advanced-analogy-questions-0043,abstract-reasoning,Abstract Reasoning (Non-Verbal Reasoning),Analogy Questions,advanced,3 : 24 :: 4 : __,36 | 41 | 33 | 72,36,"3 × (3 + 5) = 24. Similarly, 4 × (4 + 5) = 36.",rohanmistry231/CSE-Aptitude-Test-Practice-Hub,05 Abstract Reasoning (Non-Verbal Reasoning)/03 Advance/README.md
abstract-reasoning-advanced-analogy-questions-0044,abstract-reasoning,Abstract Reasoning (Non-Verbal Reasoning),Analogy Questions,advanced,Filled Circle (3) : Empty Square (4) :: Half Triangle (3) : __,Filled Square (4) | Filled Square (6) | Filled Square (1) | Filled Square (8),Filled Square (4),"Filled to Empty (state), Circle to Square (shape +1 side), 3 to 4 (sides). Half to Filled, Triangle to Square, 3 to 4.",rohanmistry231/CSE-Aptitude-Test-Practice-Hub,05 Abstract Reasoning (Non-Verbal Reasoning)/03 Advance/README.md
abstract-reasoning-advanced-analogy-questions-0045,abstract-reasoning,Abstract Reasoning (Non-Verbal Reasoning),Analogy Questions,advanced,5 : 60 :: 6 : __,78 | 83 | 75 | 156,78,"5 × (5 + 7) = 60. Similarly, 6 × (6 + 7) = 78.",rohanmistry231/CSE-Aptitude-Test-Practice-Hub,05 Abstract Reasoning (Non-Verbal Reasoning)/03 Advance/README.md
abstract-reasoning-advanced-analogy-questions-0046,abstract-reasoning,Abstract Reasoning (Non-Verbal Reasoning),Analogy Questions,advanced,Star (5 Red) : Circle (0 Blue) :: Pentagon (5 Green) : __,Circle (0 Red) | Circle (2 Red) | Circle (1 Red) | Circle (30 Red),Circle (0 Red),"Star to Circle (shape, sides 5→0), Red to Blue (color). Pentagon to Circle, Green to Red.",rohanmistry231/CSE-Aptitude-Test-Practice-Hub,05 Abstract Reasoning (Non-Verbal Reasoning)/03 Advance/README.md
abstract-reasoning-advanced-analogy-questions-0047,abstract-reasoning,Abstract Reasoning (Non-Verbal Reasoning),Analogy Questions,advanced,2 : 20 :: 3 : __,33 | 38 | 30 | 66,33,"2 × (2 + 8) = 20. Similarly, 3 × (3 + 8) = 33.",rohanmistry231/CSE-Aptitude-Test-Practice-Hub,05 Abstract Reasoning (Non-Verbal Reasoning)/03 Advance/README.md
abstract-reasoning-advanced-analogy-questions-0048,abstract-reasoning,Abstract Reasoning (Non-Verbal Reasoning),Analogy Questions,advanced,Red Filled : Blue Empty :: Green Half : __,Red Filled | None of the above | Both Red Filled... and alternative | Insufficient data,Red Filled,"Red to Blue (color), Filled to Empty (state). Green to Red, Half to Filled.",rohanmistry231/CSE-Aptitude-Test-Practice-Hub,05 Abstract Reasoning (Non-Verbal Reasoning)/03 Advance/README.md
abstract-reasoning-advanced-analogy-questions-0049,abstract-reasoning,Abstract Reasoning (Non-Verbal Reasoning),Analogy Questions,advanced,4 : 40 :: 5 : __,55 | 60 | 52 | 110,55,"4 × (4 + 6) = 40. Similarly, 5 × (5 + 6) = 55.",rohanmistry231/CSE-Aptitude-Test-Practice-Hub,05 Abstract Reasoning (Non-Verbal Reasoning)/03 Advance/README.md
abstract-reasoning-advanced-analogy-questions-0050,abstract-reasoning,Abstract Reasoning (Non-Verbal Reasoning),Analogy Questions,advanced,Triangle (3 Filled) : Square (4 Empty) :: Pentagon (5 Half) : __,Hexagon (6 Filled) | Hexagon (11 Filled) | Hexagon (3 Filled) | Hexagon (12 Filled),Hexagon (6 Filled),"Triangle to Square (+1 side), Filled to Empty. Pentagon to Hexagon, Half to Filled.",rohanmistry231/CSE-Aptitude-Test-Practice-Hub,05 Abstract Reasoning (Non-Verbal Reasoning)/03 Advance/README.md
abstract-reasoning-advanced-analogy-questions-0051,abstract-reasoning,Abstract Reasoning (Non-Verbal Reasoning),Analogy Questions,advanced,1 : 6 :: 3 : __,24 | 29 | 21 | 48,24,"1 × (1 + 5) = 6. Similarly, 3 × (3 + 5) = 24.",rohanmistry231/CSE-Aptitude-Test-Practice-Hub,05 Abstract Reasoning (Non-Verbal Reasoning)/03 Advance/README.md
abstract-reasoning-advanced-analogy-questions-0052,abstract-reasoning,Abstract Reasoning (Non-Verbal Reasoning),Analogy Questions,advanced,Filled Circle : Empty Square :: Half Triangle : __,Filled Square | None of the above | Both Filled Square... and alternative | Insufficient data,Filled Square,"Filled to Empty (state), Circle to Square (shape). Half to Filled, Triangle to Square.",rohanmistry231/CSE-Aptitude-Test-Practice-Hub,05 Abstract Reasoning (Non-Verbal Reasoning)/03 Advance/README.md
abstract-reasoning-advanced-analogy-questions-0053,abstract-reasoning,Abstract Reasoning (Non-Verbal Reasoning),Analogy Questions,advanced,6 : 84 :: 7 : __,105 | 110 | 102 | 210,105,"6 × (6 + 8) = 84. Similarly, 7 × (7 + 8) = 105.",rohanmistry231/CSE-Aptitude-Test-Practice-Hub,05 Abstract Reasoning (Non-Verbal Reasoning)/03 Advance/README.md
abstract-reasoning-advanced-analogy-questions-0054,abstract-reasoning,Abstract Reasoning (Non-Verbal Reasoning),Analogy Questions,advanced,Circle (0 Red) : Triangle (3 Blue) :: Square (4 Green) : __,Heptagon (7 Red) | Heptagon (12 Red) | Heptagon (4 Red) | Heptagon (14 Red),Heptagon (7 Red),"Circle to Triangle (+3 sides), Red to Blue. Square to Heptagon (+3), Green to Red.",rohanmistry231/CSE-Aptitude-Test-Practice-Hub,05 Abstract Reasoning (Non-Verbal Reasoning)/03 Advance/README.md
abstract-reasoning-advanced-analogy-questions-0055,abstract-reasoning,Abstract Reasoning (Non-Verbal Reasoning),Analogy Questions,advanced,2 : 18 :: 4 : __,44 | 49 | 41 | 88,44,"2 × (2 + 7) = 18. Similarly, 4 × (4 + 7) = 44.",rohanmistry231/CSE-Aptitude-Test-Practice-Hub,05 Abstract Reasoning (Non-Verbal Reasoning)/03 Advance/README.md
abstract-reasoning-advanced-analogy-questions-0056,abstract-reasoning,Abstract Reasoning (Non-Verbal Reasoning),Analogy Questions,advanced,Red Circle (Filled) : Blue Square (Empty) :: Green Triangle (Half) : __,Red Square (Filled) | None of the above | Both Red Square (Fil... and alternative | Insufficient data,Red Square (Filled),"Red to Blue, Circle to Square, Filled to Empty. Green to Red, Triangle to Square, Half to Filled.",rohanmistry231/CSE-Aptitude-Test-Practice-Hub,05 Abstract Reasoning (Non-Verbal Reasoning)/03 Advance/README.md
abstract-reasoning-advanced-analogy-questions-0057,abstract-reasoning,Abstract Reasoning (Non-Verbal Reasoning),Analogy Questions,advanced,3 : 30 :: 5 : __,60 | 65 | 57 | 120,60,"3 × (3 + 7) = 30. Similarly, 5 × (5 + 7) = 60.",rohanmistry231/CSE-Aptitude-Test-Practice-Hub,05 Abstract Reasoning (Non-Verbal Reasoning)/03 Advance/README.md
abstract-reasoning-advanced-analogy-questions-0058,abstract-reasoning,Abstract Reasoning (Non-Verbal Reasoning),Analogy Questions,advanced,Square (4 Filled) : Circle (0 Empty) :: Triangle (3 Half) : __,Circle (0 Filled) | Circle (2 Filled) | Circle (1 Filled) | Circle (30 Filled),Circle (0 Filled),"Square to Circle (-4 sides), Filled to Empty. Triangle to Circle (-3), Half to Filled.",rohanmistry231/CSE-Aptitude-Test-Practice-Hub,05 Abstract Reasoning (Non-Verbal Reasoning)/03 Advance/README.md
abstract-reasoning-advanced-analogy-questions-0059,abstract-reasoning,Abstract Reasoning (Non-Verbal Reasoning),Analogy Questions,advanced,4 : 48 :: 6 : __,84 | 89 | 81 | 168,84,"4 × (4 + 8) = 48. Similarly, 6 × (6 + 8) = 84.",rohanmistry231/CSE-Aptitude-Test-Practice-Hub,05 Abstract Reasoning (Non-Verbal Reasoning)/03 Advance/README.md
abstract-reasoning-advanced-analogy-questions-0060,abstract-reasoning,Abstract Reasoning (Non-Verbal Reasoning),Analogy Questions,advanced,Pentagon (5 Red) : Hexagon (6 Blue) :: Heptagon (7 Green) : __,Octagon (8 Red) | Octagon (13 Red) | Octagon (5 Red) | Octagon (16 Red),Octagon (8 Red),"Pentagon to Hexagon (+1 side), Red to Blue. Heptagon to Octagon, Green to Red.",rohanmistry231/CSE-Aptitude-Test-Practice-Hub,05 Abstract Reasoning (Non-Verbal Reasoning)/03 Advance/README.md
abstract-reasoning-advanced-matrix-pattern-questions-0061,abstract-reasoning,Abstract Reasoning (Non-Verbal Reasoning),Matrix Pattern Questions,advanced,"Matrix: [1, 6, 16; 2, 8, 20; 3, 10, __]. What is the missing number?",24 | 29 | 21 | 48,24,"Columns: 1, 2, 3 (+1); 6, 8, 10 (+2); 16, 20, x (+4). Next: 20 + 4 = 24.",rohanmistry231/CSE-Aptitude-Test-Practice-Hub,05 Abstract Reasoning (Non-Verbal Reasoning)/03 Advance/README.md
abstract-reasoning-advanced-matrix-pattern-questions-0062,abstract-reasoning,Abstract Reasoning (Non-Verbal Reasoning),Matrix Pattern Questions,advanced,"Matrix: [2, 12, 36; 3, 18, 54; 4, 24, __]. What is the missing number?",72 | 77 | 69 | 144,72,"Each row: 2 × 1, 2 × 6, 2 × 18; 3 × 1, 3 × 6, 3 × 18; 4 × 1, 4 × 6, 4 × 18. Next: 4 × 18 = 72.",rohanmistry231/CSE-Aptitude-Test-Practice-Hub,05 Abstract Reasoning (Non-Verbal Reasoning)/03 Advance/README.md
abstract-reasoning-advanced-matrix-pattern-questions-0063,abstract-reasoning,Abstract Reasoning (Non-Verbal Reasoning),Matrix Pattern Questions,advanced,"Matrix: [Red Filled, Blue Empty, Green Half; Blue Empty, Green Half, Red Filled; Green Half, Red Filled, __]. What is the missing state?",Blue Empty | None of the above | Both Blue Empty... and alternative | Insufficient data,Blue Empty,Each column shifts down: Red Filled → Blue Empty → Green Half; Blue Empty → Green Half → Red Filled; Green Half → Red Filled → Blue Empty.,rohanmistry231/CSE-Aptitude-Test-Practice-Hub,05 Abstract Reasoning (Non-Verbal Reasoning)/03 Advance/README.md
abstract-reasoning-advanced-matrix-pattern-questions-0064,abstract-reasoning,Abstract Reasoning (Non-Verbal Reasoning),Matrix Pattern Questions,advanced,"Matrix: [1, 5, 14; 2, 8, 20; 3, 11, __]. What is the missing number?",26 | 31 | 23 | 52,26,"Columns: 1, 2, 3 (+1); 5, 8, 11 (+3); 14, 20, x (+6). Next: 20 + 6 = 26.",rohanmistry231/CSE-Aptitude-Test-Practice-Hub,05 Abstract Reasoning (Non-Verbal Reasoning)/03 Advance/README.md
abstract-reasoning-advanced-matrix-pattern-questions-0065,abstract-reasoning,Abstract Reasoning (Non-Verbal Reasoning),Matrix Pattern Questions,advanced,"Matrix: [Circle Red, Square Blue, Triangle Green; Square Blue, Triangle Green, Circle Red; Triangle Green, Circle Red, __]. What is the missing shape?",Square Blue | None of the above | Both Square Blue... and alternative | Insufficient data,Square Blue,Each column shifts down: Circle Red → Square Blue → Triangle Green; Square Blue → Triangle Green → Circle Red; Triangle Green → Circle Red → Square Blue.,rohanmistry231/CSE-Aptitude-Test-Practice-Hub,05 Abstract Reasoning (Non-Verbal Reasoning)/03 Advance/README.md
abstract-reasoning-advanced-matrix-pattern-questions-0066,abstract-reasoning,Abstract Reasoning (Non-Verbal Reasoning),Matrix Pattern Questions,advanced,"Matrix: [4, 16, 40; 5, 20, 50; 6, 24, __]. What is the missing number?",60 | 65 | 57 | 120,60,"Each row: 4 × 1, 4 × 4, 4 × 10; 5 × 1, 5 × 4, 5 × 10; 6 × 1, 6 × 4, 6 × 10. Next: 6 × 10 = 60.",rohanmistry231/CSE-Aptitude-Test-Practice-Hub,05 Abstract Reasoning (Non-Verbal Reasoning)/03 Advance/README.md
abstract-reasoning-advanced-matrix-pattern-questions-0067,abstract-reasoning,Abstract Reasoning (Non-Verbal Reasoning),Matrix Pattern Questions,advanced,"Matrix: [1, 7, 19; 2, 10, 25; 3, 13, __]. What is the missing number?",31 | 36 | 28 | 62,31,"Columns: 1, 2, 3 (+1); 7, 10, 13 (+3); 19, 25, x (+6). Next: 25 + 6 = 31.",rohanmistry231/CSE-Aptitude-Test-Practice-Hub,05 Abstract Reasoning (Non-Verbal Reasoning)/03 Advance/README.md
abstract-reasoning-advanced-matrix-pattern-questions-0068,abstract-reasoning,Abstract Reasoning (Non-Verbal Reasoning),Matrix Pattern Questions,advanced,"Matrix: [Filled Circle, Empty Square, Half Triangle; Empty Square, Half Triangle, Filled Circle; Half Triangle, Filled Circle, __]. What is the missing shape?",Empty Square | None of the above | Both Empty Square... and alternative | Insufficient data,Empty Square,Each column shifts down: Circle → Square → Triangle; Square → Triangle → Circle; Triangle → Circle → Square.,rohanmistry231/CSE-Aptitude-Test-Practice-Hub,05 Abstract Reasoning (Non-Verbal Reasoning)/03 Advance/README.md
abstract-reasoning-advanced-matrix-pattern-questions-0069,abstract-reasoning,Abstract Reasoning (Non-Verbal Reasoning),Matrix Pattern Questions,advanced,"Matrix: [3, 12, 30; 4, 16, 40; 5, 20, __]. What is the missing number?",50 | 55 | 47 | 100,50,"Each row: 3 × 1, 3 × 4, 3 × 10; 4 × 1, 4 × 4, 4 × 10; 5 × 1, 5 × 4, 5 × 10. Next: 5 × 10 = 50.",rohanmistry231/CSE-Aptitude-Test-Practice-Hub,05 Abstract Reasoning (Non-Verbal Reasoning)/03 Advance/README.md
abstract-reasoning-advanced-matrix-pattern-questions-0070,abstract-reasoning,Abstract Reasoning (Non-Verbal Reasoning),Matrix Pattern Questions,advanced,"Matrix: [1, 4, 16; 2, 8, 32; 3, 12, __]. What is the missing number?",48 | 53 | 45 | 96,48,"Each row: 1 × 4⁰, 1 × 4¹, 1 × 4²; 2 × 4⁰, 2 × 4¹, 2 × 4²; 3 × 4⁰, 3 × 4¹, 3 × 4². Next: 3 × 4² = 48.",rohanmistry231/CSE-Aptitude-Test-Practice-Hub,05 Abstract Reasoning (Non-Verbal Reasoning)/03 Advance/README.md
abstract-reasoning-advanced-matrix-pattern-questions-0071,abstract-reasoning,Abstract Reasoning (Non-Verbal Reasoning),Matrix Pattern Questions,advanced,"Matrix: [Star Red, Circle Blue, Square Green; Circle Blue, Square Green, Star Red; Square Green, Star Red, __]. What is the missing shape?",Circle Blue | None of the above | Both Circle Blue... and alternative | Insufficient data,Circle Blue,Each column shifts down: Star Red → Circle Blue → Square Green; Circle Blue → Square Green → Star Red; Square Green → Star Red → Circle Blue.,rohanmistry231/CSE-Aptitude-Test-Practice-Hub,05 Abstract Reasoning (Non-Verbal Reasoning)/03 Advance/README.md
abstract-reasoning-advanced-matrix-pattern-questions-0072,abstract-reasoning,Abstract Reasoning (Non-Verbal Reasoning),Matrix Pattern Questions,advanced,"Matrix: [2, 10, 28; 3, 15, 42; 4, 20, __]. What is the missing number?",56 | 61 | 53 | 112,56,"Each row: 2 × 1, 2 × 5, 2 × 14; 3 × 1, 3 × 5, 3 × 14; 4 × 1, 4 × 5, 4 × 14. Next: 4 × 14 = 56.",rohanmistry231/CSE-Aptitude-Test-Practice-Hub,05 Abstract Reasoning (Non-Verbal Reasoning)/03 Advance/README.md
abstract-reasoning-advanced-matrix-pattern-questions-0073,abstract-reasoning,Abstract Reasoning (Non-Verbal Reasoning),Matrix Pattern Questions,advanced,"Matrix: [1, 6, 18; 2, 8, 22; 3, 10, __]. What is the missing number?",26 | 31 | 23 | 52,26,"Columns: 1, 2, 3 (+1); 6, 8, 10 (+2); 18, 22, x (+4). Next: 22 + 4 = 26.",rohanmistry231/CSE-Aptitude-Test-Practice-Hub,05 Abstract Reasoning (Non-Verbal Reasoning)/03 Advance/README.md
abstract-reasoning-advanced-matrix-pattern-questions-0074,abstract-reasoning,Abstract Reasoning (Non-Verbal Reasoning),Matrix Pattern Questions,advanced,"Matrix: [Red Filled, Green Empty, Blue Half; Green Empty, Blue Half, Red Filled; Blue Half, Red Filled, __]. What is the missing state?",Green Empty | None of the above | Both Green Empty... and alternative | Insufficient data,Green Empty,Each column shifts down: Red Filled → Green Empty → Blue Half; Green Empty → Blue Half → Red Filled; Blue Half → Red Filled → Green Empty.,rohanmistry231/CSE-Aptitude-Test-Practice-Hub,05 Abstract Reasoning (Non-Verbal Reasoning)/03 Advance/README.md
abstract-reasoning-advanced-matrix-pattern-questions-0075,abstract-reasoning,Abstract Reasoning (Non-Verbal Reasoning),Matrix Pattern Questions,advanced,"Matrix: [4, 20, 56; 5, 25, 70; 6, 30, __]. What is the missing number?",84 | 89 | 81 | 168,84,"Each row: 4 × 1, 4 × 5, 4 × 14; 5 × 1, 5 × 5, 5 × 14; 6 × 1, 6 × 5, 6 × 14. Next: 6 × 14 = 84.",rohanmistry231/CSE-Aptitude-Test-Practice-Hub,05 Abstract Reasoning (Non-Verbal Reasoning)/03 Advance/README.md
abstract-reasoning-advanced-matrix-pattern-questions-0076,abstract-reasoning,Abstract Reasoning (Non-Verbal Reasoning),Matrix Pattern Questions,advanced,"Matrix: [1, 5, 17; 2, 8, 23; 3, 11, __]. What is the missing number?",29 | 34 | 26 | 58,29,"Columns: 1, 2, 3 (+1); 5, 8, 11 (+3); 17, 23, x (+6). Next: 23 + 6 = 29.",rohanmistry231/CSE-Aptitude-Test-Practice-Hub,05 Abstract Reasoning (Non-Verbal Reasoning)/03 Advance/README.md
abstract-reasoning-advanced-matrix-pattern-questions-0077,abstract-reasoning,Abstract Reasoning (Non-Verbal Reasoning),Matrix Pattern Questions,advanced,"Matrix: [2, 12, 36; 3, 18, 54; 4, 24, __]. What is the missing number?",72 | 77 | 69 | 144,72,"Each row: 2 × 1, 2 × 6, 2 × 18; 3 × 1, 3 × 6, 3 × 18; 4 × 1, 4 × 6, 4 × 18. Next: 4 × 18 = 72.",rohanmistry231/CSE-Aptitude-Test-Practice-Hub,05 Abstract Reasoning (Non-Verbal Reasoning)/03 Advance/README.md
abstract-reasoning-advanced-matrix-pattern-questions-0078,abstract-reasoning,Abstract Reasoning (Non-Verbal Reasoning),Matrix Pattern Questions,advanced,"Matrix: [Filled Star, Empty Circle, Half Square; Empty Circle, Half Square, Filled Star; Half Square, Filled Star, __]. What is the missing shape?",Empty Circle | None of the above | Both Empty Circle... and alternative | Insufficient data,Empty Circle,Each column shifts down: Star → Circle → Square; Circle → Square → Star; Square → Star → Circle.,rohanmistry231/CSE-Aptitude-Test-Practice-Hub,05 Abstract Reasoning (Non-Verbal Reasoning)/03 Advance/README.md
abstract-reasoning-advanced-matrix-pattern-questions-0079,abstract-reasoning,Abstract Reasoning (Non-Verbal Reasoning),Matrix Pattern Questions,advanced,"Matrix: [3, 15, 45; 4, 20, 60; 5, 25, __]. What is the missing number?",75 | 80 | 72 | 150,75,"Each row: 3 × 1, 3 × 5, 3 × 15; 4 × 1, 4 × 5, 4 × 15; 5 × 1, 5 × 5, 5 × 15. Next: 5 × 15 = 75.",rohanmistry231/CSE-Aptitude-Test-Practice-Hub,05 Abstract Reasoning (Non-Verbal Reasoning)/03 Advance/README.md
abstract-reasoning-advanced-matrix-pattern-questions-0080,abstract-reasoning,Abstract Reasoning (Non-Verbal Reasoning),Matrix Pattern Questions,advanced,"Matrix: [1, 7, 22; 2, 10, 28; 3, 13, __]. What is the missing number?",34 | 39 | 31 | 68,34,"Columns: 1, 2, 3 (+1); 7, 10, 13 (+3); 22, 28, x (+6). Next: 28 + 6 = 34.",rohanmistry231/CSE-Aptitude-Test-Practice-Hub,05 Abstract Reasoning (Non-Verbal Reasoning)/03 Advance/README.md
abstract-reasoning-advanced-odd-one-out-questions-0081,abstract-reasoning,Abstract Reasoning (Non-Verbal Reasoning),Odd One Out Questions,advanced,"Which is the odd one out: 3, 12, 30, 66, 132, 242?",242 | 247 | 239 | 484,242,"Differences: 9, 18, 36, 66, 110. Second differences: 9, 18, 30, 44. 242 breaks the pattern.",rohanmistry231/CSE-Aptitude-Test-Practice-Hub,05 Abstract Reasoning (Non-Verbal Reasoning)/03 Advance/README.md
abstract-reasoning-advanced-odd-one-out-questions-0082,abstract-reasoning,Abstract Reasoning (Non-Verbal Reasoning),Odd One Out Questions,advanced,"Which is the odd one out: Circle (Red Filled), Square (Blue Empty), Triangle (Green Half), Pentagon (Red Filled), Star (Blue Half)?",Star | None of the above | Both Star... and alternative | Insufficient data,Star,"Circle, Square, Triangle, Pentagon are polygons. Star is not.",rohanmistry231/CSE-Aptitude-Test-Practice-Hub,05 Abstract Reasoning (Non-Verbal Reasoning)/03 Advance/README.md
abstract-reasoning-advanced-odd-one-out-questions-0083,abstract-reasoning,Abstract Reasoning (Non-Verbal Reasoning),Odd One Out Questions,advanced,"Which is the odd one out: 2, 7, 17, 37, 77, 152?",152 | 157 | 149 | 304,152,"Differences: 5, 10, 20, 40, 75. 152 breaks the doubling pattern.",rohanmistry231/CSE-Aptitude-Test-Practice-Hub,05 Abstract Reasoning (Non-Verbal Reasoning)/03 Advance/README.md
abstract-reasoning-advanced-odd-one-out-questions-0084,abstract-reasoning,Abstract Reasoning (Non-Verbal Reasoning),Odd One Out Questions,advanced,"Which is the odd one out: Filled Circle (Red), Empty Square (Blue), Half Triangle (Green), Filled Pentagon (Yellow), Empty Star (Red)?",Empty Star | None of the above | Both Empty Star... and alternative | Insufficient data,Empty Star,Star is not a polygon; others are.,rohanmistry231/CSE-Aptitude-Test-Practice-Hub,05 Abstract Reasoning (Non-Verbal Reasoning)/03 Advance/README.md
abstract-reasoning-advanced-odd-one-out-questions-0085,abstract-reasoning,Abstract Reasoning (Non-Verbal Reasoning),Odd One Out Questions,advanced,"Which is the odd one out: 4, 12, 30, 66, 132, 264?","None (all fit, but 4 is smallest) | None (all fit, but 6 is smallest) | None (all fit, but 1 is smallest) | None (all fit, but 8 is smallest)","None (all fit, but 4 is smallest)","Differences: 8, 18, 36, 66, 132. Second differences: 10, 18, 30, 66. 264 fits. Recompute: 264 is correct.",rohanmistry231/CSE-Aptitude-Test-Practice-Hub,05 Abstract Reasoning (Non-Verbal Reasoning)/03 Advance/README.md
abstract-reasoning-advanced-odd-one-out-questions-0086,abstract-reasoning,Abstract Reasoning (Non-Verbal Reasoning),Odd One Out Questions,advanced,"Which is the odd one out: Star (Filled Red), Circle (Empty Blue), Square (Half Green), Triangle (Filled Yellow), Pentagon (Empty Red)?",Star | None of the above | Both Star... and alternative | Insufficient data,Star,Star is not a polygon; others are.,rohanmistry231/CSE-Aptitude-Test-Practice-Hub,05 Abstract Reasoning (Non-Verbal Reasoning)/03 Advance/README.md
abstract-reasoning-advanced-odd-one-out-questions-0087,abstract-reasoning,Abstract Reasoning (Non-Verbal Reasoning),Odd One Out Questions,advanced,"Which is the odd one out: 1, 5, 16, 44, 104, 224, 464?",464 | 469 | 461 | 928,464,"Differences: 4, 11, 28, 60, 120, 240. Second differences deviate at 464.",rohanmistry231/CSE-Aptitude-Test-Practice-Hub,05 Abstract Reasoning (Non-Verbal Reasoning)/03 Advance/README.md
abstract-reasoning-advanced-odd-one-out-questions-0088,abstract-reasoning,Abstract Reasoning (Non-Verbal Reasoning),Odd One Out Questions,advanced,"Which is the odd one out: Red Filled, Blue Empty, Green Half, Yellow Filled, Circle Empty?",Circle Empty | None of the above | Both Circle Empty... and alternative | Insufficient data,Circle Empty,Circle Empty is a shape; others are color/state.,rohanmistry231/CSE-Aptitude-Test-Practice-Hub,05 Abstract Reasoning (Non-Verbal Reasoning)/03 Advance/README.md
abstract-reasoning-advanced-odd-one-out-questions-0089,abstract-reasoning,Abstract Reasoning (Non-Verbal Reasoning),Odd One Out Questions,advanced,"Which is the odd one out: 2, 5, 13, 35, 94, 248, 650?",650 | 655 | 647 | 1300,650,"Each follows: ×3 - 1, ×3 - 2, etc. 650 ≠ 248 × 3 - 94.",rohanmistry231/CSE-Aptitude-Test-Practice-Hub,05 Abstract Reasoning (Non-Verbal Reasoning)/03 Advance/README.md
abstract-reasoning-advanced-odd-one-out-questions-0090,abstract-reasoning,Abstract Reasoning (Non-Verbal Reasoning),Odd One Out Questions,advanced,"Which is the odd one out: Triangle (3 Red), Square (4 Blue), Pentagon (5 Green), Circle (0 Yellow), Hexagon (6 Red)?",Circle | None of the above | Both Circle... and alternative | Insufficient data,Circle,Circle has 0 sides; others are polygons.,rohanmistry231/CSE-Aptitude-Test-Practice-Hub,05 Abstract Reasoning (Non-Verbal Reasoning)/03 Advance/README.md
abstract-reasoning-advanced-odd-one-out-questions-0091,abstract-reasoning,Abstract Reasoning (Non-Verbal Reasoning),Odd One Out Questions,advanced,"Which is the odd one out: 3, 9, 22, 46, 88, 158, 272?",None | None of the above | Both None... and alternative | Insufficient data,None,All fit pattern. No odd one out.,rohanmistry231/CSE-Aptitude-Test-Practice-Hub,05 Abstract Reasoning (Non-Verbal Reasoning)/03 Advance/README.md
abstract-reasoning-advanced-odd-one-out-questions-0092,abstract-reasoning,Abstract Reasoning (Non-Verbal Reasoning),Odd One Out Questions,advanced,"Which is the odd one out: Blue Circle (Filled), Red Square (Empty), Green Triangle (Half), Yellow Pentagon (Filled), Star (Red Empty)?",Star | None of the above | Both Star... and alternative | Insufficient data,Star,Star is not a polygon.,rohanmistry231/CSE-Aptitude-Test-Practice-Hub,05 Abstract Reasoning (Non-Verbal Reasoning)/03 Advance/README.md
abstract-reasoning-advanced-odd-one-out-questions-0093,abstract-reasoning,Abstract Reasoning (Non-Verbal Reasoning),Odd One Out Questions,advanced,"Which is the odd one out: 5, 15, 35, 65, 105, 155, 205?",205 | 210 | 202 | 410,205,"Differences: 10, 20, 30, 40, 50, 50. 205 breaks +10 pattern.",rohanmistry231/CSE-Aptitude-Test-Practice-Hub,05 Abstract Reasoning (Non-Verbal Reasoning)/03 Advance/README.md
abstract-reasoning-advanced-odd-one-out-questions-0094,abstract-reasoning,Abstract Reasoning (Non-Verbal Reasoning),Odd One Out Questions,advanced,"Which is the odd one out: Pentagon (Red Filled), Hexagon (Blue Empty), Heptagon (Green Half), Octagon (Yellow Filled), Circle (Red Empty)?",Circle | None of the above | Both Circle... and alternative | Insufficient data,Circle,Circle is not a polygon.,rohanmistry231/CSE-Aptitude-Test-Practice-Hub,05 Abstract Reasoning (Non-Verbal Reasoning)/03 Advance/README.md
abstract-reasoning-advanced-odd-one-out-questions-0095,abstract-reasoning,Abstract Reasoning (Non-Verbal Reasoning),Odd One Out Questions,advanced,"Which is the odd one out: 2, 4, 11, 29, 74, 182, 446?",446 | 451 | 443 | 892,446,446 ≠ 182 × 3 - 104.,rohanmistry231/CSE-Aptitude-Test-Practice-Hub,05 Abstract Reasoning (Non-Verbal Reasoning)/03 Advance/README.md
abstract-reasoning-advanced-odd-one-out-questions-0096,abstract-reasoning,Abstract Reasoning (Non-Verbal Reasoning),Odd One Out Questions,advanced,"Which is the odd one out: Filled Star (Red), Empty Circle (Blue), Half Square (Green), Filled Triangle (Yellow), Empty Pentagon (Green)?",Star | None of the above | Both Star... and alternative | Insufficient data,Star,Star is not a polygon.,rohanmistry231/CSE-Aptitude-Test-Practice-Hub,05 Abstract Reasoning (Non-Verbal Reasoning)/03 Advance/README.md
abstract-reasoning-advanced-odd-one-out-questions-0097,abstract-reasoning,Abstract Reasoning (Non-Verbal Reasoning),Odd One Out Questions,advanced,"Which is the odd one out: 1, 4, 12, 36, 108, 324, 970?",970 | 975 | 967 | 1940,970,970 ≠ 324 × 3.,rohanmistry231/CSE-Aptitude-Test-Practice-Hub,05 Abstract Reasoning (Non-Verbal Reasoning)/03 Advance/README.md
abstract-reasoning-advanced-odd-one-out-questions-0098,abstract-reasoning,Abstract Reasoning (Non-Verbal Reasoning),Odd One Out Questions,advanced,"Which is the odd one out: Red Filled Circle, Blue Empty Square, Green Half Triangle, Yellow Filled Pentagon, Green Empty Star?",Star | None of the above | Both Star... and alternative | Insufficient data,Star,Star is not a polygon.,rohanmistry231/CSE-Aptitude-Test-Practice-Hub,05 Abstract Reasoning (Non-Verbal Reasoning)/03 Advance/README.md
abstract-reasoning-advanced-odd-one-out-questions-0099,abstract-reasoning,Abstract Reasoning (Non-Verbal Reasoning),Odd One Out Questions,advanced,"Which is the odd one out: 3, 8, 22, 60, 164, 446, 1204?",1204 | 1209 | 1201 | 2408,1204,1204 ≠ 446 × 3 - 136.,rohanmistry231/CSE-Aptitude-Test-Practice-Hub,05 Abstract Reasoning (Non-Verbal Reasoning)/03 Advance/README.md
abstract-reasoning-advanced-odd-one-out-questions-0100,abstract-reasoning,Abstract Reasoning (Non-Verbal Reasoning),Odd One Out Questions,advanced,"Which is the odd one out: Square (Red Filled), Triangle (Blue Empty), Pentagon (Green Half), Hexagon (Yellow Filled), Star (Red Half)?",Star | None of the above | Both Star... and alternative | Insufficient data,Star,Star is not a polygon.,rohanmistry231/CSE-Aptitude-Test-Practice-Hub,05 Abstract Reasoning (Non-Verbal Reasoning)/03 Advance/README.md
computer-fundamentals-basic-programming-fundamentals-0001,computer-fundamentals,Technical Aptitude (Basic Programming and AIML Concepts),Programming Fundamentals,basic,"What is the output of this C code: `int x = 5; printf(""%d"", x++);`?",5 | 7 | 2 | 10,5,"`x++` is post-increment, so `printf` uses the current value of `x` (5), then increments `x` to 6.",rohanmistry231/CSE-Aptitude-Test-Practice-Hub,06 Technical Aptitude (Basic Programming and AIML Concepts)/01 Basic/README.md
computer-fundamentals-basic-programming-fundamentals-0002,computer-fundamentals,Technical Aptitude (Basic Programming and AIML Concepts),Programming Fundamentals,basic,"In Python, what is the output of: `print(3 * ""hello"")`?",hellohellohello | None of the above | Both hellohellohello... and alternative | Insufficient data,hellohellohello,"String repetition in Python multiplies the string: `3 * ""hello""` produces `""hellohellohello""`.",rohanmistry231/CSE-Aptitude-Test-Practice-Hub,06 Technical Aptitude (Basic Programming and AIML Concepts)/01 Basic/README.md
computer-fundamentals-basic-programming-fundamentals-0003,computer-fundamentals,Technical Aptitude (Basic Programming and AIML Concepts),Programming Fundamentals,basic,What is the value of `x` after this Java code: `int x = 10; x += 5;`?,15 | 20 | 12 | 30,15,"`x += 5` is equivalent to `x = x + 5`. So, `x = 10 + 5 = 15`.",rohanmistry231/CSE-Aptitude-Test-Practice-Hub,06 Technical Aptitude (Basic Programming and AIML Concepts)/01 Basic/README.md
computer-fundamentals-basic-programming-fundamentals-0004,computer-fundamentals,Technical Aptitude (Basic Programming and AIML Concepts),Programming Fundamentals,basic,"In C++, what is the output of: `int a = 3, b = 4; cout << a + b;`?",7 | 12 | 4 | 14,7,`a + b = 3 + 4 = 7`. `cout` prints `7`.,rohanmistry231/CSE-Aptitude-Test-Practice-Hub,06 Technical Aptitude (Basic Programming and AIML Concepts)/01 Basic/README.md
computer-fundamentals-basic-programming-fundamentals-0005,computer-fundamentals,Technical Aptitude (Basic Programming and AIML Concepts),Programming Fundamentals,basic,"What does this Python code do: `x = [1, 2, 3]; x.append(4)`?",Adds 4 to the list | Adds 6 to the list | Adds 1 to the list | Adds 8 to the list,Adds 4 to the list,"`append(4)` adds `4` to the end of the list `x`. New list: `[1, 2, 3, 4]`.",rohanmistry231/CSE-Aptitude-Test-Practice-Hub,06 Technical Aptitude (Basic Programming and AIML Concepts)/01 Basic/README.md
computer-fundamentals-basic-programming-fundamentals-0006,computer-fundamentals,Technical Aptitude (Basic Programming and AIML Concepts),Programming Fundamentals,basic,"In C, what is the output of: `int x = 8; printf(""%d"", x >> 1);`?",4 | 6 | 1 | 8,4,`x >> 1` performs a right shift. `8` (binary `1000`) shifts to `0100` (4).,rohanmistry231/CSE-Aptitude-Test-Practice-Hub,06 Technical Aptitude (Basic Programming and AIML Concepts)/01 Basic/README.md
computer-fundamentals-basic-programming-fundamentals-0007,computer-fundamentals,Technical Aptitude (Basic Programming and AIML Concepts),Programming Fundamentals,basic,"In Java, what is the output of: `boolean x = true; System.out.println(!x);`?",false | None of the above | Both false... and alternative | Insufficient data,false,`!x` negates `true` to `false`.,rohanmistry231/CSE-Aptitude-Test-Practice-Hub,06 Technical Aptitude (Basic Programming and AIML Concepts)/01 Basic/README.md
computer-fundamentals-basic-programming-fundamentals-0008,computer-fundamentals,Technical Aptitude (Basic Programming and AIML Concepts),Programming Fundamentals,basic,What is the output of this Python code: `x = 10; y = 3; print(x // y)`?,3 | 5 | 1 | 6,3,`//` is floor division: `10 // 3 = 3` (quotient without remainder).,rohanmistry231/CSE-Aptitude-Test-Practice-Hub,06 Technical Aptitude (Basic Programming and AIML Concepts)/01 Basic/README.md
computer-fundamentals-basic-programming-fundamentals-0009,computer-fundamentals,Technical Aptitude (Basic Programming and AIML Concepts),Programming Fundamentals,basic,"In C++, what is the output of: `int x = 5; if(x > 3) cout << ""Yes""; else cout << ""No"";`?",Yes | None of the above | Both Yes... and alternative | Insufficient data,Yes,"`x = 5 > 3`, so `if` condition is true. Prints `Yes`.",rohanmistry231/CSE-Aptitude-Test-Practice-Hub,06 Technical Aptitude (Basic Programming and AIML Concepts)/01 Basic/README.md
computer-fundamentals-basic-programming-fundamentals-0010,computer-fundamentals,Technical Aptitude (Basic Programming and AIML Concepts),Programming Fundamentals,basic,"In Python, what is the output of: `for i in range(3): print(i)`?",0 1 2 | 2 1 2 | 1 1 2 | 30 1 2,0 1 2,"`range(3)` generates `0, 1, 2`. Loop prints each value.",rohanmistry231/CSE-Aptitude-Test-Practice-Hub,06 Technical Aptitude (Basic Programming and AIML Concepts)/01 Basic/README.md
computer-fundamentals-basic-programming-fundamentals-0011,computer-fundamentals,Technical Aptitude (Basic Programming and AIML Concepts),Programming Fundamentals,basic,"In C, what is the output of: `int x = 3; printf(""%d"", x & 1);`?",1 | 3 | 2 | 31,1,`x & 1` performs bitwise AND. `3` (binary `11`) AND `1` (binary `01`) = `01` (1).,rohanmistry231/CSE-Aptitude-Test-Practice-Hub,06 Technical Aptitude (Basic Programming and AIML Concepts)/01 Basic/README.md
computer-fundamentals-basic-programming-fundamentals-0012,computer-fundamentals,Technical Aptitude (Basic Programming and AIML Concepts),Programming Fundamentals,basic,"In Java, what is the output of: `int x = 7; System.out.println(x % 2);`?",1 | 3 | 2 | 31,1,`%` is modulus: `7 % 2 = 1` (remainder).,rohanmistry231/CSE-Aptitude-Test-Practice-Hub,06 Technical Aptitude (Basic Programming and AIML Concepts)/01 Basic/README.md
computer-fundamentals-basic-programming-fundamentals-0013,computer-fundamentals,Technical Aptitude (Basic Programming and AIML Concepts),Programming Fundamentals,basic,"In Python, what is the output of: `x = [1, 2]; x.pop(0); print(x)`?",[2] | [4] | [1] | [32],[2],`pop(0)` removes the element at index `0` (1). New list: `[2]`.,rohanmistry231/CSE-Aptitude-Test-Practice-Hub,06 Technical Aptitude (Basic Programming and AIML Concepts)/01 Basic/README.md
computer-fundamentals-basic-programming-fundamentals-0014,computer-fundamentals,Technical Aptitude (Basic Programming and AIML Concepts),Programming Fundamentals,basic,"In C++, what is the output of: `int x = 4; cout << ++x;`?",5 | 7 | 2 | 10,5,"`++x` is pre-increment, so `x` becomes `5`, and `5` is printed.",rohanmistry231/CSE-Aptitude-Test-Practice-Hub,06 Technical Aptitude (Basic Programming and AIML Concepts)/01 Basic/README.md
computer-fundamentals-basic-programming-fundamentals-0015,computer-fundamentals,Technical Aptitude (Basic Programming and AIML Concepts),Programming Fundamentals,basic,"In C, what is the output of: `int x = 5; printf(""%d"", x | 2);`?",7 | 12 | 4 | 14,7,`x | 2` performs bitwise OR. `5` (binary `101`) OR `2` (binary `010`) = `111` (7).,rohanmistry231/CSE-Aptitude-Test-Practice-Hub,06 Technical Aptitude (Basic Programming and AIML Concepts)/01 Basic/README.md
computer-fundamentals-basic-programming-fundamentals-0016,computer-fundamentals,Technical Aptitude (Basic Programming and AIML Concepts),Programming Fundamentals,basic,"In Python, what is the output of: `x = {1, 2, 2}; print(len(x))`?",2 | 4 | 1 | 32,2,"Sets remove duplicates: `{1, 2, 2}` becomes `{1, 2}`. `len` returns `2`.",rohanmistry231/CSE-Aptitude-Test-Practice-Hub,06 Technical Aptitude (Basic Programming and AIML Concepts)/01 Basic/README.md
computer-fundamentals-basic-programming-fundamentals-0017,computer-fundamentals,Technical Aptitude (Basic Programming and AIML Concepts),Programming Fundamentals,basic,"In Java, what is the output of: `String s = ""Hello""; System.out.println(s.length());`?",5 | 7 | 2 | 10,5,"`length()` returns the number of characters in `""Hello""`, which is `5`.",rohanmistry231/CSE-Aptitude-Test-Practice-Hub,06 Technical Aptitude (Basic Programming and AIML Concepts)/01 Basic/README.md
computer-fundamentals-basic-programming-fundamentals-0018,computer-fundamentals,Technical Aptitude (Basic Programming and AIML Concepts),Programming Fundamentals,basic,"In C++, what is the output of: `int x = 10; while(x > 8) { cout << x << "" ""; x--; }`?",10 9 | 15 9 | 7 9 | 20 9,10 9,"Loop runs while `x > 8`: prints `10`, then `9`.",rohanmistry231/CSE-Aptitude-Test-Practice-Hub,06 Technical Aptitude (Basic Programming and AIML Concepts)/01 Basic/README.md
computer-fundamentals-basic-programming-fundamentals-0019,computer-fundamentals,Technical Aptitude (Basic Programming and AIML Concepts),Programming Fundamentals,basic,"In Python, what is the output of: `x = 5; print(x ** 2)`?",25 | 30 | 22 | 50,25,`**` is exponentiation: `5 ** 2 = 25`.,rohanmistry231/CSE-Aptitude-Test-Practice-Hub,06 Technical Aptitude (Basic Programming and AIML Concepts)/01 Basic/README.md
computer-fundamentals-basic-programming-fundamentals-0020,computer-fundamentals,Technical Aptitude (Basic Programming and AIML Concepts),Programming Fundamentals,basic,"In C, what is the output of: `int x = 6; printf(""%d"", x ^ 3);`?",5 | 7 | 2 | 10,5,`x ^ 3` performs bitwise XOR. `6` (binary `110`) XOR `3` (binary `011`) = `101` (5).,rohanmistry231/CSE-Aptitude-Test-Practice-Hub,06 Technical Aptitude (Basic Programming and AIML Concepts)/01 Basic/README.md
computer-fundamentals-basic-data-structures-0021,computer-fundamentals,Technical Aptitude (Basic Programming and AIML Concepts),Data Structures,basic,What is the time complexity of accessing an element in an array?,O(1) | O(3) | O(2) | O(31),O(1),"Arrays allow direct index-based access, which is constant time.",rohanmistry231/CSE-Aptitude-Test-Practice-Hub,06 Technical Aptitude (Basic Programming and AIML Concepts)/01 Basic/README.md
computer-fundamentals-basic-data-structures-0022,computer-fundamentals,Technical Aptitude (Basic Programming and AIML Concepts),Data Structures,basic,"In a singly linked list, what is the time complexity to insert a node at the beginning?",O(1) | O(3) | O(2) | O(31),O(1),"Inserting at the head updates the head pointer, which is constant time.",rohanmistry231/CSE-Aptitude-Test-Practice-Hub,06 Technical Aptitude (Basic Programming and AIML Concepts)/01 Basic/README.md
computer-fundamentals-basic-data-structures-0023,computer-fundamentals,Technical Aptitude (Basic Programming and AIML Concepts),Data Structures,basic,What is the output of this Python code for a stack: `s = []; s.append(1); s.append(2); s.pop(); print(s)`?,[1] | [3] | [2] | [31],[1],"Stack (LIFO): `append` adds `1`, `2`. `pop` removes `2`. Stack: `[1]`.",rohanmistry231/CSE-Aptitude-Test-Practice-Hub,06 Technical Aptitude (Basic Programming and AIML Concepts)/01 Basic/README.md
computer-fundamentals-basic-data-structures-0024,computer-fundamentals,Technical Aptitude (Basic Programming and AIML Concepts),Data Structures,basic,"In a queue, what is the order of elements after: enqueue(1), enqueue(2), dequeue(), enqueue(3)?","2, 3 | 4, 3 | 1, 3 | 32, 3","2, 3","Queue (FIFO): Enqueue `1`, `2`. Dequeue removes `1`. Enqueue `3`. Queue: `2, 3`.",rohanmistry231/CSE-Aptitude-Test-Practice-Hub,06 Technical Aptitude (Basic Programming and AIML Concepts)/01 Basic/README.md
computer-fundamentals-basic-data-structures-0025,computer-fundamentals,Technical Aptitude (Basic Programming and AIML Concepts),Data Structures,basic,What is the time complexity of searching an element in an unsorted array of size n?,O(n) | None of the above | Both O(n)... and alternative | Insufficient data,O(n),"Linear search checks each element, worst case n checks.",rohanmistry231/CSE-Aptitude-Test-Practice-Hub,06 Technical Aptitude (Basic Programming and AIML Concepts)/01 Basic/README.md
computer-fundamentals-basic-data-structures-0026,computer-fundamentals,Technical Aptitude (Basic Programming and AIML Concepts),Data Structures,basic,"In a binary tree, what is the maximum number of nodes at level k (root at level 0)?",2^k | 4^k | 1^k | 32^k,2^k,"At level k, maximum nodes = 2^k.",rohanmistry231/CSE-Aptitude-Test-Practice-Hub,06 Technical Aptitude (Basic Programming and AIML Concepts)/01 Basic/README.md
computer-fundamentals-basic-data-structures-0027,computer-fundamentals,Technical Aptitude (Basic Programming and AIML Concepts),Data Structures,basic,"What is the output of this Python code for a list: `x = [1, 2, 3]; x.insert(1, 4); print(x)`?","[1, 4, 2, 3] | [3, 4, 2, 3] | [2, 4, 2, 3] | [31, 4, 2, 3]","[1, 4, 2, 3]","`insert(1, 4)` adds `4` at index `1`. New list: `[1, 4, 2, 3]`.",rohanmistry231/CSE-Aptitude-Test-Practice-Hub,06 Technical Aptitude (Basic Programming and AIML Concepts)/01 Basic/README.md
computer-fundamentals-basic-data-structures-0028,computer-fundamentals,Technical Aptitude (Basic Programming and AIML Concepts),Data Structures,basic,What is the time complexity of inserting an element at the end of a dynamic array (amortized)?,O(1) | O(3) | O(2) | O(31),O(1),"Appending to a dynamic array is O(1) amortized, as resizing is rare.",rohanmistry231/CSE-Aptitude-Test-Practice-Hub,06 Technical Aptitude (Basic Programming and AIML Concepts)/01 Basic/README.md
computer-fundamentals-basic-data-structures-0029,computer-fundamentals,Technical Aptitude (Basic Programming and AIML Concepts),Data Structures,basic,"In a circular queue with size 5, after enqueue(1, 2, 3), dequeue(), enqueue(4), what is the front element?",2 | 4 | 1 | 32,2,"Enqueue `1, 2, 3`. Dequeue removes `1`. Enqueue `4`. Front: `2`.",rohanmistry231/CSE-Aptitude-Test-Practice-Hub,06 Technical Aptitude (Basic Programming and AIML Concepts)/01 Basic/README.md
computer-fundamentals-basic-data-structures-0030,computer-fundamentals,Technical Aptitude (Basic Programming and AIML Concepts),Data Structures,basic,What is the height of a binary tree with 7 nodes in a balanced configuration?,2 | 4 | 1 | 32,2,"Balanced binary tree: height = ⌊log₂(7)⌋ = 2 (levels 0, 1, 2).",rohanmistry231/CSE-Aptitude-Test-Practice-Hub,06 Technical Aptitude (Basic Programming and AIML Concepts)/01 Basic/README.md
computer-fundamentals-basic-data-structures-0031,computer-fundamentals,Technical Aptitude (Basic Programming and AIML Concepts),Data Structures,basic,"In Python, what is the output of: `d = {1: 'a', 2: 'b'}; print(d[1])`?",a | None of the above | Both a... and alternative | Insufficient data,a,Dictionary access by key: `d[1]` returns `'a'`.,rohanmistry231/CSE-Aptitude-Test-Practice-Hub,06 Technical Aptitude (Basic Programming and AIML Concepts)/01 Basic/README.md
computer-fundamentals-basic-data-structures-0032,computer-fundamentals,Technical Aptitude (Basic Programming and AIML Concepts),Data Structures,basic,What is the time complexity of deleting the last node in a singly linked list with n nodes?,O(n) | None of the above | Both O(n)... and alternative | Insufficient data,O(n),Traverse to the second-to-last node to update the pointer: O(n).,rohanmistry231/CSE-Aptitude-Test-Practice-Hub,06 Technical Aptitude (Basic Programming and AIML Concepts)/01 Basic/README.md
computer-fundamentals-basic-data-structures-0033,computer-fundamentals,Technical Aptitude (Basic Programming and AIML Concepts),Data Structures,basic,"In a stack, after push(1), push(2), pop(), push(3), what is the top element?",3 | 5 | 1 | 6,3,"Stack (LIFO): Push `1`, `2`. Pop removes `2`. Push `3`. Top: `3`.",rohanmistry231/CSE-Aptitude-Test-Practice-Hub,06 Technical Aptitude (Basic Programming and AIML Concepts)/01 Basic/README.md
computer-fundamentals-basic-data-structures-0034,computer-fundamentals,Technical Aptitude (Basic Programming and AIML Concepts),Data Structures,basic,What is the time complexity of searching in a binary search tree with n nodes (balanced)?,O(log n) | None of the above | Both O(log n)... and alternative | Insufficient data,O(log n),"Balanced BST search follows height, which is O(log n).",rohanmistry231/CSE-Aptitude-Test-Practice-Hub,06 Technical Aptitude (Basic Programming and AIML Concepts)/01 Basic/README.md
computer-fundamentals-basic-data-structures-0035,computer-fundamentals,Technical Aptitude (Basic Programming and AIML Concepts),Data Structures,basic,"In Python, what is the output of: `s = {1, 2, 3}; s.add(4); print(s)`?","{1, 2, 3, 4} | {3, 2, 3, 4} | {2, 2, 3, 4} | {31, 2, 3, 4}","{1, 2, 3, 4}","`add(4)` adds `4` to the set. New set: `{1, 2, 3, 4}`.",rohanmistry231/CSE-Aptitude-Test-Practice-Hub,06 Technical Aptitude (Basic Programming and AIML Concepts)/01 Basic/README.md
computer-fundamentals-basic-data-structures-0036,computer-fundamentals,Technical Aptitude (Basic Programming and AIML Concepts),Data Structures,basic,What is the space complexity of storing a binary tree with n nodes?,O(n) | None of the above | Both O(n)... and alternative | Insufficient data,O(n),"Each node stores data and two pointers, total O(n) space.",rohanmistry231/CSE-Aptitude-Test-Practice-Hub,06 Technical Aptitude (Basic Programming and AIML Concepts)/01 Basic/README.md
computer-fundamentals-basic-data-structures-0037,computer-fundamentals,Technical Aptitude (Basic Programming and AIML Concepts),Data Structures,basic,"In a queue, after enqueue(1, 2), dequeue(), enqueue(3, 4), dequeue(), what is the front element?",3 | 5 | 1 | 6,3,"Enqueue `1, 2`. Dequeue removes `1`. Enqueue `3, 4`. Dequeue removes `2`. Front: `3`.",rohanmistry231/CSE-Aptitude-Test-Practice-Hub,06 Technical Aptitude (Basic Programming and AIML Concepts)/01 Basic/README.md
computer-fundamentals-basic-data-structures-0038,computer-fundamentals,Technical Aptitude (Basic Programming and AIML Concepts),Data Structures,basic,What is the time complexity of inserting a key into a hash table (average case)?,O(1) | O(3) | O(2) | O(31),O(1),Average case with good hash function: O(1) for insertion.,rohanmistry231/CSE-Aptitude-Test-Practice-Hub,06 Technical Aptitude (Basic Programming and AIML Concepts)/01 Basic/README.md
computer-fundamentals-basic-data-structures-0039,computer-fundamentals,Technical Aptitude (Basic Programming and AIML Concepts),Data Structures,basic,"In Python, what is the output of: `x = [1, 2, 3]; x.remove(2); print(x)`?","[1, 3] | [3, 3] | [2, 3] | [31, 3]","[1, 3]","`remove(2)` deletes the first occurrence of `2`. New list: `[1, 3]`.",rohanmistry231/CSE-Aptitude-Test-Practice-Hub,06 Technical Aptitude (Basic Programming and AIML Concepts)/01 Basic/README.md
computer-fundamentals-basic-data-structures-0040,computer-fundamentals,Technical Aptitude (Basic Programming and AIML Concepts),Data Structures,basic,What is the maximum number of nodes in a binary tree of height h?,2^(h+1) - 1 | 4^(h+1) - 1 | 1^(h+1) - 1 | 32^(h+1) - 1,2^(h+1) - 1,Maximum nodes = 2^(h+1) - 1 (sum of nodes from level 0 to h).,rohanmistry231/CSE-Aptitude-Test-Practice-Hub,06 Technical Aptitude (Basic Programming and AIML Concepts)/01 Basic/README.md
computer-fundamentals-basic-algorithms-0041,computer-fundamentals,Technical Aptitude (Basic Programming and AIML Concepts),Algorithms,basic,What is the time complexity of bubble sort for n elements?,O(n²) | None of the above | Both O(n²)... and alternative | Insufficient data,O(n²),Bubble sort compares and swaps in nested loops: O(n²).,rohanmistry231/CSE-Aptitude-Test-Practice-Hub,06 Technical Aptitude (Basic Programming and AIML Concepts)/01 Basic/README.md
computer-fundamentals-basic-algorithms-0042,computer-fundamentals,Technical Aptitude (Basic Programming and AIML Concepts),Algorithms,basic,"In Python, what is the output of this linear search: `x = [3, 1, 4]; print(x.index(4))`?",2 | 4 | 1 | 32,2,"`index(4)` returns the first index of `4`, which is `2`.",rohanmistry231/CSE-Aptitude-Test-Practice-Hub,06 Technical Aptitude (Basic Programming and AIML Concepts)/01 Basic/README.md
computer-fundamentals-basic-algorithms-0043,computer-fundamentals,Technical Aptitude (Basic Programming and AIML Concepts),Algorithms,basic,What is the time complexity of binary search on a sorted array of n elements?,O(log n) | None of the above | Both O(log n)... and alternative | Insufficient data,O(log n),Binary search halves the search space each step: O(log n).,rohanmistry231/CSE-Aptitude-Test-Practice-Hub,06 Technical Aptitude (Basic Programming and AIML Concepts)/01 Basic/README.md
computer-fundamentals-basic-algorithms-0044,computer-fundamentals,Technical Aptitude (Basic Programming and AIML Concepts),Algorithms,basic,"What is the output of this C code for factorial: `int fact(int n) { if(n == 0) return 1; return n * fact(n-1); } printf(""%d"", fact(3));`?",6 | 11 | 3 | 12,6,`fact(3)` = 3 × `fact(2)` = 3 × 2 × `fact(1)` = 3 × 2 × 1 = 6.,rohanmistry231/CSE-Aptitude-Test-Practice-Hub,06 Technical Aptitude (Basic Programming and AIML Concepts)/01 Basic/README.md
computer-fundamentals-basic-algorithms-0045,computer-fundamentals,Technical Aptitude (Basic Programming and AIML Concepts),Algorithms,basic,What is the space complexity of a recursive factorial algorithm?,O(n) | None of the above | Both O(n)... and alternative | Insufficient data,O(n),Recursive factorial uses O(n) stack space for n calls.,rohanmistry231/CSE-Aptitude-Test-Practice-Hub,06 Technical Aptitude (Basic Programming and AIML Concepts)/01 Basic/README.md
computer-fundamentals-basic-algorithms-0046,computer-fundamentals,Technical Aptitude (Basic Programming and AIML Concepts),Algorithms,basic,"In Python, what is the output of: `x = [5, 2, 8]; print(sorted(x))`?","[2, 5, 8] | [4, 5, 8] | [1, 5, 8] | [32, 5, 8]","[2, 5, 8]","`sorted(x)` returns a new sorted list: `[2, 5, 8]`.",rohanmistry231/CSE-Aptitude-Test-Practice-Hub,06 Technical Aptitude (Basic Programming and AIML Concepts)/01 Basic/README.md
computer-fundamentals-basic-algorithms-0047,computer-fundamentals,Technical Aptitude (Basic Programming and AIML Concepts),Algorithms,basic,What is the time complexity of finding the maximum element in an unsorted array of n elements?,O(n) | None of the above | Both O(n)... and alternative | Insufficient data,O(n),Scan all elements: O(n).,rohanmistry231/CSE-Aptitude-Test-Practice-Hub,06 Technical Aptitude (Basic Programming and AIML Concepts)/01 Basic/README.md
computer-fundamentals-basic-algorithms-0048,computer-fundamentals,Technical Aptitude (Basic Programming and AIML Concepts),Algorithms,basic,"In C, what is the output of this sum code: `int sum(int n) { if(n == 0) return 0; return n + sum(n-1); } printf(""%d"", sum(4));`?",10 | 15 | 7 | 20,10,`sum(4)` = 4 + `sum(3)` = 4 + 3 + `sum(2)` = 4 + 3 + 2 + `sum(1)` = 4 + 3 + 2 + 1 = 10.,rohanmistry231/CSE-Aptitude-Test-Practice-Hub,06 Technical Aptitude (Basic Programming and AIML Concepts)/01 Basic/README.md
computer-fundamentals-basic-algorithms-0049,computer-fundamentals,Technical Aptitude (Basic Programming and AIML Concepts),Algorithms,basic,What is the time complexity of selection sort for n elements?,O(n²) | None of the above | Both O(n²)... and alternative | Insufficient data,O(n²),Selection sort finds the minimum in each pass: O(n²).,rohanmistry231/CSE-Aptitude-Test-Practice-Hub,06 Technical Aptitude (Basic Programming and AIML Concepts)/01 Basic/README.md
computer-fundamentals-basic-algorithms-0050,computer-fundamentals,Technical Aptitude (Basic Programming and AIML Concepts),Algorithms,basic,"In Python, what is the output of: `x = [1, 2, 3]; print(x[::-1])`?","[3, 2, 1] | [5, 2, 1] | [1, 2, 1] | [6, 2, 1]","[3, 2, 1]","Slicing `[::-1]` reverses the list: `[3, 2, 1]`.",rohanmistry231/CSE-Aptitude-Test-Practice-Hub,06 Technical Aptitude (Basic Programming and AIML Concepts)/01 Basic/README.md
computer-fundamentals-basic-algorithms-0051,computer-fundamentals,Technical Aptitude (Basic Programming and AIML Concepts),Algorithms,basic,What is the time complexity of checking if an element exists in a sorted array using binary search?,O(log n) | None of the above | Both O(log n)... and alternative | Insufficient data,O(log n),Binary search: O(log n).,rohanmistry231/CSE-Aptitude-Test-Practice-Hub,06 Technical Aptitude (Basic Programming and AIML Concepts)/01 Basic/README.md
computer-fundamentals-basic-algorithms-0052,computer-fundamentals,Technical Aptitude (Basic Programming and AIML Concepts),Algorithms,basic,"In C++, what is the output of: `int x = 5; for(int i = 1; i <= 3; i++) x += i; cout << x;`?",11 | 16 | 8 | 22,11,Loop: `x = 5 + 1 + 2 + 3 = 11`.,rohanmistry231/CSE-Aptitude-Test-Practice-Hub,06 Technical Aptitude (Basic Programming and AIML Concepts)/01 Basic/README.md
computer-fundamentals-basic-algorithms-0053,computer-fundamentals,Technical Aptitude (Basic Programming and AIML Concepts),Algorithms,basic,What is the space complexity of bubble sort?,O(1) | O(3) | O(2) | O(31),O(1),Bubble sort uses a constant amount of extra space: O(1).,rohanmistry231/CSE-Aptitude-Test-Practice-Hub,06 Technical Aptitude (Basic Programming and AIML Concepts)/01 Basic/README.md
computer-fundamentals-basic-algorithms-0054,computer-fundamentals,Technical Aptitude (Basic Programming and AIML Concepts),Algorithms,basic,"In Python, what is the output of: `x = [1, 2, 3]; print(sum(x))`?",6 | 11 | 3 | 12,6,`sum(x)` adds elements: `1 + 2 + 3 = 6`.,rohanmistry231/CSE-Aptitude-Test-Practice-Hub,06 Technical Aptitude (Basic Programming and AIML Concepts)/01 Basic/README.md
computer-fundamentals-basic-algorithms-0055,computer-fundamentals,Technical Aptitude (Basic Programming and AIML Concepts),Algorithms,basic,What is the time complexity of inserting an element into a sorted array of n elements?,O(n) | None of the above | Both O(n)... and alternative | Insufficient data,O(n),Shift elements to make space: O(n).,rohanmistry231/CSE-Aptitude-Test-Practice-Hub,06 Technical Aptitude (Basic Programming and AIML Concepts)/01 Basic/README.md
computer-fundamentals-basic-algorithms-0056,computer-fundamentals,Technical Aptitude (Basic Programming and AIML Concepts),Algorithms,basic,"In C, what is the output of: `int a = 3, b = 5; if(a > b) printf(""%d"", a); else printf(""%d"", b);`?",5 | 7 | 2 | 10,5,"`3 > 5` is false, so print `b = 5`.",rohanmistry231/CSE-Aptitude-Test-Practice-Hub,06 Technical Aptitude (Basic Programming and AIML Concepts)/01 Basic/README.md
computer-fundamentals-basic-algorithms-0057,computer-fundamentals,Technical Aptitude (Basic Programming and AIML Concepts),Algorithms,basic,What is the time complexity of merging two sorted arrays of sizes m and n?,O(m + n) | None of the above | Both O(m + n)... and alternative | Insufficient data,O(m + n),Merge process compares and copies: O(m + n).,rohanmistry231/CSE-Aptitude-Test-Practice-Hub,06 Technical Aptitude (Basic Programming and AIML Concepts)/01 Basic/README.md
computer-fundamentals-basic-algorithms-0058,computer-fundamentals,Technical Aptitude (Basic Programming and AIML Concepts),Algorithms,basic,"In Python, what is the output of: `x = ""abc""; print(x.upper())`?",ABC | None of the above | Both ABC... and alternative | Insufficient data,ABC,"`upper()` converts to uppercase: `""ABC""`.",rohanmistry231/CSE-Aptitude-Test-Practice-Hub,06 Technical Aptitude (Basic Programming and AIML Concepts)/01 Basic/README.md
computer-fundamentals-basic-algorithms-0059,computer-fundamentals,Technical Aptitude (Basic Programming and AIML Concepts),Algorithms,basic,What is the time complexity of reversing an array of n elements?,O(n) | None of the above | Both O(n)... and alternative | Insufficient data,O(n),Swap elements from ends to middle: O(n).,rohanmistry231/CSE-Aptitude-Test-Practice-Hub,06 Technical Aptitude (Basic Programming and AIML Concepts)/01 Basic/README.md
computer-fundamentals-basic-algorithms-0060,computer-fundamentals,Technical Aptitude (Basic Programming and AIML Concepts),Algorithms,basic,"In C++, what is the output of: `int x = 4; x *= 3; cout << x;`?",12 | 17 | 9 | 24,12,`x *= 3` means `x = x * 3 = 4 * 3 = 12`.,rohanmistry231/CSE-Aptitude-Test-Practice-Hub,06 Technical Aptitude (Basic Programming and AIML Concepts)/01 Basic/README.md
computer-fundamentals-basic-database-basics-0061,computer-fundamentals,Technical Aptitude (Basic Programming and AIML Concepts),Database Basics,basic,What does the SQL query `SELECT * FROM table_name;` do?,Fetches all data | None of the above | Both Fetches all dat... and alternative | Insufficient data,Fetches all data,Retrieves all columns and rows from `table_name`.,rohanmistry231/CSE-Aptitude-Test-Practice-Hub,06 Technical Aptitude (Basic Programming and AIML Concepts)/01 Basic/README.md
computer-fundamentals-basic-database-basics-0062,computer-fundamentals,Technical Aptitude (Basic Programming and AIML Concepts),Database Basics,basic,What is the output of: `SELECT name FROM employees WHERE salary > 50000;`?,Names of employees with salary > 50000 | Names of employees with salary > 50005 | Names of employees with salary > 49997 | Names of employees with salary > 100000,Names of employees with salary > 50000,Returns the `name` column for rows where `salary` exceeds 50000.,rohanmistry231/CSE-Aptitude-Test-Practice-Hub,06 Technical Aptitude (Basic Programming and AIML Concepts)/01 Basic/README.md
computer-fundamentals-basic-database-basics-0063,computer-fundamentals,Technical Aptitude (Basic Programming and AIML Concepts),Database Basics,basic,What does the SQL keyword `PRIMARY KEY` ensure?,Uniqueness and non-null | None of the above | Both Uniqueness and ... and alternative | Insufficient data,Uniqueness and non-null,Ensures each value in the column is unique and not null.,rohanmistry231/CSE-Aptitude-Test-Practice-Hub,06 Technical Aptitude (Basic Programming and AIML Concepts)/01 Basic/README.md
computer-fundamentals-basic-database-basics-0064,computer-fundamentals,Technical Aptitude (Basic Programming and AIML Concepts),Database Basics,basic,What is the result of: `SELECT COUNT(*) FROM students WHERE age = 20;`?,Number of students aged 20 | Number of students aged 25 | Number of students aged 17 | Number of students aged 40,Number of students aged 20,Counts the number of rows where `age` is 20.,rohanmistry231/CSE-Aptitude-Test-Practice-Hub,06 Technical Aptitude (Basic Programming and AIML Concepts)/01 Basic/README.md
computer-fundamentals-basic-database-basics-0065,computer-fundamentals,Technical Aptitude (Basic Programming and AIML Concepts),Database Basics,basic,What does `DELETE FROM table_name WHERE id = 1;` do?,Deletes row with id = 1 | Deletes row with id = 3 | Deletes row with id = 2 | Deletes row with id = 31,Deletes row with id = 1,Removes the row where `id` equals 1.,rohanmistry231/CSE-Aptitude-Test-Practice-Hub,06 Technical Aptitude (Basic Programming and AIML Concepts)/01 Basic/README.md
computer-fundamentals-basic-database-basics-0066,computer-fundamentals,Technical Aptitude (Basic Programming and AIML Concepts),Database Basics,basic,What is the purpose of the SQL `JOIN` clause?,Merges tables | None of the above | Both Merges tables... and alternative | Insufficient data,Merges tables,Combines rows from two or more tables based on a related column.,rohanmistry231/CSE-Aptitude-Test-Practice-Hub,06 Technical Aptitude (Basic Programming and AIML Concepts)/01 Basic/README.md
computer-fundamentals-basic-database-basics-0067,computer-fundamentals,Technical Aptitude (Basic Programming and AIML Concepts),Database Basics,basic,"What does `INSERT INTO users (name, age) VALUES ('Alice', 25);` do?",Inserts a new user | None of the above | Both Inserts a new u... and alternative | Insufficient data,Inserts a new user,Adds a new row to `users` with `name = 'Alice'` and `age = 25`.,rohanmistry231/CSE-Aptitude-Test-Practice-Hub,06 Technical Aptitude (Basic Programming and AIML Concepts)/01 Basic/README.md
computer-fundamentals-basic-database-basics-0068,computer-fundamentals,Technical Aptitude (Basic Programming and AIML Concepts),Database Basics,basic,What is the output of: `SELECT MAX(salary) FROM employees;`?,Maximum salary | None of the above | Both Maximum salary... and alternative | Insufficient data,Maximum salary,Returns the highest value in the `salary` column.,rohanmistry231/CSE-Aptitude-Test-Practice-Hub,06 Technical Aptitude (Basic Programming and AIML Concepts)/01 Basic/README.md
computer-fundamentals-basic-database-basics-0069,computer-fundamentals,Technical Aptitude (Basic Programming and AIML Concepts),Database Basics,basic,What does the SQL `WHERE` clause do?,Filters data | None of the above | Both Filters data... and alternative | Insufficient data,Filters data,Filters rows based on a specified condition.,rohanmistry231/CSE-Aptitude-Test-Practice-Hub,06 Technical Aptitude (Basic Programming and AIML Concepts)/01 Basic/README.md
computer-fundamentals-basic-database-basics-0070,computer-fundamentals,Technical Aptitude (Basic Programming and AIML Concepts),Database Basics,basic,What is the result of: `UPDATE products SET price = 100 WHERE id = 5;`?,Updates price for id = 5 | Updates price for id = 7 | Updates price for id = 2 | Updates price for id = 10,Updates price for id = 5,Sets `price` to 100 for the row where `id` is 5.,rohanmistry231/CSE-Aptitude-Test-Practice-Hub,06 Technical Aptitude (Basic Programming and AIML Concepts)/01 Basic/README.md
computer-fundamentals-basic-computer-networks-0071,computer-fundamentals,Technical Aptitude (Basic Programming and AIML Concepts),Computer Networks,basic,What is the purpose of the IP address?,Device identification | None of the above | Both Device identifi... and alternative | Insufficient data,Device identification,Uniquely identifies a device on a network.,rohanmistry231/CSE-Aptitude-Test-Practice-Hub,06 Technical Aptitude (Basic Programming and AIML Concepts)/01 Basic/README.md
computer-fundamentals-basic-computer-networks-0072,computer-fundamentals,Technical Aptitude (Basic Programming and AIML Concepts),Computer Networks,basic,What is the port number used by HTTP?,80 | 85 | 77 | 160,80,HTTP uses port 80 for communication.,rohanmistry231/CSE-Aptitude-Test-Practice-Hub,06 Technical Aptitude (Basic Programming and AIML Concepts)/01 Basic/README.md
computer-fundamentals-basic-computer-networks-0073,computer-fundamentals,Technical Aptitude (Basic Programming and AIML Concepts),Computer Networks,basic,What does the acronym TCP stand for?,Transmission Control Protocol | None of the above | Both Transmission Co... and alternative | Insufficient data,Transmission Control Protocol,"Transmission Control Protocol, ensures reliable data transfer.",rohanmistry231/CSE-Aptitude-Test-Practice-Hub,06 Technical Aptitude (Basic Programming and AIML Concepts)/01 Basic/README.md
computer-fundamentals-basic-computer-networks-0074,computer-fundamentals,Technical Aptitude (Basic Programming and AIML Concepts),Computer Networks,basic,What is the role of DNS in networking?,Domain name resolution | None of the above | Both Domain name res... and alternative | Insufficient data,Domain name resolution,"Translates domain names (e.g., google.com) to IP addresses.",rohanmistry231/CSE-Aptitude-Test-Practice-Hub,06 Technical Aptitude (Basic Programming and AIML Concepts)/01 Basic/README.md
computer-fundamentals-basic-computer-networks-0075,computer-fundamentals,Technical Aptitude (Basic Programming and AIML Concepts),Computer Networks,basic,What is the difference between IPv4 and IPv6?,Address length and capacity | None of the above | Both Address length ... and alternative | Insufficient data,Address length and capacity,"IPv4 uses 32-bit addresses (e.g., 192.168.0.1); IPv6 uses 128-bit addresses for more capacity.",rohanmistry231/CSE-Aptitude-Test-Practice-Hub,06 Technical Aptitude (Basic Programming and AIML Concepts)/01 Basic/README.md
computer-fundamentals-basic-computer-networks-0076,computer-fundamentals,Technical Aptitude (Basic Programming and AIML Concepts),Computer Networks,basic,"What does the term ""bandwidth"" refer to?",Data transfer rate | None of the above | Both Data transfer r... and alternative | Insufficient data,Data transfer rate,Maximum data transfer rate of a network connection.,rohanmistry231/CSE-Aptitude-Test-Practice-Hub,06 Technical Aptitude (Basic Programming and AIML Concepts)/01 Basic/README.md
computer-fundamentals-basic-computer-networks-0077,computer-fundamentals,Technical Aptitude (Basic Programming and AIML Concepts),Computer Networks,basic,What is the purpose of a router in a network?,Routes data | None of the above | Both Routes data... and alternative | Insufficient data,Routes data,Forwards data packets between networks.,rohanmistry231/CSE-Aptitude-Test-Practice-Hub,06 Technical Aptitude (Basic Programming and AIML Concepts)/01 Basic/README.md
computer-fundamentals-basic-computer-networks-0078,computer-fundamentals,Technical Aptitude (Basic Programming and AIML Concepts),Computer Networks,basic,What is the default subnet mask for a Class C IP address?,255.255.255.0 | 257.75.255.0 | 253.75.255.0 | 306.31.255.0,255.255.255.0,Class C uses 24 bits for the network: 255.255.255.0.,rohanmistry231/CSE-Aptitude-Test-Practice-Hub,06 Technical Aptitude (Basic Programming and AIML Concepts)/01 Basic/README.md
computer-fundamentals-basic-computer-networks-0079,computer-fundamentals,Technical Aptitude (Basic Programming and AIML Concepts),Computer Networks,basic,What is the function of the ARP protocol?,Address resolution | None of the above | Both Address resolut... and alternative | Insufficient data,Address resolution,Maps IP addresses to MAC addresses.,rohanmistry231/CSE-Aptitude-Test-Practice-Hub,06 Technical Aptitude (Basic Programming and AIML Concepts)/01 Basic/README.md
computer-fundamentals-basic-computer-networks-0080,computer-fundamentals,Technical Aptitude (Basic Programming and AIML Concepts),Computer Networks,basic,"What does UDP stand for, and how does it differ from TCP?","User Datagram Protocol, less reliable | None of the above | Both User Datagram P... and alternative | Insufficient data","User Datagram Protocol, less reliable",User Datagram Protocol; UDP is faster but less reliable than TCP (no error checking).,rohanmistry231/CSE-Aptitude-Test-Practice-Hub,06 Technical Aptitude (Basic Programming and AIML Concepts)/01 Basic/README.md
computer-fundamentals-basic-operating-systems-0081,computer-fundamentals,Technical Aptitude (Basic Programming and AIML Concepts),Operating Systems,basic,What is the role of an operating system?,Resource management | None of the above | Both Resource manage... and alternative | Insufficient data,Resource management,"Manages hardware, software, and provides user interface.",rohanmistry231/CSE-Aptitude-Test-Practice-Hub,06 Technical Aptitude (Basic Programming and AIML Concepts)/01 Basic/README.md
computer-fundamentals-basic-operating-systems-0082,computer-fundamentals,Technical Aptitude (Basic Programming and AIML Concepts),Operating Systems,basic,What is a process in an operating system?,Executing program | None of the above | Both Executing progr... and alternative | Insufficient data,Executing program,"A program in execution, with its own memory and resources.",rohanmistry231/CSE-Aptitude-Test-Practice-Hub,06 Technical Aptitude (Basic Programming and AIML Concepts)/01 Basic/README.md
computer-fundamentals-basic-operating-systems-0083,computer-fundamentals,Technical Aptitude (Basic Programming and AIML Concepts),Operating Systems,basic,What is the purpose of a scheduler in an OS?,CPU allocation | None of the above | Both CPU allocation... and alternative | Insufficient data,CPU allocation,Allocates CPU time to processes for efficient execution.,rohanmistry231/CSE-Aptitude-Test-Practice-Hub,06 Technical Aptitude (Basic Programming and AIML Concepts)/01 Basic/README.md
computer-fundamentals-basic-operating-systems-0084,computer-fundamentals,Technical Aptitude (Basic Programming and AIML Concepts),Operating Systems,basic,What is a deadlock in an operating system?,Resource conflict standstill | None of the above | Both Resource confli... and alternative | Insufficient data,Resource conflict standstill,"A situation where processes hold resources and wait for others, causing a standstill.",rohanmistry231/CSE-Aptitude-Test-Practice-Hub,06 Technical Aptitude (Basic Programming and AIML Concepts)/01 Basic/README.md
computer-fundamentals-basic-operating-systems-0085,computer-fundamentals,Technical Aptitude (Basic Programming and AIML Concepts),Operating Systems,basic,"What does the term ""virtual memory"" refer to?",Extended memory | None of the above | Both Extended memory... and alternative | Insufficient data,Extended memory,"Uses disk space to extend RAM, allowing larger programs to run.",rohanmistry231/CSE-Aptitude-Test-Practice-Hub,06 Technical Aptitude (Basic Programming and AIML Concepts)/01 Basic/README.md
computer-fundamentals-basic-operating-systems-0086,computer-fundamentals,Technical Aptitude (Basic Programming and AIML Concepts),Operating Systems,basic,What is the function of a file system in an OS?,Data organization | None of the above | Both Data organizati... and alternative | Insufficient data,Data organization,Organizes and manages data storage on disks.,rohanmistry231/CSE-Aptitude-Test-Practice-Hub,06 Technical Aptitude (Basic Programming and AIML Concepts)/01 Basic/README.md
computer-fundamentals-basic-operating-systems-0087,computer-fundamentals,Technical Aptitude (Basic Programming and AIML Concepts),Operating Systems,basic,What is a thread in an operating system?,Lightweight process | None of the above | Both Lightweight pro... and alternative | Insufficient data,Lightweight process,A lightweight process sharing the same memory space as its parent process.,rohanmistry231/CSE-Aptitude-Test-Practice-Hub,06 Technical Aptitude (Basic Programming and AIML Concepts)/01 Basic/README.md
computer-fundamentals-basic-operating-systems-0088,computer-fundamentals,Technical Aptitude (Basic Programming and AIML Concepts),Operating Systems,basic,What is the purpose of an interrupt in an OS?,Event handling | None of the above | Both Event handling... and alternative | Insufficient data,Event handling,"Signals the CPU to handle an urgent event (e.g., hardware input).",rohanmistry231/CSE-Aptitude-Test-Practice-Hub,06 Technical Aptitude (Basic Programming and AIML Concepts)/01 Basic/README.md
computer-fundamentals-basic-operating-systems-0089,computer-fundamentals,Technical Aptitude (Basic Programming and AIML Concepts),Operating Systems,basic,What is the difference between a kernel and a shell?,"Kernel: core, Shell: interface | None of the above | Both Kernel: core, S... and alternative | Insufficient data","Kernel: core, Shell: interface",Kernel manages system resources; shell is the user interface to interact with the OS.,rohanmistry231/CSE-Aptitude-Test-Practice-Hub,06 Technical Aptitude (Basic Programming and AIML Concepts)/01 Basic/README.md
computer-fundamentals-basic-operating-systems-0090,computer-fundamentals,Technical Aptitude (Basic Programming and AIML Concepts),Operating Systems,basic,What is the role of a page table in virtual memory?,Address mapping | None of the above | Both Address mapping... and alternative | Insufficient data,Address mapping,Maps virtual addresses to physical addresses.,rohanmistry231/CSE-Aptitude-Test-Practice-Hub,06 Technical Aptitude (Basic Programming and AIML Concepts)/01 Basic/README.md
computer-fundamentals-basic-ai-ml-foundations-0091,computer-fundamentals,Technical Aptitude (Basic Programming and AIML Concepts),AI/ML Foundations,basic,What is supervised learning in machine learning?,Learning with labeled data | None of the above | Both Learning with l... and alternative | Insufficient data,Learning with labeled data,Model trains on labeled data (input-output pairs) to predict outputs.,rohanmistry231/CSE-Aptitude-Test-Practice-Hub,06 Technical Aptitude (Basic Programming and AIML Concepts)/01 Basic/README.md
computer-fundamentals-basic-ai-ml-foundations-0092,computer-fundamentals,Technical Aptitude (Basic Programming and AIML Concepts),AI/ML Foundations,basic,What is the purpose of a loss function in ML?,Error measurement | None of the above | Both Error measureme... and alternative | Insufficient data,Error measurement,Measures the error between predicted and actual outputs to guide optimization.,rohanmistry231/CSE-Aptitude-Test-Practice-Hub,06 Technical Aptitude (Basic Programming and AIML Concepts)/01 Basic/README.md
computer-fundamentals-basic-ai-ml-foundations-0093,computer-fundamentals,Technical Aptitude (Basic Programming and AIML Concepts),AI/ML Foundations,basic,What is overfitting in machine learning?,Excessive training fit | None of the above | Both Excessive train... and alternative | Insufficient data,Excessive training fit,"Model learns training data too well, including noise, and performs poorly on new data.",rohanmistry231/CSE-Aptitude-Test-Practice-Hub,06 Technical Aptitude (Basic Programming and AIML Concepts)/01 Basic/README.md
computer-fundamentals-basic-ai-ml-foundations-0094,computer-fundamentals,Technical Aptitude (Basic Programming and AIML Concepts),AI/ML Foundations,basic,What is the role of a feature in ML?,Input variable | None of the above | Both Input variable... and alternative | Insufficient data,Input variable,An input variable used to make predictions.,rohanmistry231/CSE-Aptitude-Test-Practice-Hub,06 Technical Aptitude (Basic Programming and AIML Concepts)/01 Basic/README.md
computer-fundamentals-basic-ai-ml-foundations-0095,computer-fundamentals,Technical Aptitude (Basic Programming and AIML Concepts),AI/ML Foundations,basic,What is the purpose of splitting data into training and testing sets?,Model training and evaluation | None of the above | Both Model training ... and alternative | Insufficient data,Model training and evaluation,Training set trains the model; testing set evaluates its performance on unseen data.,rohanmistry231/CSE-Aptitude-Test-Practice-Hub,06 Technical Aptitude (Basic Programming and AIML Concepts)/01 Basic/README.md
computer-fundamentals-basic-ai-ml-foundations-0096,computer-fundamentals,Technical Aptitude (Basic Programming and AIML Concepts),AI/ML Foundations,basic,What is a neuron in a neural network?,Computational unit | None of the above | Both Computational u... and alternative | Insufficient data,Computational unit,"A computational unit that processes inputs, applies weights, and produces an output.",rohanmistry231/CSE-Aptitude-Test-Practice-Hub,06 Technical Aptitude (Basic Programming and AIML Concepts)/01 Basic/README.md
computer-fundamentals-basic-ai-ml-foundations-0097,computer-fundamentals,Technical Aptitude (Basic Programming and AIML Concepts),AI/ML Foundations,basic,What is the activation function in a neural network?,Non-linearity function | None of the above | Both Non-linearity f... and alternative | Insufficient data,Non-linearity function,Introduces non-linearity to decide whether a neuron should activate.,rohanmistry231/CSE-Aptitude-Test-Practice-Hub,06 Technical Aptitude (Basic Programming and AIML Concepts)/01 Basic/README.md
computer-fundamentals-basic-ai-ml-foundations-0098,computer-fundamentals,Technical Aptitude (Basic Programming and AIML Concepts),AI/ML Foundations,basic,What is gradient descent in ML?,Parameter optimization | None of the above | Both Parameter optim... and alternative | Insufficient data,Parameter optimization,Optimization algorithm to minimize the loss function by adjusting model parameters.,rohanmistry231/CSE-Aptitude-Test-Practice-Hub,06 Technical Aptitude (Basic Programming and AIML Concepts)/01 Basic/README.md
computer-fundamentals-basic-ai-ml-foundations-0099,computer-fundamentals,Technical Aptitude (Basic Programming and AIML Concepts),AI/ML Foundations,basic,What is unsupervised learning in ML?,Learning without labels | None of the above | Both Learning withou... and alternative | Insufficient data,Learning without labels,Model finds patterns in unlabeled data without predefined outputs.,rohanmistry231/CSE-Aptitude-Test-Practice-Hub,06 Technical Aptitude (Basic Programming and AIML Concepts)/01 Basic/README.md
computer-fundamentals-basic-ai-ml-foundations-0100,computer-fundamentals,Technical Aptitude (Basic Programming and AIML Concepts),AI/ML Foundations,basic,What is the purpose of normalization in ML?,Feature scaling | None of the above | Both Feature scaling... and alternative | Insufficient data,Feature scaling,Scales features to a standard range to improve model performance.,rohanmistry231/CSE-Aptitude-Test-Practice-Hub,06 Technical Aptitude (Basic Programming and AIML Concepts)/01 Basic/README.md
computer-fundamentals-intermediate-programming-fundamentals-0001,computer-fundamentals,Technical Aptitude (Basic Programming and AIML Concepts),Programming Fundamentals,intermediate,"What is the output of this C code: `int x = 5; printf(""%d %d"", x++, ++x);`?",6 6 | 11 6 | 3 6 | 12 6,6 6,"In `printf`, arguments are evaluated right-to-left. `++x` increments `x` to 6, then `x++` uses 6 and increments `x` to 7. Output: `6 6`.",rohanmistry231/CSE-Aptitude-Test-Practice-Hub,06 Technical Aptitude (Basic Programming and AIML Concepts)/02 Intermediate/README.md
computer-fundamentals-intermediate-programming-fundamentals-0002,computer-fundamentals,Technical Aptitude (Basic Programming and AIML Concepts),Programming Fundamentals,intermediate,"In Python, what is the output of: `x = [1, 2, 3]; y = x; y[0] = 4; print(x)`?","[4, 2, 3] | [6, 2, 3] | [1, 2, 3] | [8, 2, 3]","[4, 2, 3]","`y = x` creates a reference to the same list. Modifying `y[0]` changes `x`. Output: `[4, 2, 3]`.",rohanmistry231/CSE-Aptitude-Test-Practice-Hub,06 Technical Aptitude (Basic Programming and AIML Concepts)/02 Intermediate/README.md
computer-fundamentals-intermediate-programming-fundamentals-0003,computer-fundamentals,Technical Aptitude (Basic Programming and AIML Concepts),Programming Fundamentals,intermediate,"In Java, what is the output of: `String s = ""hello""; s = s.concat("" world""); System.out.println(s);`?",hello world | None of the above | Both hello world... and alternative | Insufficient data,hello world,"`concat` creates a new string `""hello world""`. Output: `hello world`.",rohanmistry231/CSE-Aptitude-Test-Practice-Hub,06 Technical Aptitude (Basic Programming and AIML Concepts)/02 Intermediate/README.md
computer-fundamentals-intermediate-programming-fundamentals-0004,computer-fundamentals,Technical Aptitude (Basic Programming and AIML Concepts),Programming Fundamentals,intermediate,"In C++, what is the output of: `int x = 10; cout << (x > 5 ? x : 5);`?",10 | 15 | 7 | 20,10,"Ternary operator: `x > 5` is true, so prints `x = 10`.",rohanmistry231/CSE-Aptitude-Test-Practice-Hub,06 Technical Aptitude (Basic Programming and AIML Concepts)/02 Intermediate/README.md
computer-fundamentals-intermediate-programming-fundamentals-0005,computer-fundamentals,Technical Aptitude (Basic Programming and AIML Concepts),Programming Fundamentals,intermediate,"In Python, what is the output of: `def f(x): x += 1; x = 5; f(x); print(x)`?",5 | 7 | 2 | 10,5,Python passes integers by value. `x` inside `f` is local. Output: `5`.,rohanmistry231/CSE-Aptitude-Test-Practice-Hub,06 Technical Aptitude (Basic Programming and AIML Concepts)/02 Intermediate/README.md
computer-fundamentals-intermediate-programming-fundamentals-0006,computer-fundamentals,Technical Aptitude (Basic Programming and AIML Concepts),Programming Fundamentals,intermediate,"In C, what is the output of: `int x = 10; printf(""%d"", x << 2);`?",40 | 45 | 37 | 80,40,`x << 2` left-shifts `10` (binary `1010`) to `101000` (40).,rohanmistry231/CSE-Aptitude-Test-Practice-Hub,06 Technical Aptitude (Basic Programming and AIML Concepts)/02 Intermediate/README.md
computer-fundamentals-intermediate-programming-fundamentals-0007,computer-fundamentals,Technical Aptitude (Basic Programming and AIML Concepts),Programming Fundamentals,intermediate,"In Java, what is the output of: `int[] arr = {1, 2, 3}; System.out.println(arr[arr.length - 1]);`?",3 | 5 | 1 | 6,3,`arr.length - 1 = 2`. `arr[2] = 3`.,rohanmistry231/CSE-Aptitude-Test-Practice-Hub,06 Technical Aptitude (Basic Programming and AIML Concepts)/02 Intermediate/README.md
computer-fundamentals-intermediate-programming-fundamentals-0008,computer-fundamentals,Technical Aptitude (Basic Programming and AIML Concepts),Programming Fundamentals,intermediate,"In Python, what is the output of: `x = {1: 'a', 2: 'b'}; x.update({2: 'c'}); print(x)`?","{1: 'a', 2: 'c'} | {3: 'a', 2: 'c'} | {2: 'a', 2: 'c'} | {31: 'a', 2: 'c'}","{1: 'a', 2: 'c'}","`update` modifies key `2` to `'c'`. Output: `{1: 'a', 2: 'c'}`.",rohanmistry231/CSE-Aptitude-Test-Practice-Hub,06 Technical Aptitude (Basic Programming and AIML Concepts)/02 Intermediate/README.md
computer-fundamentals-intermediate-programming-fundamentals-0009,computer-fundamentals,Technical Aptitude (Basic Programming and AIML Concepts),Programming Fundamentals,intermediate,"In C++, what is the output of: `int x = 5; for(int i = 0; i < 3; i++) x *= 2; cout << x;`?",40 | 45 | 37 | 80,40,Loop: `x = 5 * 2 * 2 * 2 = 40`.,rohanmistry231/CSE-Aptitude-Test-Practice-Hub,06 Technical Aptitude (Basic Programming and AIML Concepts)/02 Intermediate/README.md
computer-fundamentals-intermediate-programming-fundamentals-0010,computer-fundamentals,Technical Aptitude (Basic Programming and AIML Concepts),Programming Fundamentals,intermediate,"In C, what is the output of: `int a = 7, b = 3; printf(""%d"", a ^ b);`?",4 | 6 | 1 | 8,4,`a ^ b`: `7` (binary `111`) XOR `3` (binary `011`) = `100` (4).,rohanmistry231/CSE-Aptitude-Test-Practice-Hub,06 Technical Aptitude (Basic Programming and AIML Concepts)/02 Intermediate/README.md
computer-fundamentals-intermediate-programming-fundamentals-0011,computer-fundamentals,Technical Aptitude (Basic Programming and AIML Concepts),Programming Fundamentals,intermediate,"In Python, what is the output of: `x = [1, 2, 3]; print(x[1:3])`?","[2, 3] | [4, 3] | [1, 3] | [32, 3]","[2, 3]","Slicing `[1:3]` includes indices 1 to 2: `[2, 3]`.",rohanmistry231/CSE-Aptitude-Test-Practice-Hub,06 Technical Aptitude (Basic Programming and AIML Concepts)/02 Intermediate/README.md
computer-fundamentals-intermediate-programming-fundamentals-0012,computer-fundamentals,Technical Aptitude (Basic Programming and AIML Concepts),Programming Fundamentals,intermediate,"In Java, what is the output of: `int x = 15; System.out.println(x & (x - 1));`?",14 | 19 | 11 | 28,14,`x & (x - 1)` clears the least significant set bit. `15` (binary `1111`) & `14` (binary `1110`) = `1110` (14).,rohanmistry231/CSE-Aptitude-Test-Practice-Hub,06 Technical Aptitude (Basic Programming and AIML Concepts)/02 Intermediate/README.md
computer-fundamentals-intermediate-programming-fundamentals-0013,computer-fundamentals,Technical Aptitude (Basic Programming and AIML Concepts),Programming Fundamentals,intermediate,"In C++, what is the output of: `string s = ""abc""; reverse(s.begin(), s.end()); cout << s;`?",cba | None of the above | Both cba... and alternative | Insufficient data,cba,"`reverse` reverses the string: `""abc""` becomes `""cba""`.",rohanmistry231/CSE-Aptitude-Test-Practice-Hub,06 Technical Aptitude (Basic Programming and AIML Concepts)/02 Intermediate/README.md
computer-fundamentals-intermediate-programming-fundamentals-0014,computer-fundamentals,Technical Aptitude (Basic Programming and AIML Concepts),Programming Fundamentals,intermediate,"In Python, what is the output of: `x = lambda a: a * 2; print(x(3))`?",6 | 11 | 3 | 12,6,Lambda function doubles input: `3 * 2 = 6`.,rohanmistry231/CSE-Aptitude-Test-Practice-Hub,06 Technical Aptitude (Basic Programming and AIML Concepts)/02 Intermediate/README.md
computer-fundamentals-intermediate-programming-fundamentals-0015,computer-fundamentals,Technical Aptitude (Basic Programming and AIML Concepts),Programming Fundamentals,intermediate,"In C, what is the output of: `int x = 5; printf(""%d"", ~x);`?",-6 | -11 | -3 | -12,-6,"`~x` inverts bits of `5` (binary `00000101`) to `11111010` (two’s complement, -6).",rohanmistry231/CSE-Aptitude-Test-Practice-Hub,06 Technical Aptitude (Basic Programming and AIML Concepts)/02 Intermediate/README.md
computer-fundamentals-intermediate-programming-fundamentals-0016,computer-fundamentals,Technical Aptitude (Basic Programming and AIML Concepts),Programming Fundamentals,intermediate,"In Java, what is the output of: `int x = 8; System.out.println(x >> 1);`?",4 | 6 | 1 | 8,4,`x >> 1` right-shifts `8` (binary `1000`) to `0100` (4).,rohanmistry231/CSE-Aptitude-Test-Practice-Hub,06 Technical Aptitude (Basic Programming and AIML Concepts)/02 Intermediate/README.md
computer-fundamentals-intermediate-programming-fundamentals-0017,computer-fundamentals,Technical Aptitude (Basic Programming and AIML Concepts),Programming Fundamentals,intermediate,"In Python, what is the output of: `x = [1, 2]; y = x.copy(); y[0] = 3; print(x)`?","[1, 2] | [3, 2] | [2, 2] | [31, 2]","[1, 2]","`copy()` creates a shallow copy. Modifying `y` doesn’t affect `x`. Output: `[1, 2]`.",rohanmistry231/CSE-Aptitude-Test-Practice-Hub,06 Technical Aptitude (Basic Programming and AIML Concepts)/02 Intermediate/README.md
computer-fundamentals-intermediate-programming-fundamentals-0018,computer-fundamentals,Technical Aptitude (Basic Programming and AIML Concepts),Programming Fundamentals,intermediate,"In C++, what is the output of: `int x = 3; cout << (x << 1) + (x >> 1);`?",7 | 12 | 4 | 14,7,`x << 1 = 3 * 2 = 6`. `x >> 1 = 3 / 2 = 1`. `6 + 1 = 7`.,rohanmistry231/CSE-Aptitude-Test-Practice-Hub,06 Technical Aptitude (Basic Programming and AIML Concepts)/02 Intermediate/README.md
computer-fundamentals-intermediate-programming-fundamentals-0019,computer-fundamentals,Technical Aptitude (Basic Programming and AIML Concepts),Programming Fundamentals,intermediate,"In C, what is the output of: `int arr[3] = {1, 2, 3}; printf(""%d"", *(arr + 1));`?",2 | 4 | 1 | 32,2,`*(arr + 1)` accesses `arr[1] = 2`.,rohanmistry231/CSE-Aptitude-Test-Practice-Hub,06 Technical Aptitude (Basic Programming and AIML Concepts)/02 Intermediate/README.md
computer-fundamentals-intermediate-programming-fundamentals-0020,computer-fundamentals,Technical Aptitude (Basic Programming and AIML Concepts),Programming Fundamentals,intermediate,"In Python, what is the output of: `x = [1, 2, 3]; print(list(map(lambda x: x**2, x)))`?","[1, 4, 9] | [3, 4, 9] | [2, 4, 9] | [31, 4, 9]","[1, 4, 9]","`map` applies square function: `[1², 2², 3²] = [1, 4, 9]`.",rohanmistry231/CSE-Aptitude-Test-Practice-Hub,06 Technical Aptitude (Basic Programming and AIML Concepts)/02 Intermediate/README.md
computer-fundamentals-intermediate-data-structures-0021,computer-fundamentals,Technical Aptitude (Basic Programming and AIML Concepts),Data Structures,intermediate,What is the time complexity of inserting a node at the end of a singly linked list with n nodes?,O(n) | None of the above | Both O(n)... and alternative | Insufficient data,O(n),Traverse to the end to update the pointer: O(n).,rohanmistry231/CSE-Aptitude-Test-Practice-Hub,06 Technical Aptitude (Basic Programming and AIML Concepts)/02 Intermediate/README.md
computer-fundamentals-intermediate-data-structures-0022,computer-fundamentals,Technical Aptitude (Basic Programming and AIML Concepts),Data Structures,intermediate,"In Python, what is the output of this stack operation: `s = []; s.append(1); s.append(2); s.append(3); s.pop(); s.pop(); print(s)`?",[1] | [3] | [2] | [31],[1],"Stack (LIFO): Push `1, 2, 3`. Pop removes `3`, then `2`. Stack: `[1]`.",rohanmistry231/CSE-Aptitude-Test-Practice-Hub,06 Technical Aptitude (Basic Programming and AIML Concepts)/02 Intermediate/README.md
computer-fundamentals-intermediate-data-structures-0023,computer-fundamentals,Technical Aptitude (Basic Programming and AIML Concepts),Data Structures,intermediate,"In a doubly linked list, what is the time complexity to delete a node given its pointer?",O(1) | O(3) | O(2) | O(31),O(1),Update prev/next pointers of adjacent nodes: O(1).,rohanmistry231/CSE-Aptitude-Test-Practice-Hub,06 Technical Aptitude (Basic Programming and AIML Concepts)/02 Intermediate/README.md
computer-fundamentals-intermediate-data-structures-0024,computer-fundamentals,Technical Aptitude (Basic Programming and AIML Concepts),Data Structures,intermediate,"In a queue, after enqueue(1, 2, 3), dequeue(), enqueue(4), dequeue(), what is the front element?",3 | 5 | 1 | 6,3,"Queue (FIFO): Enqueue `1, 2, 3`. Dequeue removes `1`. Enqueue `4`. Dequeue removes `2`. Front: `3`.",rohanmistry231/CSE-Aptitude-Test-Practice-Hub,06 Technical Aptitude (Basic Programming and AIML Concepts)/02 Intermediate/README.md
computer-fundamentals-intermediate-data-structures-0025,computer-fundamentals,Technical Aptitude (Basic Programming and AIML Concepts),Data Structures,intermediate,What is the time complexity of searching in an unbalanced binary search tree with n nodes?,O(n) | None of the above | Both O(n)... and alternative | Insufficient data,O(n),Worst case (skewed tree) resembles a linked list: O(n).,rohanmistry231/CSE-Aptitude-Test-Practice-Hub,06 Technical Aptitude (Basic Programming and AIML Concepts)/02 Intermediate/README.md
computer-fundamentals-intermediate-data-structures-0026,computer-fundamentals,Technical Aptitude (Basic Programming and AIML Concepts),Data Structures,intermediate,"In Python, what is the output of: `from collections import deque; q = deque([1, 2]); q.append(3); q.popleft(); print(q)`?","deque([2, 3]) | deque([4, 3]) | deque([1, 3]) | deque([32, 3])","deque([2, 3])","Deque: Append `3`, popleft removes `1`. Deque: `[2, 3]`.",rohanmistry231/CSE-Aptitude-Test-Practice-Hub,06 Technical Aptitude (Basic Programming and AIML Concepts)/02 Intermediate/README.md
computer-fundamentals-intermediate-data-structures-0027,computer-fundamentals,Technical Aptitude (Basic Programming and AIML Concepts),Data Structures,intermediate,What is the time complexity of inserting an element in a min-heap with n elements?,O(log n) | None of the above | Both O(log n)... and alternative | Insufficient data,O(log n),"Insert at bottom, bubble up to restore heap property: O(log n).",rohanmistry231/CSE-Aptitude-Test-Practice-Hub,06 Technical Aptitude (Basic Programming and AIML Concepts)/02 Intermediate/README.md
computer-fundamentals-intermediate-data-structures-0028,computer-fundamentals,Technical Aptitude (Basic Programming and AIML Concepts),Data Structures,intermediate,"In a binary tree, what is the time complexity of finding the height?",O(n) | None of the above | Both O(n)... and alternative | Insufficient data,O(n),Recursively visit all nodes: O(n).,rohanmistry231/CSE-Aptitude-Test-Practice-Hub,06 Technical Aptitude (Basic Programming and AIML Concepts)/02 Intermediate/README.md
computer-fundamentals-intermediate-data-structures-0029,computer-fundamentals,Technical Aptitude (Basic Programming and AIML Concepts),Data Structures,intermediate,"In Python, what is the output of: `d = {'a': 1, 'b': 2}; d.pop('a'); print(d)`?",{'b': 2} | {'b': 4} | {'b': 1} | {'b': 32},{'b': 2},`pop('a')` removes key `'a'`. Output: `{'b': 2}`.,rohanmistry231/CSE-Aptitude-Test-Practice-Hub,06 Technical Aptitude (Basic Programming and AIML Concepts)/02 Intermediate/README.md
computer-fundamentals-intermediate-data-structures-0030,computer-fundamentals,Technical Aptitude (Basic Programming and AIML Concepts),Data Structures,intermediate,What is the time complexity of deleting the root of a max-heap with n elements?,O(log n) | None of the above | Both O(log n)... and alternative | Insufficient data,O(log n),"Replace root with last element, bubble down: O(log n).",rohanmistry231/CSE-Aptitude-Test-Practice-Hub,06 Technical Aptitude (Basic Programming and AIML Concepts)/02 Intermediate/README.md
computer-fundamentals-intermediate-data-structures-0031,computer-fundamentals,Technical Aptitude (Basic Programming and AIML Concepts),Data Structures,intermediate,"In a circular linked list, what is the time complexity to insert a node after a given node?",O(1) | O(3) | O(2) | O(31),O(1),Update pointers of given and next node: O(1).,rohanmistry231/CSE-Aptitude-Test-Practice-Hub,06 Technical Aptitude (Basic Programming and AIML Concepts)/02 Intermediate/README.md
computer-fundamentals-intermediate-data-structures-0032,computer-fundamentals,Technical Aptitude (Basic Programming and AIML Concepts),Data Structures,intermediate,"In Python, what is the output of: `s = {1, 2, 3}; s.discard(2); print(s)`?","{1, 3} | {3, 3} | {2, 3} | {31, 3}","{1, 3}","`discard(2)` removes `2`. Output: `{1, 3}`.",rohanmistry231/CSE-Aptitude-Test-Practice-Hub,06 Technical Aptitude (Basic Programming and AIML Concepts)/02 Intermediate/README.md
computer-fundamentals-intermediate-data-structures-0033,computer-fundamentals,Technical Aptitude (Basic Programming and AIML Concepts),Data Structures,intermediate,"In a binary search tree, what is the time complexity to find the minimum element?",O(log n) (balanced) | None of the above | Both O(log n) (balan... and alternative | Insufficient data,O(log n) (balanced),"Traverse to the leftmost node: O(h), where h is height (O(log n) if balanced).",rohanmistry231/CSE-Aptitude-Test-Practice-Hub,06 Technical Aptitude (Basic Programming and AIML Concepts)/02 Intermediate/README.md
computer-fundamentals-intermediate-data-structures-0034,computer-fundamentals,Technical Aptitude (Basic Programming and AIML Concepts),Data Structures,intermediate,What is the space complexity of a depth-first search (DFS) on a binary tree with n nodes?,O(log n) (balanced) | None of the above | Both O(log n) (balan... and alternative | Insufficient data,O(log n) (balanced),"Recursion stack uses O(h), where h is height (O(log n) if balanced).",rohanmistry231/CSE-Aptitude-Test-Practice-Hub,06 Technical Aptitude (Basic Programming and AIML Concepts)/02 Intermediate/README.md
computer-fundamentals-intermediate-data-structures-0035,computer-fundamentals,Technical Aptitude (Basic Programming and AIML Concepts),Data Structures,intermediate,"In Python, what is the output of: `x = [[1, 2], [3, 4]]; x[0].append(5); print(x)`?","[[1, 2, 5], [3, 4]] | [[3, 2, 5], [3, 4]] | [[2, 2, 5], [3, 4]] | [[31, 2, 5], [3, 4]]","[[1, 2, 5], [3, 4]]","Append `5` to `x[0]`. Output: `[[1, 2, 5], [3, 4]]`.",rohanmistry231/CSE-Aptitude-Test-Practice-Hub,06 Technical Aptitude (Basic Programming and AIML Concepts)/02 Intermediate/README.md
computer-fundamentals-intermediate-data-structures-0036,computer-fundamentals,Technical Aptitude (Basic Programming and AIML Concepts),Data Structures,intermediate,What is the time complexity of level-order traversal (BFS) of a binary tree with n nodes?,O(n) | None of the above | Both O(n)... and alternative | Insufficient data,O(n),Visit all nodes using a queue: O(n).,rohanmistry231/CSE-Aptitude-Test-Practice-Hub,06 Technical Aptitude (Basic Programming and AIML Concepts)/02 Intermediate/README.md
computer-fundamentals-intermediate-data-structures-0037,computer-fundamentals,Technical Aptitude (Basic Programming and AIML Concepts),Data Structures,intermediate,"In a hash table with chaining, what is the average time complexity for search with n elements and m buckets?",O(1) (assuming m ≈ n) | O(3) (assuming m ≈ n) | O(2) (assuming m ≈ n) | O(31) (assuming m ≈ n),O(1) (assuming m ≈ n),"Average chain length = n/m. Search: O(n/m). If m ≈ n, O(1).",rohanmistry231/CSE-Aptitude-Test-Practice-Hub,06 Technical Aptitude (Basic Programming and AIML Concepts)/02 Intermediate/README.md
computer-fundamentals-intermediate-data-structures-0038,computer-fundamentals,Technical Aptitude (Basic Programming and AIML Concepts),Data Structures,intermediate,"In Python, what is the output of: `from collections import Counter; c = Counter([1, 2, 2, 3]); print(c[2])`?",2 | 4 | 1 | 32,2,`Counter` counts occurrences. `c[2]` = 2 (two `2`s).,rohanmistry231/CSE-Aptitude-Test-Practice-Hub,06 Technical Aptitude (Basic Programming and AIML Concepts)/02 Intermediate/README.md
computer-fundamentals-intermediate-data-structures-0039,computer-fundamentals,Technical Aptitude (Basic Programming and AIML Concepts),Data Structures,intermediate,What is the time complexity to check if a binary tree is balanced?,O(n) | None of the above | Both O(n)... and alternative | Insufficient data,O(n),"Compute height of each subtree, check difference: O(n).",rohanmistry231/CSE-Aptitude-Test-Practice-Hub,06 Technical Aptitude (Basic Programming and AIML Concepts)/02 Intermediate/README.md
computer-fundamentals-intermediate-data-structures-0040,computer-fundamentals,Technical Aptitude (Basic Programming and AIML Concepts),Data Structures,intermediate,"In a stack, after push(1, 2, 3), pop(), push(4), pop(), what is the top element?",2 | 4 | 1 | 32,2,"Stack: Push `1, 2, 3`. Pop removes `3`. Push `4`. Pop removes `4`. Top: `2`.",rohanmistry231/CSE-Aptitude-Test-Practice-Hub,06 Technical Aptitude (Basic Programming and AIML Concepts)/02 Intermediate/README.md
computer-fundamentals-intermediate-algorithms-0041,computer-fundamentals,Technical Aptitude (Basic Programming and AIML Concepts),Algorithms,intermediate,What is the time complexity of merge sort for n elements?,O(n log n) | None of the above | Both O(n log n)... and alternative | Insufficient data,O(n log n),Divide and merge: O(n log n).,rohanmistry231/CSE-Aptitude-Test-Practice-Hub,06 Technical Aptitude (Basic Programming and AIML Concepts)/02 Intermediate/README.md
computer-fundamentals-intermediate-algorithms-0042,computer-fundamentals,Technical Aptitude (Basic Programming and AIML Concepts),Algorithms,intermediate,"In Python, what is the output of this binary search: `def bs(arr, t): l, r = 0, len(arr)-1; while l <= r: m = (l+r)//2; if arr[m] == t: return m; elif arr[m] < t: l = m+1; else: r = m-1; return -1; print(bs([1, 2, 3, 4], 3))`?",2 | 4 | 1 | 32,2,Binary search finds `3` at index `2`.,rohanmistry231/CSE-Aptitude-Test-Practice-Hub,06 Technical Aptitude (Basic Programming and AIML Concepts)/02 Intermediate/README.md
computer-fundamentals-intermediate-algorithms-0043,computer-fundamentals,Technical Aptitude (Basic Programming and AIML Concepts),Algorithms,intermediate,What is the space complexity of quicksort?,O(log n) (average) | None of the above | Both O(log n) (avera... and alternative | Insufficient data,O(log n) (average),"Recursion stack: O(log n) average, O(n) worst case.",rohanmistry231/CSE-Aptitude-Test-Practice-Hub,06 Technical Aptitude (Basic Programming and AIML Concepts)/02 Intermediate/README.md
computer-fundamentals-intermediate-algorithms-0044,computer-fundamentals,Technical Aptitude (Basic Programming and AIML Concepts),Algorithms,intermediate,"In C, what is the output of this GCD code: `int gcd(int a, int b) { if(b == 0) return a; return gcd(b, a % b); } printf(""%d"", gcd(48, 18));`?",6 | 11 | 3 | 12,6,"Euclidean algorithm: `gcd(48, 18) = gcd(18, 12) = gcd(12, 6) = gcd(6, 0) = 6`.",rohanmistry231/CSE-Aptitude-Test-Practice-Hub,06 Technical Aptitude (Basic Programming and AIML Concepts)/02 Intermediate/README.md
computer-fundamentals-intermediate-algorithms-0045,computer-fundamentals,Technical Aptitude (Basic Programming and AIML Concepts),Algorithms,intermediate,What is the time complexity of finding all pairs in an array of n elements that sum to a given value?,O(n) (with hash set) | None of the above | Both O(n) (with hash... and alternative | Insufficient data,O(n) (with hash set),Using a hash set: O(n). Without hash set: O(n²).,rohanmistry231/CSE-Aptitude-Test-Practice-Hub,06 Technical Aptitude (Basic Programming and AIML Concepts)/02 Intermediate/README.md
computer-fundamentals-intermediate-algorithms-0046,computer-fundamentals,Technical Aptitude (Basic Programming and AIML Concepts),Algorithms,intermediate,"In Python, what is the output of: `x = [4, 2, 5, 1]; x.sort(); print(x)`?","[1, 2, 4, 5] | [3, 2, 4, 5] | [2, 2, 4, 5] | [31, 2, 4, 5]","[1, 2, 4, 5]","`sort()` sorts in-place: `[1, 2, 4, 5]`.",rohanmistry231/CSE-Aptitude-Test-Practice-Hub,06 Technical Aptitude (Basic Programming and AIML Concepts)/02 Intermediate/README.md
computer-fundamentals-intermediate-algorithms-0047,computer-fundamentals,Technical Aptitude (Basic Programming and AIML Concepts),Algorithms,intermediate,What is the time complexity of Dijkstra’s algorithm using a priority queue for a graph with V vertices and E edges?,O((V + E) log V) | None of the above | Both O((V + E) log V... and alternative | Insufficient data,O((V + E) log V),Priority queue operations: O((V + E) log V).,rohanmistry231/CSE-Aptitude-Test-Practice-Hub,06 Technical Aptitude (Basic Programming and AIML Concepts)/02 Intermediate/README.md
computer-fundamentals-intermediate-algorithms-0048,computer-fundamentals,Technical Aptitude (Basic Programming and AIML Concepts),Algorithms,intermediate,"In C++, what is the output of: `vector<int> v = {1, 2, 3}; rotate(v.begin(), v.begin()+1, v.end()); cout << v[0];`?",2 | 4 | 1 | 32,2,"`rotate` shifts left by 1: `[2, 3, 1]`. First element: `2`.",rohanmistry231/CSE-Aptitude-Test-Practice-Hub,06 Technical Aptitude (Basic Programming and AIML Concepts)/02 Intermediate/README.md
computer-fundamentals-intermediate-algorithms-0049,computer-fundamentals,Technical Aptitude (Basic Programming and AIML Concepts),Algorithms,intermediate,What is the time complexity of insertion sort for n elements?,O(n²) | None of the above | Both O(n²)... and alternative | Insufficient data,O(n²),Compare and shift: O(n²).,rohanmistry231/CSE-Aptitude-Test-Practice-Hub,06 Technical Aptitude (Basic Programming and AIML Concepts)/02 Intermediate/README.md
computer-fundamentals-intermediate-algorithms-0050,computer-fundamentals,Technical Aptitude (Basic Programming and AIML Concepts),Algorithms,intermediate,"In Python, what is the output of: `x = [1, 2, 3, 4]; print([i for i in x if i % 2 == 0])`?","[2, 4] | [4, 4] | [1, 4] | [32, 4]","[2, 4]","List comprehension filters even numbers: `[2, 4]`.",rohanmistry231/CSE-Aptitude-Test-Practice-Hub,06 Technical Aptitude (Basic Programming and AIML Concepts)/02 Intermediate/README.md
computer-fundamentals-intermediate-algorithms-0051,computer-fundamentals,Technical Aptitude (Basic Programming and AIML Concepts),Algorithms,intermediate,What is the time complexity of checking if a string is a palindrome?,O(n) | None of the above | Both O(n)... and alternative | Insufficient data,O(n),Compare characters from both ends: O(n).,rohanmistry231/CSE-Aptitude-Test-Practice-Hub,06 Technical Aptitude (Basic Programming and AIML Concepts)/02 Intermediate/README.md
computer-fundamentals-intermediate-algorithms-0052,computer-fundamentals,Technical Aptitude (Basic Programming and AIML Concepts),Algorithms,intermediate,"In C, what is the output of this Fibonacci code: `int fib(int n) { if(n <= 1) return n; return fib(n-1) + fib(n-2); } printf(""%d"", fib(5));`?",5 | 7 | 2 | 10,5,`fib(5) = fib(4) + fib(3) = (fib(3) + fib(2)) + (fib(2) + fib(1)) = (2 + 1) + (1 + 1) = 5`.,rohanmistry231/CSE-Aptitude-Test-Practice-Hub,06 Technical Aptitude (Basic Programming and AIML Concepts)/02 Intermediate/README.md
computer-fundamentals-intermediate-algorithms-0053,computer-fundamentals,Technical Aptitude (Basic Programming and AIML Concepts),Algorithms,intermediate,What is the space complexity of merge sort?,O(n) | None of the above | Both O(n)... and alternative | Insufficient data,O(n),Extra array for merging: O(n).,rohanmistry231/CSE-Aptitude-Test-Practice-Hub,06 Technical Aptitude (Basic Programming and AIML Concepts)/02 Intermediate/README.md
computer-fundamentals-intermediate-algorithms-0054,computer-fundamentals,Technical Aptitude (Basic Programming and AIML Concepts),Algorithms,intermediate,"In Python, what is the output of: `x = ""hello""; print(''.join(reversed(x)))`?",olleh | None of the above | Both olleh... and alternative | Insufficient data,olleh,"`reversed` reverses string: `""olleh""`.",rohanmistry231/CSE-Aptitude-Test-Practice-Hub,06 Technical Aptitude (Basic Programming and AIML Concepts)/02 Intermediate/README.md
computer-fundamentals-intermediate-algorithms-0055,computer-fundamentals,Technical Aptitude (Basic Programming and AIML Concepts),Algorithms,intermediate,What is the time complexity of finding the longest common prefix of n strings of length m?,O(n * m) | None of the above | Both O(n * m)... and alternative | Insufficient data,O(n * m),Compare characters across strings: O(n * m).,rohanmistry231/CSE-Aptitude-Test-Practice-Hub,06 Technical Aptitude (Basic Programming and AIML Concepts)/02 Intermediate/README.md
computer-fundamentals-intermediate-algorithms-0056,computer-fundamentals,Technical Aptitude (Basic Programming and AIML Concepts),Algorithms,intermediate,"In C++, what is the output of: `int arr[] = {1, 2, 3}; int *p = arr; cout << *(p + 2);`?",3 | 5 | 1 | 6,3,`*(p + 2)` accesses `arr[2] = 3`.,rohanmistry231/CSE-Aptitude-Test-Practice-Hub,06 Technical Aptitude (Basic Programming and AIML Concepts)/02 Intermediate/README.md
computer-fundamentals-intermediate-algorithms-0057,computer-fundamentals,Technical Aptitude (Basic Programming and AIML Concepts),Algorithms,intermediate,What is the time complexity of counting sort for n elements with range k?,O(n + k) | None of the above | Both O(n + k)... and alternative | Insufficient data,O(n + k),Create count array and output: O(n + k).,rohanmistry231/CSE-Aptitude-Test-Practice-Hub,06 Technical Aptitude (Basic Programming and AIML Concepts)/02 Intermediate/README.md
computer-fundamentals-intermediate-algorithms-0058,computer-fundamentals,Technical Aptitude (Basic Programming and AIML Concepts),Algorithms,intermediate,"In Python, what is the output of: `x = [1, 2, 2, 3]; print(list(set(x)))`?","[1, 2, 3] | [3, 2, 3] | [2, 2, 3] | [31, 2, 3]","[1, 2, 3]","`set(x)` removes duplicates, `list` converts back: `[1, 2, 3]`.",rohanmistry231/CSE-Aptitude-Test-Practice-Hub,06 Technical Aptitude (Basic Programming and AIML Concepts)/02 Intermediate/README.md
computer-fundamentals-intermediate-algorithms-0059,computer-fundamentals,Technical Aptitude (Basic Programming and AIML Concepts),Algorithms,intermediate,What is the time complexity of detecting a cycle in a linked list?,O(n) | None of the above | Both O(n)... and alternative | Insufficient data,O(n),Floyd’s cycle-finding algorithm (two pointers): O(n).,rohanmistry231/CSE-Aptitude-Test-Practice-Hub,06 Technical Aptitude (Basic Programming and AIML Concepts)/02 Intermediate/README.md
computer-fundamentals-intermediate-algorithms-0060,computer-fundamentals,Technical Aptitude (Basic Programming and AIML Concepts),Algorithms,intermediate,"In C, what is the output of: `int arr[] = {3, 1, 4}; qsort(arr, 3, sizeof(int), [](const void* a, const void* b){return *(int*)a - *(int*)b;}); printf(""%d"", arr[0]);`?",1 | 3 | 2 | 31,1,"`qsort` sorts array: `[1, 3, 4]`. First element: `1`.",rohanmistry231/CSE-Aptitude-Test-Practice-Hub,06 Technical Aptitude (Basic Programming and AIML Concepts)/02 Intermediate/README.md
computer-fundamentals-intermediate-database-basics-0061,computer-fundamentals,Technical Aptitude (Basic Programming and AIML Concepts),Database Basics,intermediate,"What is the result of this SQL query: `SELECT name, salary FROM employees WHERE department = 'IT' ORDER BY salary DESC;`?",IT employees sorted by salary (highest first) | None of the above | Both IT employees so... and alternative | Insufficient data,IT employees sorted by salary (highest first),"Retrieves `name` and `salary` for `department = 'IT'`, sorted by `salary` in descending order.",rohanmistry231/CSE-Aptitude-Test-Practice-Hub,06 Technical Aptitude (Basic Programming and AIML Concepts)/02 Intermediate/README.md
computer-fundamentals-intermediate-database-basics-0062,computer-fundamentals,Technical Aptitude (Basic Programming and AIML Concepts),Database Basics,intermediate,What does `SELECT * FROM orders INNER JOIN customers ON orders.customer_id = customers.id;` do?,Joins orders with customer details | None of the above | Both Joins orders wi... and alternative | Insufficient data,Joins orders with customer details,Combines rows from `orders` and `customers` where `customer_id` matches `id`.,rohanmistry231/CSE-Aptitude-Test-Practice-Hub,06 Technical Aptitude (Basic Programming and AIML Concepts)/02 Intermediate/README.md
computer-fundamentals-intermediate-database-basics-0063,computer-fundamentals,Technical Aptitude (Basic Programming and AIML Concepts),Database Basics,intermediate,"What is the output of: `SELECT department, COUNT(*) FROM employees GROUP BY department;`?",Department-wise employee counts | None of the above | Both Department-wise... and alternative | Insufficient data,Department-wise employee counts,Counts employees per `department`.,rohanmistry231/CSE-Aptitude-Test-Practice-Hub,06 Technical Aptitude (Basic Programming and AIML Concepts)/02 Intermediate/README.md
computer-fundamentals-intermediate-database-basics-0064,computer-fundamentals,Technical Aptitude (Basic Programming and AIML Concepts),Database Basics,intermediate,What does `FOREIGN KEY` constraint ensure in SQL?,Referential integrity | None of the above | Both Referential int... and alternative | Insufficient data,Referential integrity,Ensures values in a column match values in another table’s primary key.,rohanmistry231/CSE-Aptitude-Test-Practice-Hub,06 Technical Aptitude (Basic Programming and AIML Concepts)/02 Intermediate/README.md
computer-fundamentals-intermediate-database-basics-0065,computer-fundamentals,Technical Aptitude (Basic Programming and AIML Concepts),Database Basics,intermediate,What is the result of: `SELECT product_name FROM products WHERE price BETWEEN 50 AND 100;`?,Products priced 50–100 | Products priced 55–100 | Products priced 47–100 | Products priced 100–100,Products priced 50–100,Retrieves `product_name` where `price` is 50 to 100 (inclusive).,rohanmistry231/CSE-Aptitude-Test-Practice-Hub,06 Technical Aptitude (Basic Programming and AIML Concepts)/02 Intermediate/README.md
computer-fundamentals-intermediate-database-basics-0066,computer-fundamentals,Technical Aptitude (Basic Programming and AIML Concepts),Database Basics,intermediate,What does `SELECT DISTINCT city FROM customers;` do?,Unique cities | None of the above | Both Unique cities... and alternative | Insufficient data,Unique cities,Returns unique `city` values from `customers`.,rohanmistry231/CSE-Aptitude-Test-Practice-Hub,06 Technical Aptitude (Basic Programming and AIML Concepts)/02 Intermediate/README.md
computer-fundamentals-intermediate-database-basics-0067,computer-fundamentals,Technical Aptitude (Basic Programming and AIML Concepts),Database Basics,intermediate,What is the output of: `SELECT name FROM students WHERE marks > (SELECT AVG(marks) FROM students);`?,Students with above-average marks | None of the above | Both Students with a... and alternative | Insufficient data,Students with above-average marks,Retrieves `name` of students with `marks` above the average.,rohanmistry231/CSE-Aptitude-Test-Practice-Hub,06 Technical Aptitude (Basic Programming and AIML Concepts)/02 Intermediate/README.md
computer-fundamentals-intermediate-database-basics-0068,computer-fundamentals,Technical Aptitude (Basic Programming and AIML Concepts),Database Basics,intermediate,What does `ALTER TABLE employees ADD COLUMN email VARCHAR(100);` do?,Adds email column | None of the above | Both Adds email colu... and alternative | Insufficient data,Adds email column,Adds an `email` column to `employees` table.,rohanmistry231/CSE-Aptitude-Test-Practice-Hub,06 Technical Aptitude (Basic Programming and AIML Concepts)/02 Intermediate/README.md
computer-fundamentals-intermediate-database-basics-0069,computer-fundamentals,Technical Aptitude (Basic Programming and AIML Concepts),Database Basics,intermediate,"What is the result of: `SELECT order_id, customer_name FROM orders LEFT JOIN customers ON orders.customer_id = customers.id;`?",All orders with customer names (or NULL) | None of the above | Both All orders with... and alternative | Insufficient data,All orders with customer names (or NULL),"Includes all `orders`, with matching `customer_name` or NULL if no match.",rohanmistry231/CSE-Aptitude-Test-Practice-Hub,06 Technical Aptitude (Basic Programming and AIML Concepts)/02 Intermediate/README.md
computer-fundamentals-intermediate-database-basics-0070,computer-fundamentals,Technical Aptitude (Basic Programming and AIML Concepts),Database Basics,intermediate,What does `CREATE INDEX idx_name ON employees(name);` do?,Improves query performance | None of the above | Both Improves query ... and alternative | Insufficient data,Improves query performance,Creates an index on `name` column to speed up queries.,rohanmistry231/CSE-Aptitude-Test-Practice-Hub,06 Technical Aptitude (Basic Programming and AIML Concepts)/02 Intermediate/README.md
computer-fundamentals-intermediate-computer-networks-0071,computer-fundamentals,Technical Aptitude (Basic Programming and AIML Concepts),Computer Networks,intermediate,What is the purpose of the OSI model?,Standardizes network communication | None of the above | Both Standardizes ne... and alternative | Insufficient data,Standardizes network communication,Provides a framework for network communication with seven layers.,rohanmistry231/CSE-Aptitude-Test-Practice-Hub,06 Technical Aptitude (Basic Programming and AIML Concepts)/02 Intermediate/README.md
computer-fundamentals-intermediate-computer-networks-0072,computer-fundamentals,Technical Aptitude (Basic Programming and AIML Concepts),Computer Networks,intermediate,Which layer of the OSI model handles routing of packets?,Network layer | None of the above | Both Network layer... and alternative | Insufficient data,Network layer,Network layer (Layer 3) manages routing.,rohanmistry231/CSE-Aptitude-Test-Practice-Hub,06 Technical Aptitude (Basic Programming and AIML Concepts)/02 Intermediate/README.md
computer-fundamentals-intermediate-computer-networks-0073,computer-fundamentals,Technical Aptitude (Basic Programming and AIML Concepts),Computer Networks,intermediate,What is the port number used by HTTPS?,443 | 448 | 440 | 886,443,HTTPS uses port 443 for secure communication.,rohanmistry231/CSE-Aptitude-Test-Practice-Hub,06 Technical Aptitude (Basic Programming and AIML Concepts)/02 Intermediate/README.md
computer-fundamentals-intermediate-computer-networks-0074,computer-fundamentals,Technical Aptitude (Basic Programming and AIML Concepts),Computer Networks,intermediate,What is the purpose of NAT (Network Address Translation)?,IP address mapping | None of the above | Both IP address mapp... and alternative | Insufficient data,IP address mapping,Maps private IP addresses to a public IP for internet access.,rohanmistry231/CSE-Aptitude-Test-Practice-Hub,06 Technical Aptitude (Basic Programming and AIML Concepts)/02 Intermediate/README.md
computer-fundamentals-intermediate-computer-networks-0075,computer-fundamentals,Technical Aptitude (Basic Programming and AIML Concepts),Computer Networks,intermediate,What is the difference between a hub and a switch?,"Hub: broadcasts, Switch: targeted | None of the above | Both Hub: broadcasts... and alternative | Insufficient data","Hub: broadcasts, Switch: targeted",Hub broadcasts data to all ports; switch forwards data to specific devices.,rohanmistry231/CSE-Aptitude-Test-Practice-Hub,06 Technical Aptitude (Basic Programming and AIML Concepts)/02 Intermediate/README.md
computer-fundamentals-intermediate-computer-networks-0076,computer-fundamentals,Technical Aptitude (Basic Programming and AIML Concepts),Computer Networks,intermediate,What is the role of the MAC address?,Device identification | None of the above | Both Device identifi... and alternative | Insufficient data,Device identification,Uniquely identifies a device at the data link layer.,rohanmistry231/CSE-Aptitude-Test-Practice-Hub,06 Technical Aptitude (Basic Programming and AIML Concepts)/02 Intermediate/README.md
computer-fundamentals-intermediate-computer-networks-0077,computer-fundamentals,Technical Aptitude (Basic Programming and AIML Concepts),Computer Networks,intermediate,What does the TCP three-way handshake involve?,Connection establishment | None of the above | Both Connection esta... and alternative | Insufficient data,Connection establishment,"SYN, SYN-ACK, ACK to establish a connection.",rohanmistry231/CSE-Aptitude-Test-Practice-Hub,06 Technical Aptitude (Basic Programming and AIML Concepts)/02 Intermediate/README.md
computer-fundamentals-intermediate-computer-networks-0078,computer-fundamentals,Technical Aptitude (Basic Programming and AIML Concepts),Computer Networks,intermediate,What is the purpose of ICMP?,Error reporting | None of the above | Both Error reporting... and alternative | Insufficient data,Error reporting,"Handles error messages and diagnostics (e.g., ping).",rohanmistry231/CSE-Aptitude-Test-Practice-Hub,06 Technical Aptitude (Basic Programming and AIML Concepts)/02 Intermediate/README.md
computer-fundamentals-intermediate-computer-networks-0079,computer-fundamentals,Technical Aptitude (Basic Programming and AIML Concepts),Computer Networks,intermediate,What is the maximum number of hosts in a subnet with mask 255.255.255.240?,14 | 19 | 11 | 28,14,"`/28` (240 = 11110000) has 2⁴ = 16 addresses (14 hosts, 1 network, 1 broadcast).",rohanmistry231/CSE-Aptitude-Test-Practice-Hub,06 Technical Aptitude (Basic Programming and AIML Concepts)/02 Intermediate/README.md
computer-fundamentals-intermediate-computer-networks-0080,computer-fundamentals,Technical Aptitude (Basic Programming and AIML Concepts),Computer Networks,intermediate,What is the role of BGP in networking?,Inter-domain routing | None of the above | Both Inter-domain ro... and alternative | Insufficient data,Inter-domain routing,Border Gateway Protocol routes data between autonomous systems.,rohanmistry231/CSE-Aptitude-Test-Practice-Hub,06 Technical Aptitude (Basic Programming and AIML Concepts)/02 Intermediate/README.md
computer-fundamentals-intermediate-operating-systems-0081,computer-fundamentals,Technical Aptitude (Basic Programming and AIML Concepts),Operating Systems,intermediate,What is the difference between preemptive and non-preemptive scheduling?,"Preemptive: interruptible, Non-preemptive: uninterruptible | None of the above | Both Preemptive: int... and alternative | Insufficient data","Preemptive: interruptible, Non-preemptive: uninterruptible",Preemptive: CPU can interrupt a process; Non-preemptive: process runs to completion.,rohanmistry231/CSE-Aptitude-Test-Practice-Hub,06 Technical Aptitude (Basic Programming and AIML Concepts)/02 Intermediate/README.md
computer-fundamentals-intermediate-operating-systems-0082,computer-fundamentals,Technical Aptitude (Basic Programming and AIML Concepts),Operating Systems,intermediate,What is a semaphore in an operating system?,Synchronization mechanism | None of the above | Both Synchronization... and alternative | Insufficient data,Synchronization mechanism,Synchronization tool to control access to shared resources.,rohanmistry231/CSE-Aptitude-Test-Practice-Hub,06 Technical Aptitude (Basic Programming and AIML Concepts)/02 Intermediate/README.md
computer-fundamentals-intermediate-operating-systems-0083,computer-fundamentals,Technical Aptitude (Basic Programming and AIML Concepts),Operating Systems,intermediate,What is the purpose of paging in memory management?,Memory allocation | None of the above | Both Memory allocati... and alternative | Insufficient data,Memory allocation,Divides memory into fixed-size pages to simplify allocation.,rohanmistry231/CSE-Aptitude-Test-Practice-Hub,06 Technical Aptitude (Basic Programming and AIML Concepts)/02 Intermediate/README.md
computer-fundamentals-intermediate-operating-systems-0084,computer-fundamentals,Technical Aptitude (Basic Programming and AIML Concepts),Operating Systems,intermediate,What is the difference between a process and a thread?,"Process: isolated, Thread: shared memory | None of the above | Both Process: isolat... and alternative | Insufficient data","Process: isolated, Thread: shared memory","Process: independent program with own memory; Thread: lightweight, shares process memory.",rohanmistry231/CSE-Aptitude-Test-Practice-Hub,06 Technical Aptitude (Basic Programming and AIML Concepts)/02 Intermediate/README.md
computer-fundamentals-intermediate-operating-systems-0085,computer-fundamentals,Technical Aptitude (Basic Programming and AIML Concepts),Operating Systems,intermediate,What is the role of the swap space in an OS?,Extends virtual memory | None of the above | Both Extends virtual... and alternative | Insufficient data,Extends virtual memory,Disk space used to store inactive pages when RAM is full.,rohanmistry231/CSE-Aptitude-Test-Practice-Hub,06 Technical Aptitude (Basic Programming and AIML Concepts)/02 Intermediate/README.md
computer-fundamentals-intermediate-operating-systems-0086,computer-fundamentals,Technical Aptitude (Basic Programming and AIML Concepts),Operating Systems,intermediate,What is a context switch in an operating system?,Process switching | None of the above | Both Process switchi... and alternative | Insufficient data,Process switching,Saves current process state and loads another to switch execution.,rohanmistry231/CSE-Aptitude-Test-Practice-Hub,06 Technical Aptitude (Basic Programming and AIML Concepts)/02 Intermediate/README.md
computer-fundamentals-intermediate-operating-systems-0087,computer-fundamentals,Technical Aptitude (Basic Programming and AIML Concepts),Operating Systems,intermediate,What is the purpose of the LRU page replacement algorithm?,Optimizes page replacement | None of the above | Both Optimizes page ... and alternative | Insufficient data,Optimizes page replacement,Replaces the least recently used page to minimize page faults.,rohanmistry231/CSE-Aptitude-Test-Practice-Hub,06 Technical Aptitude (Basic Programming and AIML Concepts)/02 Intermediate/README.md
computer-fundamentals-intermediate-operating-systems-0088,computer-fundamentals,Technical Aptitude (Basic Programming and AIML Concepts),Operating Systems,intermediate,What is a race condition in an OS?,Concurrent access issue | None of the above | Both Concurrent acce... and alternative | Insufficient data,Concurrent access issue,"Occurs when multiple processes access shared data concurrently, leading to unpredictable results.",rohanmistry231/CSE-Aptitude-Test-Practice-Hub,06 Technical Aptitude (Basic Programming and AIML Concepts)/02 Intermediate/README.md
computer-fundamentals-intermediate-operating-systems-0089,computer-fundamentals,Technical Aptitude (Basic Programming and AIML Concepts),Operating Systems,intermediate,What is the role of the file allocation table (FAT) in a file system?,File location tracking | None of the above | Both File location t... and alternative | Insufficient data,File location tracking,Tracks file locations on disk.,rohanmistry231/CSE-Aptitude-Test-Practice-Hub,06 Technical Aptitude (Basic Programming and AIML Concepts)/02 Intermediate/README.md
computer-fundamentals-intermediate-operating-systems-0090,computer-fundamentals,Technical Aptitude (Basic Programming and AIML Concepts),Operating Systems,intermediate,What is the purpose of a mutex in an OS?,Mutual exclusion | None of the above | Both Mutual exclusio... and alternative | Insufficient data,Mutual exclusion,Ensures mutual exclusion to prevent concurrent access to critical sections.,rohanmistry231/CSE-Aptitude-Test-Practice-Hub,06 Technical Aptitude (Basic Programming and AIML Concepts)/02 Intermediate/README.md
computer-fundamentals-intermediate-ai-ml-foundations-0091,computer-fundamentals,Technical Aptitude (Basic Programming and AIML Concepts),AI/ML Foundations,intermediate,What is the difference between classification and regression in ML?,"Classification: labels, Regression: values | None of the above | Both Classification:... and alternative | Insufficient data","Classification: labels, Regression: values",Classification predicts discrete labels; regression predicts continuous values.,rohanmistry231/CSE-Aptitude-Test-Practice-Hub,06 Technical Aptitude (Basic Programming and AIML Concepts)/02 Intermediate/README.md
computer-fundamentals-intermediate-ai-ml-foundations-0092,computer-fundamentals,Technical Aptitude (Basic Programming and AIML Concepts),AI/ML Foundations,intermediate,What is the purpose of cross-validation in ML?,Robust model evaluation | None of the above | Both Robust model ev... and alternative | Insufficient data,Robust model evaluation,Splits data into multiple folds to evaluate model performance robustly.,rohanmistry231/CSE-Aptitude-Test-Practice-Hub,06 Technical Aptitude (Basic Programming and AIML Concepts)/02 Intermediate/README.md
computer-fundamentals-intermediate-ai-ml-foundations-0093,computer-fundamentals,Technical Aptitude (Basic Programming and AIML Concepts),AI/ML Foundations,intermediate,What is the bias-variance tradeoff in ML?,Balances underfitting and overfitting | None of the above | Both Balances underf... and alternative | Insufficient data,Balances underfitting and overfitting,High bias: underfitting; high variance: overfitting. Balance minimizes error.,rohanmistry231/CSE-Aptitude-Test-Practice-Hub,06 Technical Aptitude (Basic Programming and AIML Concepts)/02 Intermediate/README.md
computer-fundamentals-intermediate-ai-ml-foundations-0094,computer-fundamentals,Technical Aptitude (Basic Programming and AIML Concepts),AI/ML Foundations,intermediate,What is the role of the learning rate in gradient descent?,Step size control | None of the above | Both Step size contr... and alternative | Insufficient data,Step size control,Controls step size for parameter updates during optimization.,rohanmistry231/CSE-Aptitude-Test-Practice-Hub,06 Technical Aptitude (Basic Programming and AIML Concepts)/02 Intermediate/README.md
computer-fundamentals-intermediate-ai-ml-foundations-0095,computer-fundamentals,Technical Aptitude (Basic Programming and AIML Concepts),AI/ML Foundations,intermediate,What is the purpose of regularization in ML?,Prevents overfitting | None of the above | Both Prevents overfi... and alternative | Insufficient data,Prevents overfitting,Adds penalty to model complexity to prevent overfitting.,rohanmistry231/CSE-Aptitude-Test-Practice-Hub,06 Technical Aptitude (Basic Programming and AIML Concepts)/02 Intermediate/README.md
computer-fundamentals-intermediate-ai-ml-foundations-0096,computer-fundamentals,Technical Aptitude (Basic Programming and AIML Concepts),AI/ML Foundations,intermediate,What is the difference between a perceptron and a multi-layer perceptron (MLP)?,"Perceptron: single, MLP: multiple layers | None of the above | Both Perceptron: sin... and alternative | Insufficient data","Perceptron: single, MLP: multiple layers",Perceptron: single-layer; MLP: multiple layers for non-linear problems.,rohanmistry231/CSE-Aptitude-Test-Practice-Hub,06 Technical Aptitude (Basic Programming and AIML Concepts)/02 Intermediate/README.md
computer-fundamentals-intermediate-ai-ml-foundations-0097,computer-fundamentals,Technical Aptitude (Basic Programming and AIML Concepts),AI/ML Foundations,intermediate,What is the purpose of the softmax function in neural networks?,Probability conversion | None of the above | Both Probability con... and alternative | Insufficient data,Probability conversion,Converts logits to probabilities for multi-class classification.,rohanmistry231/CSE-Aptitude-Test-Practice-Hub,06 Technical Aptitude (Basic Programming and AIML Concepts)/02 Intermediate/README.md
computer-fundamentals-intermediate-ai-ml-foundations-0098,computer-fundamentals,Technical Aptitude (Basic Programming and AIML Concepts),AI/ML Foundations,intermediate,What is the role of k in k-nearest neighbors (k-NN)?,Neighbor count | None of the above | Both Neighbor count... and alternative | Insufficient data,Neighbor count,Number of neighbors considered for prediction.,rohanmistry231/CSE-Aptitude-Test-Practice-Hub,06 Technical Aptitude (Basic Programming and AIML Concepts)/02 Intermediate/README.md
computer-fundamentals-intermediate-ai-ml-foundations-0099,computer-fundamentals,Technical Aptitude (Basic Programming and AIML Concepts),AI/ML Foundations,intermediate,What is the difference between bagging and boosting in ML?,"Bagging: parallel, Boosting: sequential | None of the above | Both Bagging: parall... and alternative | Insufficient data","Bagging: parallel, Boosting: sequential","Bagging: parallel ensembles (e.g., Random Forest); Boosting: sequential, corrects errors (e.g., AdaBoost).",rohanmistry231/CSE-Aptitude-Test-Practice-Hub,06 Technical Aptitude (Basic Programming and AIML Concepts)/02 Intermediate/README.md
computer-fundamentals-intermediate-ai-ml-foundations-0100,computer-fundamentals,Technical Aptitude (Basic Programming and AIML Concepts),AI/ML Foundations,intermediate,What is the purpose of principal component analysis (PCA) in ML?,Dimensionality reduction | None of the above | Both Dimensionality ... and alternative | Insufficient data,Dimensionality reduction,Reduces dimensionality by projecting data onto principal components.,rohanmistry231/CSE-Aptitude-Test-Practice-Hub,06 Technical Aptitude (Basic Programming and AIML Concepts)/02 Intermediate/README.md
computer-fundamentals-advanced-programming-fundamentals-0001,computer-fundamentals,Technical Aptitude (Basic Programming and AIML Concepts),Programming Fundamentals,advanced,"What is the output of this C code: `int x = 5; int *p = &x; *p += 2; printf(""%d %d"", x, *p);`?",7 7 | 12 7 | 4 7 | 14 7,7 7,`p` points to `x`. `*p += 2` modifies `x` to `5 + 2 = 7`. Both `x` and `*p` access the same memory. Output: `7 7`.,rohanmistry231/CSE-Aptitude-Test-Practice-Hub,06 Technical Aptitude (Basic Programming and AIML Concepts)/03 Advance/README.md
computer-fundamentals-advanced-programming-fundamentals-0002,computer-fundamentals,Technical Aptitude (Basic Programming and AIML Concepts),Programming Fundamentals,advanced,"In Python, what is the output of: `x = [[0]*2]*3; x[0][0] = 1; print(x)`?","[[1, 0], [1, 0], [1, 0]] | [[3, 0], [1, 0], [1, 0]] | [[2, 0], [1, 0], [1, 0]] | [[31, 0], [1, 0], [1, 0]]","[[1, 0], [1, 0], [1, 0]]","`[[0]*2]*3` creates three references to the same inner list. Modifying `x[0][0]` affects all rows. Output: `[[1, 0], [1, 0], [1, 0]]`.",rohanmistry231/CSE-Aptitude-Test-Practice-Hub,06 Technical Aptitude (Basic Programming and AIML Concepts)/03 Advance/README.md
computer-fundamentals-advanced-programming-fundamentals-0003,computer-fundamentals,Technical Aptitude (Basic Programming and AIML Concepts),Programming Fundamentals,advanced,"In Java, what is the output of: `String s1 = new String(""test""); String s2 = new String(""test""); System.out.println(s1 == s2);`?",false | None of the above | Both false... and alternative | Insufficient data,false,`==` checks reference equality. `new String` creates distinct objects. Output: `false`.,rohanmistry231/CSE-Aptitude-Test-Practice-Hub,06 Technical Aptitude (Basic Programming and AIML Concepts)/03 Advance/README.md
computer-fundamentals-advanced-programming-fundamentals-0004,computer-fundamentals,Technical Aptitude (Basic Programming and AIML Concepts),Programming Fundamentals,advanced,"In C++, what is the output of: `int x = 10; auto f = [&x]() { x += 5; return x; }; cout << f() << "" "" << x;`?",15 15 | 20 15 | 12 15 | 30 15,15 15,"Lambda captures `x` by reference. `f()` increments `x` to `15`, returns `15`. `x` is also `15`. Output: `15 15`.",rohanmistry231/CSE-Aptitude-Test-Practice-Hub,06 Technical Aptitude (Basic Programming and AIML Concepts)/03 Advance/README.md
computer-fundamentals-advanced-programming-fundamentals-0005,computer-fundamentals,Technical Aptitude (Basic Programming and AIML Concepts),Programming Fundamentals,advanced,"In Python, what is the output of: `def f(x=[]): x.append(1); return x; print(f(), f())`?","[1] [1, 1] | [3] [1, 1] | [2] [1, 1] | [31] [1, 1]","[1] [1, 1]","Default list `x` is shared across calls. First `f()`: `x = [1]`. Second `f()`: `x = [1, 1]`. Output: `[1] [1, 1]`.",rohanmistry231/CSE-Aptitude-Test-Practice-Hub,06 Technical Aptitude (Basic Programming and AIML Concepts)/03 Advance/README.md
computer-fundamentals-advanced-programming-fundamentals-0006,computer-fundamentals,Technical Aptitude (Basic Programming and AIML Concepts),Programming Fundamentals,advanced,"In C, what is the output of: `int x = 5; void *p = &x; printf(""%d"", *(int*)p);`?",5 | 7 | 2 | 10,5,`p` is a void pointer to `x`. Cast to `int*` and dereference gives `5`. Output: `5`.,rohanmistry231/CSE-Aptitude-Test-Practice-Hub,06 Technical Aptitude (Basic Programming and AIML Concepts)/03 Advance/README.md
computer-fundamentals-advanced-programming-fundamentals-0007,computer-fundamentals,Technical Aptitude (Basic Programming and AIML Concepts),Programming Fundamentals,advanced,"In Java, what is the output of: `Integer a = 127; Integer b = 127; System.out.println(a == b);`?",true | None of the above | Both true... and alternative | Insufficient data,true,Integer caching for `-128` to `127` reuses objects. `a` and `b` reference the same object. Output: `true`.,rohanmistry231/CSE-Aptitude-Test-Practice-Hub,06 Technical Aptitude (Basic Programming and AIML Concepts)/03 Advance/README.md
computer-fundamentals-advanced-programming-fundamentals-0008,computer-fundamentals,Technical Aptitude (Basic Programming and AIML Concepts),Programming Fundamentals,advanced,"In Python, what is the output of: `x = {1: [1], 2: [2]}; y = x.copy(); y[1].append(3); print(x[1])`?","[1, 3] | [3, 3] | [2, 3] | [31, 3]","[1, 3]","`copy()` creates a shallow copy. `y[1]` references the same list as `x[1]`. Appending `3` modifies `x[1]`. Output: `[1, 3]`.",rohanmistry231/CSE-Aptitude-Test-Practice-Hub,06 Technical Aptitude (Basic Programming and AIML Concepts)/03 Advance/README.md
computer-fundamentals-advanced-programming-fundamentals-0009,computer-fundamentals,Technical Aptitude (Basic Programming and AIML Concepts),Programming Fundamentals,advanced,"In C++, what is the output of: `int arr[] = {1, 2, 3}; int *p = arr; cout << *(p + 1) * *(p + 2);`?",6 | 11 | 3 | 12,6,"`*(p + 1) = arr[1] = 2`, `*(p + 2) = arr[2] = 3`. `2 * 3 = 6`. Output: `6`.",rohanmistry231/CSE-Aptitude-Test-Practice-Hub,06 Technical Aptitude (Basic Programming and AIML Concepts)/03 Advance/README.md
computer-fundamentals-advanced-programming-fundamentals-0010,computer-fundamentals,Technical Aptitude (Basic Programming and AIML Concepts),Programming Fundamentals,advanced,"In C, what is the output of: `union U { int x; char c; } u; u.x = 258; printf(""%d"", u.c);`?",2 | 4 | 1 | 32,2,Union shares memory. `x = 258` (binary `00000001 00000010`). `c` reads first byte (`00000010` = 2). Output: `2`.,rohanmistry231/CSE-Aptitude-Test-Practice-Hub,06 Technical Aptitude (Basic Programming and AIML Concepts)/03 Advance/README.md
computer-fundamentals-advanced-programming-fundamentals-0011,computer-fundamentals,Technical Aptitude (Basic Programming and AIML Concepts),Programming Fundamentals,advanced,"In Python, what is the output of: `from functools import reduce; print(reduce(lambda x, y: x + y, [1, 2, 3], 0))`?",6 | 11 | 3 | 12,6,`reduce` applies `+` with initial value `0`: `((0 + 1) + 2) + 3 = 6`. Output: `6`.,rohanmistry231/CSE-Aptitude-Test-Practice-Hub,06 Technical Aptitude (Basic Programming and AIML Concepts)/03 Advance/README.md
computer-fundamentals-advanced-programming-fundamentals-0012,computer-fundamentals,Technical Aptitude (Basic Programming and AIML Concepts),Programming Fundamentals,advanced,"In Java, what is the output of: `try { throw new Exception(""Error""); } catch (Exception e) { System.out.println(""Caught""); } finally { System.out.println(""Finally""); }`?",Caught Finally | None of the above | Both Caught Finally... and alternative | Insufficient data,Caught Finally,"Exception is caught, prints `Caught`. `finally` always executes. Output: `Caught Finally`.",rohanmistry231/CSE-Aptitude-Test-Practice-Hub,06 Technical Aptitude (Basic Programming and AIML Concepts)/03 Advance/README.md
computer-fundamentals-advanced-programming-fundamentals-0013,computer-fundamentals,Technical Aptitude (Basic Programming and AIML Concepts),Programming Fundamentals,advanced,"In C++, what is the output of: `vector<int> v = {1, 2, 3}; transform(v.begin(), v.end(), v.begin(), [](int x) { return x * x; }); cout << v[1];`?",4 | 6 | 1 | 8,4,"`transform` squares each element. `v = [1, 4, 9]`. `v[1] = 4`. Output: `4`.",rohanmistry231/CSE-Aptitude-Test-Practice-Hub,06 Technical Aptitude (Basic Programming and AIML Concepts)/03 Advance/README.md
computer-fundamentals-advanced-programming-fundamentals-0014,computer-fundamentals,Technical Aptitude (Basic Programming and AIML Concepts),Programming Fundamentals,advanced,"In Python, what is the output of: `x = [1, 2, 3]; y = iter(x); next(y); print(next(y))`?",2 | 4 | 1 | 32,2,`iter(x)` creates an iterator. First `next(y)` returns `1`. Second `next(y)` returns `2`. Output: `2`.,rohanmistry231/CSE-Aptitude-Test-Practice-Hub,06 Technical Aptitude (Basic Programming and AIML Concepts)/03 Advance/README.md
computer-fundamentals-advanced-programming-fundamentals-0015,computer-fundamentals,Technical Aptitude (Basic Programming and AIML Concepts),Programming Fundamentals,advanced,"In C, what is the output of: `int x = 5; int y = x++ + ++x; printf(""%d %d"", x, y);`?",7 12 (compiler-dependent) | 12 12 (compiler-dependent) | 4 12 (compiler-dependent) | 14 12 (compiler-dependent),7 12 (compiler-dependent),"Undefined behavior due to multiple modifications of `x` without sequence point. Possible: `x = 7`, `y = 12` (5 + 7). Output varies, assume common compiler: `7 12`.",rohanmistry231/CSE-Aptitude-Test-Practice-Hub,06 Technical Aptitude (Basic Programming and AIML Concepts)/03 Advance/README.md
computer-fundamentals-advanced-programming-fundamentals-0016,computer-fundamentals,Technical Aptitude (Basic Programming and AIML Concepts),Programming Fundamentals,advanced,"In Java, what is the output of: `List<Integer> list = Arrays.asList(1, 2, 3); list.replaceAll(x -> x + 1); System.out.println(list);`?","[2, 3, 4] | [4, 3, 4] | [1, 3, 4] | [32, 3, 4]","[2, 3, 4]","`replaceAll` increments each element. `list = [2, 3, 4]`. Output: `[2, 3, 4]`.",rohanmistry231/CSE-Aptitude-Test-Practice-Hub,06 Technical Aptitude (Basic Programming and AIML Concepts)/03 Advance/README.md
computer-fundamentals-advanced-programming-fundamentals-0017,computer-fundamentals,Technical Aptitude (Basic Programming and AIML Concepts),Programming Fundamentals,advanced,"In Python, what is the output of: `import copy; x = [[1], [2]]; y = copy.deepcopy(x); y[0].append(3); print(x)`?","[[1], [2]] | [[3], [2]] | [[2], [2]] | [[31], [2]]","[[1], [2]]","`deepcopy` creates independent copies. Modifying `y` doesn’t affect `x`. Output: `[[1], [2]]`.",rohanmistry231/CSE-Aptitude-Test-Practice-Hub,06 Technical Aptitude (Basic Programming and AIML Concepts)/03 Advance/README.md
computer-fundamentals-advanced-programming-fundamentals-0018,computer-fundamentals,Technical Aptitude (Basic Programming and AIML Concepts),Programming Fundamentals,advanced,"In C++, what is the output of: `int x = 5; function<int(int)> f = [&](int a) { x += a; return x; }; cout << f(3);`?",8 | 13 | 5 | 16,8,"Lambda captures `x` by reference. `f(3)` adds `3` to `x = 5`, returns `x = 8`. Output: `8`.",rohanmistry231/CSE-Aptitude-Test-Practice-Hub,06 Technical Aptitude (Basic Programming and AIML Concepts)/03 Advance/README.md
computer-fundamentals-advanced-programming-fundamentals-0019,computer-fundamentals,Technical Aptitude (Basic Programming and AIML Concepts),Programming Fundamentals,advanced,"In C, what is the output of: `struct S { int x; char c; } s = {10, 'A'}; printf(""%d %c"", s.x, s.c);`?",10 A | 15 A | 7 A | 20 A,10 A,"`s.x = 10`, `s.c = 'A'`. Output: `10 A`.",rohanmistry231/CSE-Aptitude-Test-Practice-Hub,06 Technical Aptitude (Basic Programming and AIML Concepts)/03 Advance/README.md
computer-fundamentals-advanced-programming-fundamentals-0020,computer-fundamentals,Technical Aptitude (Basic Programming and AIML Concepts),Programming Fundamentals,advanced,"In Python, what is the output of: `x = [1, 2, 3]; print(list(filter(lambda x: x % 2 == 1, x)))`?","[1, 3] | [3, 3] | [2, 3] | [31, 3]","[1, 3]","`filter` selects odd numbers: `[1, 3]`. Output: `[1, 3]`.",rohanmistry231/CSE-Aptitude-Test-Practice-Hub,06 Technical Aptitude (Basic Programming and AIML Concepts)/03 Advance/README.md
computer-fundamentals-advanced-data-structures-0021,computer-fundamentals,Technical Aptitude (Basic Programming and AIML Concepts),Data Structures,advanced,What is the time complexity of finding the lowest common ancestor (LCA) in a binary search tree with n nodes?,O(log n) (balanced) | None of the above | Both O(log n) (balan... and alternative | Insufficient data,O(log n) (balanced),"Traverse from root to nodes, comparing values: O(h), where h is height (O(log n) if balanced).",rohanmistry231/CSE-Aptitude-Test-Practice-Hub,06 Technical Aptitude (Basic Programming and AIML Concepts)/03 Advance/README.md
computer-fundamentals-advanced-data-structures-0022,computer-fundamentals,Technical Aptitude (Basic Programming and AIML Concepts),Data Structures,advanced,"In Python, what is the output of this AVL tree insertion (simplified): `class Node: def __init__(self, val): self.val = val; self.left = self.right = None; root = Node(10); root.left = Node(5); root.right = Node(15); root.right.right = Node(20); print(root.right.right.val)`?",20 | 25 | 17 | 40,20,Tree structure: `10 -> 15 -> 20`. `root.right.right.val = 20`. Output: `20`.,rohanmistry231/CSE-Aptitude-Test-Practice-Hub,06 Technical Aptitude (Basic Programming and AIML Concepts)/03 Advance/README.md
computer-fundamentals-advanced-data-structures-0023,computer-fundamentals,Technical Aptitude (Basic Programming and AIML Concepts),Data Structures,advanced,What is the time complexity of building a binary heap from an array of n elements?,O(n) | None of the above | Both O(n)... and alternative | Insufficient data,O(n),Heapify from bottom-up: O(n).,rohanmistry231/CSE-Aptitude-Test-Practice-Hub,06 Technical Aptitude (Basic Programming and AIML Concepts)/03 Advance/README.md
computer-fundamentals-advanced-data-structures-0024,computer-fundamentals,Technical Aptitude (Basic Programming and AIML Concepts),Data Structures,advanced,"In a graph with V vertices and E edges, what is the time complexity of detecting a cycle using DFS?",O(V + E) | None of the above | Both O(V + E)... and alternative | Insufficient data,O(V + E),DFS visits all vertices and edges: O(V + E).,rohanmistry231/CSE-Aptitude-Test-Practice-Hub,06 Technical Aptitude (Basic Programming and AIML Concepts)/03 Advance/README.md
computer-fundamentals-advanced-data-structures-0025,computer-fundamentals,Technical Aptitude (Basic Programming and AIML Concepts),Data Structures,advanced,"In Python, what is the output of: `from collections import defaultdict; d = defaultdict(list); d[1].append(2); d[1].append(3); print(d)`?","defaultdict(<class 'list'>, {1: [2, 3]}) | defaultdict(<class 'list'>, {3: [2, 3]}) | defaultdict(<class 'list'>, {2: [2, 3]}) | defaultdict(<class 'list'>, {31: [2, 3]})","defaultdict(<class 'list'>, {1: [2, 3]})","`defaultdict` creates empty list for new keys. `d[1] = [2, 3]`. Output: `defaultdict(<class 'list'>, {1: [2, 3]})`.",rohanmistry231/CSE-Aptitude-Test-Practice-Hub,06 Technical Aptitude (Basic Programming and AIML Concepts)/03 Advance/README.md
computer-fundamentals-advanced-data-structures-0026,computer-fundamentals,Technical Aptitude (Basic Programming and AIML Concepts),Data Structures,advanced,What is the time complexity of finding the shortest path in an unweighted graph using BFS?,O(V + E) | None of the above | Both O(V + E)... and alternative | Insufficient data,O(V + E),BFS explores all vertices and edges: O(V + E).,rohanmistry231/CSE-Aptitude-Test-Practice-Hub,06 Technical Aptitude (Basic Programming and AIML Concepts)/03 Advance/README.md
computer-fundamentals-advanced-data-structures-0027,computer-fundamentals,Technical Aptitude (Basic Programming and AIML Concepts),Data Structures,advanced,"In a trie with n words of average length k, what is the time complexity to search for a word?",O(k) | None of the above | Both O(k)... and alternative | Insufficient data,O(k),Traverse characters: O(k).,rohanmistry231/CSE-Aptitude-Test-Practice-Hub,06 Technical Aptitude (Basic Programming and AIML Concepts)/03 Advance/README.md
computer-fundamentals-advanced-data-structures-0028,computer-fundamentals,Technical Aptitude (Basic Programming and AIML Concepts),Data Structures,advanced,"In Python, what is the output of: `class Node: def __init__(self, val): self.val = val; self.next = None; head = Node(1); head.next = Node(2); head.next.next = Node(3); print(head.next.next.val)`?",3 | 5 | 1 | 6,3,Linked list: `1 -> 2 -> 3`. `head.next.next.val = 3`. Output: `3`.,rohanmistry231/CSE-Aptitude-Test-Practice-Hub,06 Technical Aptitude (Basic Programming and AIML Concepts)/03 Advance/README.md
computer-fundamentals-advanced-data-structures-0029,computer-fundamentals,Technical Aptitude (Basic Programming and AIML Concepts),Data Structures,advanced,What is the time complexity of Kruskal’s algorithm for minimum spanning tree with V vertices and E edges?,O(E log V) | None of the above | Both O(E log V)... and alternative | Insufficient data,O(E log V),"Sort edges O(E log E), union-find O(E α(V)) ≈ O(E log V). Total: O(E log V).",rohanmistry231/CSE-Aptitude-Test-Practice-Hub,06 Technical Aptitude (Basic Programming and AIML Concepts)/03 Advance/README.md
computer-fundamentals-advanced-data-structures-0030,computer-fundamentals,Technical Aptitude (Basic Programming and AIML Concepts),Data Structures,advanced,"In a segment tree for range sum queries with n elements, what is the time complexity of a query?",O(log n) | None of the above | Both O(log n)... and alternative | Insufficient data,O(log n),Traverse height of tree: O(log n).,rohanmistry231/CSE-Aptitude-Test-Practice-Hub,06 Technical Aptitude (Basic Programming and AIML Concepts)/03 Advance/README.md
computer-fundamentals-advanced-data-structures-0031,computer-fundamentals,Technical Aptitude (Basic Programming and AIML Concepts),Data Structures,advanced,"In Python, what is the output of: `from heapq import heappush, heappop; h = []; heappush(h, 3); heappush(h, 1); heappush(h, 2); print(heappop(h))`?",1 | 3 | 2 | 31,1,"Min-heap: `[1, 2, 3]`. `heappop` removes smallest: `1`. Output: `1`.",rohanmistry231/CSE-Aptitude-Test-Practice-Hub,06 Technical Aptitude (Basic Programming and AIML Concepts)/03 Advance/README.md
computer-fundamentals-advanced-data-structures-0032,computer-fundamentals,Technical Aptitude (Basic Programming and AIML Concepts),Data Structures,advanced,What is the time complexity of deleting a node from a red-black tree with n nodes?,O(log n) | None of the above | Both O(log n)... and alternative | Insufficient data,O(log n),Rebalance after deletion: O(log n).,rohanmistry231/CSE-Aptitude-Test-Practice-Hub,06 Technical Aptitude (Basic Programming and AIML Concepts)/03 Advance/README.md
computer-fundamentals-advanced-data-structures-0033,computer-fundamentals,Technical Aptitude (Basic Programming and AIML Concepts),Data Structures,advanced,"In a weighted graph, what is the time complexity of Bellman-Ford algorithm for single-source shortest paths?",O(V * E) | None of the above | Both O(V * E)... and alternative | Insufficient data,O(V * E),Relax edges V-1 times: O(V * E).,rohanmistry231/CSE-Aptitude-Test-Practice-Hub,06 Technical Aptitude (Basic Programming and AIML Concepts)/03 Advance/README.md
computer-fundamentals-advanced-data-structures-0034,computer-fundamentals,Technical Aptitude (Basic Programming and AIML Concepts),Data Structures,advanced,"In Python, what is the output of: `from collections import deque; g = {1: [2, 3], 2: [4], 3: [4], 4: []}; q = deque([1]); visited = {1}; while q: n = q.popleft(); for nei in g[n]: if nei not in visited: visited.add(nei); q.append(nei); print(len(visited))`?",4 | 6 | 1 | 8,4,"BFS visits all nodes in graph: `1, 2, 3, 4`. `len(visited) = 4`. Output: `4`.",rohanmistry231/CSE-Aptitude-Test-Practice-Hub,06 Technical Aptitude (Basic Programming and AIML Concepts)/03 Advance/README.md
computer-fundamentals-advanced-data-structures-0035,computer-fundamentals,Technical Aptitude (Basic Programming and AIML Concepts),Data Structures,advanced,What is the space complexity of storing a sparse graph with V vertices and E edges?,O(V + E) | None of the above | Both O(V + E)... and alternative | Insufficient data,O(V + E),Adjacency list: O(V + E).,rohanmistry231/CSE-Aptitude-Test-Practice-Hub,06 Technical Aptitude (Basic Programming and AIML Concepts)/03 Advance/README.md
computer-fundamentals-advanced-data-structures-0036,computer-fundamentals,Technical Aptitude (Basic Programming and AIML Concepts),Data Structures,advanced,"In a B-tree of order m with n keys, what is the time complexity of searching a key?",O(log n) | None of the above | Both O(log n)... and alternative | Insufficient data,O(log n),Traverse height: O(log_m n).,rohanmistry231/CSE-Aptitude-Test-Practice-Hub,06 Technical Aptitude (Basic Programming and AIML Concepts)/03 Advance/README.md
computer-fundamentals-advanced-data-structures-0037,computer-fundamentals,Technical Aptitude (Basic Programming and AIML Concepts),Data Structures,advanced,"In Python, what is the output of: `x = [(1, 'a'), (2, 'b'), (1, 'c')]; x.sort(); print(x)`?","[(1, 'a'), (1, 'c'), (2, 'b')] | [(3, 'a'), (1, 'c'), (2, 'b')] | [(2, 'a'), (1, 'c'), (2, 'b')] | [(31, 'a'), (1, 'c'), (2, 'b')]","[(1, 'a'), (1, 'c'), (2, 'b')]","Sort by first element, then second: `[(1, 'a'), (1, 'c'), (2, 'b')]`. Output: `[(1, 'a'), (1, 'c'), (2, 'b')]`.",rohanmistry231/CSE-Aptitude-Test-Practice-Hub,06 Technical Aptitude (Basic Programming and AIML Concepts)/03 Advance/README.md
computer-fundamentals-advanced-data-structures-0038,computer-fundamentals,Technical Aptitude (Basic Programming and AIML Concepts),Data Structures,advanced,What is the time complexity of finding strongly connected components using Kosaraju’s algorithm?,O(V + E) | None of the above | Both O(V + E)... and alternative | Insufficient data,O(V + E),Two DFS passes and transpose: O(V + E).,rohanmistry231/CSE-Aptitude-Test-Practice-Hub,06 Technical Aptitude (Basic Programming and AIML Concepts)/03 Advance/README.md
computer-fundamentals-advanced-data-structures-0039,computer-fundamentals,Technical Aptitude (Basic Programming and AIML Concepts),Data Structures,advanced,"In a suffix tree for a string of length n, what is the time complexity to check if a substring exists?",O(m) | None of the above | Both O(m)... and alternative | Insufficient data,O(m),"Traverse path matching substring: O(m), where m is substring length.",rohanmistry231/CSE-Aptitude-Test-Practice-Hub,06 Technical Aptitude (Basic Programming and AIML Concepts)/03 Advance/README.md
computer-fundamentals-advanced-data-structures-0040,computer-fundamentals,Technical Aptitude (Basic Programming and AIML Concepts),Data Structures,advanced,"In Python, what is the output of: `from collections import OrderedDict; d = OrderedDict([(1, 'a'), (2, 'b')]); d.move_to_end(1); print(list(d.keys()))`?","[2, 1] | [4, 1] | [1, 1] | [32, 1]","[2, 1]","`move_to_end(1)` moves key `1` to end. Keys: `[2, 1]`. Output: `[2, 1]`.",rohanmistry231/CSE-Aptitude-Test-Practice-Hub,06 Technical Aptitude (Basic Programming and AIML Concepts)/03 Advance/README.md
computer-fundamentals-advanced-algorithms-0041,computer-fundamentals,Technical Aptitude (Basic Programming and AIML Concepts),Algorithms,advanced,What is the time complexity of the knapsack problem (0/1) using dynamic programming for n items and capacity W?,O(n * W) | None of the above | Both O(n * W)... and alternative | Insufficient data,O(n * W),DP table of size n × W: O(n * W).,rohanmistry231/CSE-Aptitude-Test-Practice-Hub,06 Technical Aptitude (Basic Programming and AIML Concepts)/03 Advance/README.md
computer-fundamentals-advanced-algorithms-0042,computer-fundamentals,Technical Aptitude (Basic Programming and AIML Concepts),Algorithms,advanced,"In Python, what is the output of this longest common subsequence: `def lcs(s1, s2): m, n = len(s1), len(s2); dp = [[0]*(n+1) for _ in range(m+1)]; for i in range(1, m+1): for j in range(1, n+1): if s1[i-1] == s2[j-1]: dp[i][j] = dp[i-1][j-1] + 1; else: dp[i][j] = max(dp[i-1][j], dp[i][j-1]); return dp[m][n]; print(lcs(""ABC"", ""AC""))`?",2 | 4 | 1 | 32,2,"LCS of `""ABC""` and `""AC""` is `""AC""`. Length: `2`. Output: `2`.",rohanmistry231/CSE-Aptitude-Test-Practice-Hub,06 Technical Aptitude (Basic Programming and AIML Concepts)/03 Advance/README.md
computer-fundamentals-advanced-algorithms-0043,computer-fundamentals,Technical Aptitude (Basic Programming and AIML Concepts),Algorithms,advanced,What is the time complexity of matrix chain multiplication for n matrices using dynamic programming?,O(n³) | None of the above | Both O(n³)... and alternative | Insufficient data,O(n³),DP table for all possible splits: O(n³).,rohanmistry231/CSE-Aptitude-Test-Practice-Hub,06 Technical Aptitude (Basic Programming and AIML Concepts)/03 Advance/README.md
computer-fundamentals-advanced-algorithms-0044,computer-fundamentals,Technical Aptitude (Basic Programming and AIML Concepts),Algorithms,advanced,"In C++, what is the output of: `vector<int> v = {3, 1, 4, 1, 5}; int k = 2; multiset<int> s(v.begin(), v.begin()+k); int ans = *s.rbegin(); for(int i = k; i < v.size(); i++) { s.erase(s.find(v[i-k])); s.insert(v[i]); ans = max(ans, *s.rbegin()); } cout << ans;`?",4 | 6 | 1 | 8,4,"Sliding window maximum using multiset. Max of `[3,1], [1,4], [4,1], [1,5]` is `4`. Output: `4`.",rohanmistry231/CSE-Aptitude-Test-Practice-Hub,06 Technical Aptitude (Basic Programming and AIML Concepts)/03 Advance/README.md
computer-fundamentals-advanced-algorithms-0045,computer-fundamentals,Technical Aptitude (Basic Programming and AIML Concepts),Algorithms,advanced,What is the time complexity of Floyd-Warshall algorithm for all-pairs shortest paths in a graph with V vertices?,O(V³) | None of the above | Both O(V³)... and alternative | Insufficient data,O(V³),Three nested loops: O(V³).,rohanmistry231/CSE-Aptitude-Test-Practice-Hub,06 Technical Aptitude (Basic Programming and AIML Concepts)/03 Advance/README.md
computer-fundamentals-advanced-algorithms-0046,computer-fundamentals,Technical Aptitude (Basic Programming and AIML Concepts),Algorithms,advanced,"In Python, what is the output of: `def kadane(arr): max_so_far = max_ending_here = arr[0]; for x in arr[1:]: max_ending_here = max(x, max_ending_here + x); max_so_far = max(max_so_far, max_ending_here); return max_so_far; print(kadane([-2, 1, -3, 4, -1, 2, 1]))`?",6 | 11 | 3 | 12,6,"Kadane’s algorithm finds max subarray sum: `[4, -1, 2, 1] = 6`. Output: `6`.",rohanmistry231/CSE-Aptitude-Test-Practice-Hub,06 Technical Aptitude (Basic Programming and AIML Concepts)/03 Advance/README.md
computer-fundamentals-advanced-algorithms-0047,computer-fundamentals,Technical Aptitude (Basic Programming and AIML Concepts),Algorithms,advanced,What is the time complexity of finding the median of two sorted arrays of size n each?,O(log n) | None of the above | Both O(log n)... and alternative | Insufficient data,O(log n),Binary search to partition arrays: O(log n).,rohanmistry231/CSE-Aptitude-Test-Practice-Hub,06 Technical Aptitude (Basic Programming and AIML Concepts)/03 Advance/README.md
computer-fundamentals-advanced-algorithms-0048,computer-fundamentals,Technical Aptitude (Basic Programming and AIML Concepts),Algorithms,advanced,"In C, what is the output of this KMP preprocessing: `void computeLPS(char *pat, int m, int *lps) { int len = 0, i = 1; lps[0] = 0; while(i < m) { if(pat[i] == pat[len]) { len++; lps[i++] = len; } else if(len > 0) len = lps[len-1]; else lps[i++] = 0; } } int lps[6]; computeLPS(""AABAAC"", 6, lps); printf(""%d"", lps[5]);`?",0 | 2 | 1 | 30,0,"LPS for `""AABAAC""`: `[0, 1, 0, 1, 2, 0]`. `lps[5] = 0`. Output: `0`.",rohanmistry231/CSE-Aptitude-Test-Practice-Hub,06 Technical Aptitude (Basic Programming and AIML Concepts)/03 Advance/README.md
computer-fundamentals-advanced-algorithms-0049,computer-fundamentals,Technical Aptitude (Basic Programming and AIML Concepts),Algorithms,advanced,What is the time complexity of the A* search algorithm in a graph?,O(b^d) | None of the above | Both O(b^d)... and alternative | Insufficient data,O(b^d),"Depends on heuristic, typically O(b^d) where b is branching factor, d is depth.",rohanmistry231/CSE-Aptitude-Test-Practice-Hub,06 Technical Aptitude (Basic Programming and AIML Concepts)/03 Advance/README.md
computer-fundamentals-advanced-algorithms-0050,computer-fundamentals,Technical Aptitude (Basic Programming and AIML Concepts),Algorithms,advanced,"In Python, what is the output of: `def edit_distance(s1, s2): m, n = len(s1), len(s2); dp = [[0]*(n+1) for _ in range(m+1)]; for i in range(m+1): dp[i][0] = i; for j in range(n+1): dp[0][j] = j; for i in range(1, m+1): for j in range(1, n+1): if s1[i-1] == s2[j-1]: dp[i][j] = dp[i-1][j-1]; else: dp[i][j] = min(dp[i-1][j], dp[i][j-1], dp[i-1][j-1]) + 1; return dp[m][n]; print(edit_distance(""cat"", ""cut""))`?",1 | 3 | 2 | 31,1,"Edit distance from `""cat""` to `""cut""` is 1 (replace `a` with `u`). Output: `1`.",rohanmistry231/CSE-Aptitude-Test-Practice-Hub,06 Technical Aptitude (Basic Programming and AIML Concepts)/03 Advance/README.md
computer-fundamentals-advanced-algorithms-0051,computer-fundamentals,Technical Aptitude (Basic Programming and AIML Concepts),Algorithms,advanced,What is the time complexity of finding the longest palindromic substring using dynamic programming?,O(n²) | None of the above | Both O(n²)... and alternative | Insufficient data,O(n²),DP table for all substrings: O(n²).,rohanmistry231/CSE-Aptitude-Test-Practice-Hub,06 Technical Aptitude (Basic Programming and AIML Concepts)/03 Advance/README.md
computer-fundamentals-advanced-algorithms-0052,computer-fundamentals,Technical Aptitude (Basic Programming and AIML Concepts),Algorithms,advanced,"In C++, what is the output of: `int n = 5; vector<vector<int>> dp(n+1, vector<int>(n+1)); for(int i = 0; i <= n; i++) dp[i][0] = dp[0][i] = 1; for(int i = 1; i <= n; i++) for(int j = 1; j <= n; j++) dp[i][j] = dp[i-1][j] + dp[i][j-1]; cout << dp[n][n];`?",252 | 257 | 249 | 504,252,DP computes number of paths in n×n grid: `dp[5][5] = 252` (binomial coefficient). Output: `252`.,rohanmistry231/CSE-Aptitude-Test-Practice-Hub,06 Technical Aptitude (Basic Programming and AIML Concepts)/03 Advance/README.md
computer-fundamentals-advanced-algorithms-0053,computer-fundamentals,Technical Aptitude (Basic Programming and AIML Concepts),Algorithms,advanced,What is the space complexity of the Rabin-Karp string matching algorithm?,O(1) | O(3) | O(2) | O(31),O(1),Rolling hash and pattern storage: O(1) extra space.,rohanmistry231/CSE-Aptitude-Test-Practice-Hub,06 Technical Aptitude (Basic Programming and AIML Concepts)/03 Advance/README.md
computer-fundamentals-advanced-algorithms-0054,computer-fundamentals,Technical Aptitude (Basic Programming and AIML Concepts),Algorithms,advanced,"In Python, what is the output of: `def max_profit(prices): n = len(prices); if n < 2: return 0; dp = [0]*n; min_price = prices[0]; for i in range(1, n): min_price = min(min_price, prices[i]); dp[i] = max(dp[i-1], prices[i] - min_price); return dp[n-1]; print(max_profit([7, 1, 5, 3, 6, 4]))`?",5 | 7 | 2 | 10,5,"Max profit by buying at `1`, selling at `6`: `6 - 1 = 5`. Output: `5`.",rohanmistry231/CSE-Aptitude-Test-Practice-Hub,06 Technical Aptitude (Basic Programming and AIML Concepts)/03 Advance/README.md
computer-fundamentals-advanced-algorithms-0055,computer-fundamentals,Technical Aptitude (Basic Programming and AIML Concepts),Algorithms,advanced,What is the time complexity of computing the convex hull of n points using Graham’s scan?,O(n log n) | None of the above | Both O(n log n)... and alternative | Insufficient data,O(n log n),"Sort points O(n log n), scan O(n). Total: O(n log n).",rohanmistry231/CSE-Aptitude-Test-Practice-Hub,06 Technical Aptitude (Basic Programming and AIML Concepts)/03 Advance/README.md
computer-fundamentals-advanced-algorithms-0056,computer-fundamentals,Technical Aptitude (Basic Programming and AIML Concepts),Algorithms,advanced,"In C, what is the output of: `int n = 4; int dp[5]; dp[0] = 1; for(int i = 1; i <= n; i++) { dp[i] = 0; for(int j = 0; j < i; j++) dp[i] += dp[j] * dp[i-j-1]; } printf(""%d"", dp[n]);`?",14 | 19 | 11 | 28,14,Catalan number for `n = 4`: `dp[4] = 14` (number of BSTs). Output: `14`.,rohanmistry231/CSE-Aptitude-Test-Practice-Hub,06 Technical Aptitude (Basic Programming and AIML Concepts)/03 Advance/README.md
computer-fundamentals-advanced-algorithms-0057,computer-fundamentals,Technical Aptitude (Basic Programming and AIML Concepts),Algorithms,advanced,What is the time complexity of the Hungarian algorithm for bipartite matching with n vertices?,O(n³) | None of the above | Both O(n³)... and alternative | Insufficient data,O(n³),Maximum flow approach: O(n³).,rohanmistry231/CSE-Aptitude-Test-Practice-Hub,06 Technical Aptitude (Basic Programming and AIML Concepts)/03 Advance/README.md
computer-fundamentals-advanced-algorithms-0058,computer-fundamentals,Technical Aptitude (Basic Programming and AIML Concepts),Algorithms,advanced,"In Python, what is the output of: `def count_inversions(arr): def merge_and_count(l, r): inv = 0; res = []; i = j = 0; while i < len(l) and j < len(r): if l[i] <= r[j]: res.append(l[i]); i += 1; else: res.append(r[j]); inv += len(l)-i; j += 1; res.extend(l[i:]); res.extend(r[j:]); return res, inv; def sort_and_count(arr): if len(arr) <= 1: return arr, 0; mid = len(arr)//2; l, inv_l = sort_and_count(arr[:mid]); r, inv_r = sort_and_count(arr[mid:]); merged, inv_m = merge_and_count(l, r); return merged, inv_l + inv_r + inv_m; _, inv = sort_and_count([3, 1, 2]); print(inv)`?",2 | 4 | 1 | 32,2,"Inversions in `[3, 1, 2]`: `(3, 1), (3, 2)`. Count: `2`. Output: `2`.",rohanmistry231/CSE-Aptitude-Test-Practice-Hub,06 Technical Aptitude (Basic Programming and AIML Concepts)/03 Advance/README.md
computer-fundamentals-advanced-algorithms-0059,computer-fundamentals,Technical Aptitude (Basic Programming and AIML Concepts),Algorithms,advanced,What is the time complexity of finding the k-th smallest element in two sorted arrays of sizes m and n?,"O(log(min(m, n))) | None of the above | Both O(log(min(m, n)... and alternative | Insufficient data","O(log(min(m, n)))","Binary search on partitions: O(log(min(m, n))).",rohanmistry231/CSE-Aptitude-Test-Practice-Hub,06 Technical Aptitude (Basic Programming and AIML Concepts)/03 Advance/README.md
computer-fundamentals-advanced-algorithms-0060,computer-fundamentals,Technical Aptitude (Basic Programming and AIML Concepts),Algorithms,advanced,"In C++, what is the output of: `int n = 3; vector<int> dp(n+1); dp[0] = 1; for(int i = 1; i <= n; i++) for(int j = 1; j <= i; j++) dp[i] += dp[i-j]; cout << dp[n];`?",4 | 6 | 1 | 8,4,"Number of ways to sum to `n` with positive integers: `dp[3] = 4` (1+1+1, 1+2, 2+1, 3). Output: `4`.",rohanmistry231/CSE-Aptitude-Test-Practice-Hub,06 Technical Aptitude (Basic Programming and AIML Concepts)/03 Advance/README.md
computer-fundamentals-advanced-database-basics-0061,computer-fundamentals,Technical Aptitude (Basic Programming and AIML Concepts),Database Basics,advanced,"What is the result of this SQL query: `SELECT d.department_name, AVG(e.salary) FROM employees e JOIN departments d ON e.department_id = d.id GROUP BY d.department_name HAVING COUNT(e.id) > 5 ORDER BY AVG(e.salary) DESC;`?","Department names and average salaries for departments with >5 employees, sorted high to low | Department names and average salaries for departments with >7 employees, sorted high to low | Department names and average salaries for departments with >2 employees, sorted high to low | Department names and average salaries for departments with >10 employees, sorted high to low","Department names and average salaries for departments with >5 employees, sorted high to low","Joins `employees` and `departments`, groups by `department_name`, computes average `salary`, filters departments with >5 employees, sorts by average salary descending.",rohanmistry231/CSE-Aptitude-Test-Practice-Hub,06 Technical Aptitude (Basic Programming and AIML Concepts)/03 Advance/README.md
computer-fundamentals-advanced-database-basics-0062,computer-fundamentals,Technical Aptitude (Basic Programming and AIML Concepts),Database Basics,advanced,"What does `SELECT c.customer_name, COUNT(o.order_id) FROM customers c LEFT JOIN orders o ON c.id = o.customer_id GROUP BY c.customer_name;` do?",Customer names and their order counts | None of the above | Both Customer names ... and alternative | Insufficient data,Customer names and their order counts,"Counts orders per customer, including customers with zero orders.",rohanmistry231/CSE-Aptitude-Test-Practice-Hub,06 Technical Aptitude (Basic Programming and AIML Concepts)/03 Advance/README.md
computer-fundamentals-advanced-database-basics-0063,computer-fundamentals,Technical Aptitude (Basic Programming and AIML Concepts),Database Basics,advanced,"What is the output of: `SELECT product_name, price FROM products WHERE price > (SELECT AVG(price) FROM products WHERE category = products.category);`?",Products above category average price | None of the above | Both Products above ... and alternative | Insufficient data,Products above category average price,Retrieves `product_name` and `price` for products priced above their category’s average.,rohanmistry231/CSE-Aptitude-Test-Practice-Hub,06 Technical Aptitude (Basic Programming and AIML Concepts)/03 Advance/README.md
computer-fundamentals-advanced-database-basics-0064,computer-fundamentals,Technical Aptitude (Basic Programming and AIML Concepts),Database Basics,advanced,What does `CREATE TRIGGER update_stock AFTER INSERT ON orders FOR EACH ROW UPDATE products SET stock = stock - NEW.quantity WHERE id = NEW.product_id;` do?,Updates product stock on order insertion | None of the above | Both Updates product... and alternative | Insufficient data,Updates product stock on order insertion,Automatically reduces `stock` in `products` by `quantity` after an order is inserted.,rohanmistry231/CSE-Aptitude-Test-Practice-Hub,06 Technical Aptitude (Basic Programming and AIML Concepts)/03 Advance/README.md
computer-fundamentals-advanced-database-basics-0065,computer-fundamentals,Technical Aptitude (Basic Programming and AIML Concepts),Database Basics,advanced,What is the result of: `SELECT e1.name FROM employees e1 WHERE e1.salary > (SELECT AVG(e2.salary) FROM employees e2 WHERE e2.manager_id = e1.id);`?,Employees earning above their team’s average | None of the above | Both Employees earni... and alternative | Insufficient data,Employees earning above their team’s average,Retrieves names of employees with salaries above the average salary of their direct reports.,rohanmistry231/CSE-Aptitude-Test-Practice-Hub,06 Technical Aptitude (Basic Programming and AIML Concepts)/03 Advance/README.md
computer-fundamentals-advanced-database-basics-0066,computer-fundamentals,Technical Aptitude (Basic Programming and AIML Concepts),Database Basics,advanced,What does `EXPLAIN SELECT * FROM orders WHERE customer_id = 100;` do?,Shows query plan | None of the above | Both Shows query pla... and alternative | Insufficient data,Shows query plan,"Provides query execution plan, showing how the database processes the query.",rohanmistry231/CSE-Aptitude-Test-Practice-Hub,06 Technical Aptitude (Basic Programming and AIML Concepts)/03 Advance/README.md
computer-fundamentals-advanced-database-basics-0067,computer-fundamentals,Technical Aptitude (Basic Programming and AIML Concepts),Database Basics,advanced,"What is the output of: `SELECT category, MAX(price) FROM products GROUP BY category UNION SELECT 'Total', MAX(price) FROM products;`?",Category max prices and overall max price | None of the above | Both Category max pr... and alternative | Insufficient data,Category max prices and overall max price,"Lists maximum `price` per `category`, plus overall maximum `price` labeled as `'Total'`.",rohanmistry231/CSE-Aptitude-Test-Practice-Hub,06 Technical Aptitude (Basic Programming and AIML Concepts)/03 Advance/README.md
computer-fundamentals-advanced-database-basics-0068,computer-fundamentals,Technical Aptitude (Basic Programming and AIML Concepts),Database Basics,advanced,What does `ALTER TABLE employees ADD CONSTRAINT unique_email UNIQUE (email);` do?,Enforces unique emails | None of the above | Both Enforces unique... and alternative | Insufficient data,Enforces unique emails,"Adds a unique constraint to `email` column, preventing duplicate emails.",rohanmistry231/CSE-Aptitude-Test-Practice-Hub,06 Technical Aptitude (Basic Programming and AIML Concepts)/03 Advance/README.md
computer-fundamentals-advanced-database-basics-0069,computer-fundamentals,Technical Aptitude (Basic Programming and AIML Concepts),Database Basics,advanced,What is the result of: `SELECT name FROM students s WHERE EXISTS (SELECT 1 FROM courses c WHERE c.student_id = s.id AND c.grade = 'A');`?,Students with A-grade courses | None of the above | Both Students with A... and alternative | Insufficient data,Students with A-grade courses,Retrieves `name` of students who have at least one course with grade `'A'`.,rohanmistry231/CSE-Aptitude-Test-Practice-Hub,06 Technical Aptitude (Basic Programming and AIML Concepts)/03 Advance/README.md
computer-fundamentals-advanced-database-basics-0070,computer-fundamentals,Technical Aptitude (Basic Programming and AIML Concepts),Database Basics,advanced,"What does `CREATE VIEW high_salary AS SELECT name, salary FROM employees WHERE salary > 100000;` do?",Creates high-salary view | None of the above | Both Creates high-sa... and alternative | Insufficient data,Creates high-salary view,Creates a virtual table showing `name` and `salary` for employees with `salary > 100000`.,rohanmistry231/CSE-Aptitude-Test-Practice-Hub,06 Technical Aptitude (Basic Programming and AIML Concepts)/03 Advance/README.md
computer-fundamentals-advanced-computer-networks-0071,computer-fundamentals,Technical Aptitude (Basic Programming and AIML Concepts),Computer Networks,advanced,What is the purpose of the Transport layer in the OSI model?,Reliable data transfer | None of the above | Both Reliable data t... and alternative | Insufficient data,Reliable data transfer,"Provides reliable data transfer, flow control, and error correction.",rohanmistry231/CSE-Aptitude-Test-Practice-Hub,06 Technical Aptitude (Basic Programming and AIML Concepts)/03 Advance/README.md
computer-fundamentals-advanced-computer-networks-0072,computer-fundamentals,Technical Aptitude (Basic Programming and AIML Concepts),Computer Networks,advanced,What is the role of IPSec in network security?,Secures IP communication | None of the above | Both Secures IP comm... and alternative | Insufficient data,Secures IP communication,Provides encryption and authentication for IP packets.,rohanmistry231/CSE-Aptitude-Test-Practice-Hub,06 Technical Aptitude (Basic Programming and AIML Concepts)/03 Advance/README.md
computer-fundamentals-advanced-computer-networks-0073,computer-fundamentals,Technical Aptitude (Basic Programming and AIML Concepts),Computer Networks,advanced,What is the difference between TCP and SCTP?,"TCP: single stream, SCTP: multi-stream | None of the above | Both TCP: single str... and alternative | Insufficient data","TCP: single stream, SCTP: multi-stream","TCP: single stream, reliable; SCTP: multi-stream, supports multi-homing.",rohanmistry231/CSE-Aptitude-Test-Practice-Hub,06 Technical Aptitude (Basic Programming and AIML Concepts)/03 Advance/README.md
computer-fundamentals-advanced-computer-networks-0074,computer-fundamentals,Technical Aptitude (Basic Programming and AIML Concepts),Computer Networks,advanced,What is the purpose of the DHCP protocol?,IP address assignment | None of the above | Both IP address assi... and alternative | Insufficient data,IP address assignment,Dynamically assigns IP addresses to devices on a network.,rohanmistry231/CSE-Aptitude-Test-Practice-Hub,06 Technical Aptitude (Basic Programming and AIML Concepts)/03 Advance/README.md
computer-fundamentals-advanced-computer-networks-0075,computer-fundamentals,Technical Aptitude (Basic Programming and AIML Concepts),Computer Networks,advanced,What is the role of the TTL field in an IP header?,Prevents routing loops | None of the above | Both Prevents routin... and alternative | Insufficient data,Prevents routing loops,Limits packet lifetime to prevent infinite loops (decremented per hop).,rohanmistry231/CSE-Aptitude-Test-Practice-Hub,06 Technical Aptitude (Basic Programming and AIML Concepts)/03 Advance/README.md
computer-fundamentals-advanced-computer-networks-0076,computer-fundamentals,Technical Aptitude (Basic Programming and AIML Concepts),Computer Networks,advanced,What is the difference between stateful and stateless firewalls?,"Stateful: connection-aware, Stateless: rule-based | None of the above | Both Stateful: conne... and alternative | Insufficient data","Stateful: connection-aware, Stateless: rule-based",Stateful: tracks connection states; Stateless: filters packets based on rules.,rohanmistry231/CSE-Aptitude-Test-Practice-Hub,06 Technical Aptitude (Basic Programming and AIML Concepts)/03 Advance/README.md
computer-fundamentals-advanced-computer-networks-0077,computer-fundamentals,Technical Aptitude (Basic Programming and AIML Concepts),Computer Networks,advanced,What is the purpose of the RST flag in TCP?,Connection reset | None of the above | Both Connection rese... and alternative | Insufficient data,Connection reset,Resets a connection due to errors or invalid segments.,rohanmistry231/CSE-Aptitude-Test-Practice-Hub,06 Technical Aptitude (Basic Programming and AIML Concepts)/03 Advance/README.md
computer-fundamentals-advanced-computer-networks-0078,computer-fundamentals,Technical Aptitude (Basic Programming and AIML Concepts),Computer Networks,advanced,What is the role of SNMP in network management?,Network monitoring | None of the above | Both Network monitor... and alternative | Insufficient data,Network monitoring,Simple Network Management Protocol monitors and manages network devices.,rohanmistry231/CSE-Aptitude-Test-Practice-Hub,06 Technical Aptitude (Basic Programming and AIML Concepts)/03 Advance/README.md
computer-fundamentals-advanced-computer-networks-0079,computer-fundamentals,Technical Aptitude (Basic Programming and AIML Concepts),Computer Networks,advanced,"What is the maximum throughput of a network with 100 Mbps bandwidth and 10 ms RTT, assuming TCP with window size 64 KB?",51.2 Mbps | 53.7 Mbps | 49.7 Mbps | 61.44 Mbps,51.2 Mbps,Throughput = Window Size / RTT = (64 * 1024 * 8) / (10 / 1000) = 51.2 Mbps.,rohanmistry231/CSE-Aptitude-Test-Practice-Hub,06 Technical Aptitude (Basic Programming and AIML Concepts)/03 Advance/README.md
computer-fundamentals-advanced-computer-networks-0080,computer-fundamentals,Technical Aptitude (Basic Programming and AIML Concepts),Computer Networks,advanced,What is the purpose of VLAN tagging in Ethernet networks?,Separates VLAN traffic | None of the above | Both Separates VLAN ... and alternative | Insufficient data,Separates VLAN traffic,Adds identifiers to frames to separate traffic on virtual LANs.,rohanmistry231/CSE-Aptitude-Test-Practice-Hub,06 Technical Aptitude (Basic Programming and AIML Concepts)/03 Advance/README.md
computer-fundamentals-advanced-operating-systems-0081,computer-fundamentals,Technical Aptitude (Basic Programming and AIML Concepts),Operating Systems,advanced,What is the difference between spinlock and semaphore in an OS?,"Spinlock: busy-wait, Semaphore: blocking | None of the above | Both Spinlock: busy-... and alternative | Insufficient data","Spinlock: busy-wait, Semaphore: blocking","Spinlock: busy-waits in a loop; Semaphore: blocks threads, supports counting.",rohanmistry231/CSE-Aptitude-Test-Practice-Hub,06 Technical Aptitude (Basic Programming and AIML Concepts)/03 Advance/README.md
computer-fundamentals-advanced-operating-systems-0082,computer-fundamentals,Technical Aptitude (Basic Programming and AIML Concepts),Operating Systems,advanced,What is the role of the TLB (Translation Lookaside Buffer) in virtual memory?,Speeds address translation | None of the above | Both Speeds address ... and alternative | Insufficient data,Speeds address translation,Caches recent virtual-to-physical address translations to speed up access.,rohanmistry231/CSE-Aptitude-Test-Practice-Hub,06 Technical Aptitude (Basic Programming and AIML Concepts)/03 Advance/README.md
computer-fundamentals-advanced-operating-systems-0083,computer-fundamentals,Technical Aptitude (Basic Programming and AIML Concepts),Operating Systems,advanced,What is the Banker’s algorithm used for in an OS?,Deadlock avoidance | None of the above | Both Deadlock avoida... and alternative | Insufficient data,Deadlock avoidance,Prevents deadlock by ensuring safe resource allocation.,rohanmistry231/CSE-Aptitude-Test-Practice-Hub,06 Technical Aptitude (Basic Programming and AIML Concepts)/03 Advance/README.md
computer-fundamentals-advanced-operating-systems-0084,computer-fundamentals,Technical Aptitude (Basic Programming and AIML Concepts),Operating Systems,advanced,What is the difference between user-level and kernel-level threads?,"User-level: app-managed, Kernel-level: OS-managed | None of the above | Both User-level: app... and alternative | Insufficient data","User-level: app-managed, Kernel-level: OS-managed","User-level: managed by application, no kernel involvement; Kernel-level: OS-managed, supports parallelism.",rohanmistry231/CSE-Aptitude-Test-Practice-Hub,06 Technical Aptitude (Basic Programming and AIML Concepts)/03 Advance/README.md
computer-fundamentals-advanced-operating-systems-0085,computer-fundamentals,Technical Aptitude (Basic Programming and AIML Concepts),Operating Systems,advanced,What is the purpose of copy-on-write in memory management?,Optimizes memory usage | None of the above | Both Optimizes memor... and alternative | Insufficient data,Optimizes memory usage,"Delays copying shared memory pages until a write occurs, saving resources.",rohanmistry231/CSE-Aptitude-Test-Practice-Hub,06 Technical Aptitude (Basic Programming and AIML Concepts)/03 Advance/README.md
computer-fundamentals-advanced-operating-systems-0086,computer-fundamentals,Technical Aptitude (Basic Programming and AIML Concepts),Operating Systems,advanced,What is the role of the inverted page table in an OS?,Efficient page mapping | None of the above | Both Efficient page ... and alternative | Insufficient data,Efficient page mapping,"Maps physical pages to virtual pages, reducing memory overhead.",rohanmistry231/CSE-Aptitude-Test-Practice-Hub,06 Technical Aptitude (Basic Programming and AIML Concepts)/03 Advance/README.md
computer-fundamentals-advanced-operating-systems-0087,computer-fundamentals,Technical Aptitude (Basic Programming and AIML Concepts),Operating Systems,advanced,What is the difference between hard and soft real-time systems?,"Hard: critical, Soft: non-critical | None of the above | Both Hard: critical,... and alternative | Insufficient data","Hard: critical, Soft: non-critical","Hard: strict deadlines, failure is critical; Soft: deadlines important but not critical.",rohanmistry231/CSE-Aptitude-Test-Practice-Hub,06 Technical Aptitude (Basic Programming and AIML Concepts)/03 Advance/README.md
computer-fundamentals-advanced-operating-systems-0088,computer-fundamentals,Technical Aptitude (Basic Programming and AIML Concepts),Operating Systems,advanced,What is the purpose of the monitor in process synchronization?,Synchronization construct | None of the above | Both Synchronization... and alternative | Insufficient data,Synchronization construct,Ensures mutual exclusion and provides condition variables for synchronization.,rohanmistry231/CSE-Aptitude-Test-Practice-Hub,06 Technical Aptitude (Basic Programming and AIML Concepts)/03 Advance/README.md
computer-fundamentals-advanced-operating-systems-0089,computer-fundamentals,Technical Aptitude (Basic Programming and AIML Concepts),Operating Systems,advanced,What is the role of the I/O scheduler in an OS?,Optimizes disk I/O | None of the above | Both Optimizes disk ... and alternative | Insufficient data,Optimizes disk I/O,Optimizes disk access by reordering I/O requests.,rohanmistry231/CSE-Aptitude-Test-Practice-Hub,06 Technical Aptitude (Basic Programming and AIML Concepts)/03 Advance/README.md
computer-fundamentals-advanced-operating-systems-0090,computer-fundamentals,Technical Aptitude (Basic Programming and AIML Concepts),Operating Systems,advanced,What is the difference between demand paging and prepaging?,"Demand: on-demand, Prepaging: anticipatory | None of the above | Both Demand: on-dema... and alternative | Insufficient data","Demand: on-demand, Prepaging: anticipatory",Demand paging: loads pages on demand; Prepaging: loads pages in advance to reduce faults.,rohanmistry231/CSE-Aptitude-Test-Practice-Hub,06 Technical Aptitude (Basic Programming and AIML Concepts)/03 Advance/README.md
computer-fundamentals-advanced-ai-ml-foundations-0091,computer-fundamentals,Technical Aptitude (Basic Programming and AIML Concepts),AI/ML Foundations,advanced,What is the difference between L1 and L2 regularization in ML?,"L1: sparsity, L2: smoothness | L3: sparsity, L2: smoothness | L2: sparsity, L2: smoothness | L31: sparsity, L2: smoothness","L1: sparsity, L2: smoothness",L1: adds absolute weights (sparsity); L2: adds squared weights (smoothness).,rohanmistry231/CSE-Aptitude-Test-Practice-Hub,06 Technical Aptitude (Basic Programming and AIML Concepts)/03 Advance/README.md
computer-fundamentals-advanced-ai-ml-foundations-0092,computer-fundamentals,Technical Aptitude (Basic Programming and AIML Concepts),AI/ML Foundations,advanced,What is the purpose of early stopping in neural network training?,Prevents overfitting | None of the above | Both Prevents overfi... and alternative | Insufficient data,Prevents overfitting,Halts training when validation performance stops improving to prevent overfitting.,rohanmistry231/CSE-Aptitude-Test-Practice-Hub,06 Technical Aptitude (Basic Programming and AIML Concepts)/03 Advance/README.md
computer-fundamentals-advanced-ai-ml-foundations-0093,computer-fundamentals,Technical Aptitude (Basic Programming and AIML Concepts),AI/ML Foundations,advanced,What is the role of batch normalization in deep learning?,Stabilizes training | None of the above | Both Stabilizes trai... and alternative | Insufficient data,Stabilizes training,Normalizes layer inputs to stabilize and accelerate training.,rohanmistry231/CSE-Aptitude-Test-Practice-Hub,06 Technical Aptitude (Basic Programming and AIML Concepts)/03 Advance/README.md
computer-fundamentals-advanced-ai-ml-foundations-0094,computer-fundamentals,Technical Aptitude (Basic Programming and AIML Concepts),AI/ML Foundations,advanced,What is the difference between precision and recall in ML evaluation?,"Precision: accuracy, Recall: coverage | None of the above | Both Precision: accu... and alternative | Insufficient data","Precision: accuracy, Recall: coverage",Precision: TP/(TP+FP) (accuracy of positive predictions); Recall: TP/(TP+FN) (coverage of actual positives).,rohanmistry231/CSE-Aptitude-Test-Practice-Hub,06 Technical Aptitude (Basic Programming and AIML Concepts)/03 Advance/README.md
computer-fundamentals-advanced-ai-ml-foundations-0095,computer-fundamentals,Technical Aptitude (Basic Programming and AIML Concepts),AI/ML Foundations,advanced,What is the purpose of dropout in neural networks?,Reduces overfitting | None of the above | Both Reduces overfit... and alternative | Insufficient data,Reduces overfitting,Randomly deactivates neurons during training to prevent overfitting.,rohanmistry231/CSE-Aptitude-Test-Practice-Hub,06 Technical Aptitude (Basic Programming and AIML Concepts)/03 Advance/README.md
computer-fundamentals-advanced-ai-ml-foundations-0096,computer-fundamentals,Technical Aptitude (Basic Programming and AIML Concepts),AI/ML Foundations,advanced,What is the difference between CNN and RNN architectures?,"CNN: spatial, RNN: sequential | None of the above | Both CNN: spatial, R... and alternative | Insufficient data","CNN: spatial, RNN: sequential","CNN: processes spatial data (e.g., images); RNN: processes sequential data (e.g., time series).",rohanmistry231/CSE-Aptitude-Test-Practice-Hub,06 Technical Aptitude (Basic Programming and AIML Concepts)/03 Advance/README.md
computer-fundamentals-advanced-ai-ml-foundations-0097,computer-fundamentals,Technical Aptitude (Basic Programming and AIML Concepts),AI/ML Foundations,advanced,What is the role of the attention mechanism in transformers?,Focuses on relevant inputs | None of the above | Both Focuses on rele... and alternative | Insufficient data,Focuses on relevant inputs,"Weights input elements based on relevance, improving context understanding.",rohanmistry231/CSE-Aptitude-Test-Practice-Hub,06 Technical Aptitude (Basic Programming and AIML Concepts)/03 Advance/README.md
computer-fundamentals-advanced-ai-ml-foundations-0098,computer-fundamentals,Technical Aptitude (Basic Programming and AIML Concepts),AI/ML Foundations,advanced,What is the purpose of the F1 score in ML evaluation?,Balances precision and recall | None of the above | Both Balances precis... and alternative | Insufficient data,Balances precision and recall,"Harmonic mean of precision and recall, balances both metrics.",rohanmistry231/CSE-Aptitude-Test-Practice-Hub,06 Technical Aptitude (Basic Programming and AIML Concepts)/03 Advance/README.md
computer-fundamentals-advanced-ai-ml-foundations-0099,computer-fundamentals,Technical Aptitude (Basic Programming and AIML Concepts),AI/ML Foundations,advanced,What is the difference between generative and discriminative models in ML?,"Generative: joint, Discriminative: conditional | None of the above | Both Generative: joi... and alternative | Insufficient data","Generative: joint, Discriminative: conditional","Generative: models joint probability P(x,y); Discriminative: models conditional P(y|x).",rohanmistry231/CSE-Aptitude-Test-Practice-Hub,06 Technical Aptitude (Basic Programming and AIML Concepts)/03 Advance/README.md
computer-fundamentals-advanced-ai-ml-foundations-0100,computer-fundamentals,Technical Aptitude (Basic Programming and AIML Concepts),AI/ML Foundations,advanced,What is the purpose of transfer learning in deep learning?,Leverages pre-trained models | None of the above | Both Leverages pre-t... and alternative | Insufficient data,Leverages pre-trained models,Uses pre-trained models to improve performance on new tasks with less data.,rohanmistry231/CSE-Aptitude-Test-Practice-Hub,06 Technical Aptitude (Basic Programming and AIML Concepts)/03 Advance/README.md
